{
 "scalefactor": "20",
 "Current Timestamp (milliseconds)": 1706692850356,
 "Benchmark Type": "tpcc",
 "isolation": "TRANSACTION_SERIALIZABLE",
 "DBMS Version": "5.7.44",
 "Goodput (requests/second)": 274.0849608439964,
 "terminals": "16",
 "DBMS Type": "MYSQL",
 "Latency Distribution": {
  "95th Percentile Latency (microseconds)": 176514,
  "Maximum Latency (microseconds)": 900123,
  "Median Latency (microseconds)": 39475,
  "Minimum Latency (microseconds)": 597,
  "25th Percentile Latency (microseconds)": 17766,
  "90th Percentile Latency (microseconds)": 130007,
  "99th Percentile Latency (microseconds)": 293233,
  "75th Percentile Latency (microseconds)": 76242,
  "Average Latency (microseconds)": 58144
 },
 "Throughput (requests/second)": 275.03490871996064
}
