{
 "scalefactor": "20",
 "Current Timestamp (milliseconds)": 1706693009431,
 "Benchmark Type": "tpcc",
 "isolation": "TRANSACTION_SERIALIZABLE",
 "DBMS Version": "5.7.44",
 "Goodput (requests/second)": 234.48306130562585,
 "terminals": "16",
 "DBMS Type": "MYSQL",
 "Latency Distribution": {
  "95th Percentile Latency (microseconds)": 188978,
  "Maximum Latency (microseconds)": 1118359,
  "Median Latency (microseconds)": 49918,
  "Minimum Latency (microseconds)": 586,
  "25th Percentile Latency (microseconds)": 21507,
  "90th Percentile Latency (microseconds)": 147021,
  "99th Percentile Latency (microseconds)": 300915,
  "75th Percentile Latency (microseconds)": 93483,
  "Average Latency (microseconds)": 67899
 },
 "Throughput (requests/second)": 235.46639349817914
}
