{
 "scalefactor": "20",
 "Current Timestamp (milliseconds)": 1706696363663,
 "Benchmark Type": "tpcc",
 "isolation": "TRANSACTION_SERIALIZABLE",
 "DBMS Version": "5.7.44",
 "Goodput (requests/second)": 403.84841809882306,
 "terminals": "16",
 "DBMS Type": "MYSQL",
 "Latency Distribution": {
  "95th Percentile Latency (microseconds)": 103950,
  "Maximum Latency (microseconds)": 562900,
  "Median Latency (microseconds)": 29658,
  "Minimum Latency (microseconds)": 633,
  "25th Percentile Latency (microseconds)": 15140,
  "90th Percentile Latency (microseconds)": 84329,
  "99th Percentile Latency (microseconds)": 147783,
  "75th Percentile Latency (microseconds)": 54797,
  "Average Latency (microseconds)": 39463
 },
 "Throughput (requests/second)": 405.26507921633373
}
