{
 "scalefactor": "20",
 "Current Timestamp (milliseconds)": 1706693479903,
 "Benchmark Type": "tpcc",
 "isolation": "TRANSACTION_SERIALIZABLE",
 "DBMS Version": "5.7.44",
 "Goodput (requests/second)": 233.6831629471498,
 "terminals": "16",
 "DBMS Type": "MYSQL",
 "Latency Distribution": {
  "95th Percentile Latency (microseconds)": 208722,
  "Maximum Latency (microseconds)": 849594,
  "Median Latency (microseconds)": 46854,
  "Minimum Latency (microseconds)": 576,
  "25th Percentile Latency (microseconds)": 17234,
  "90th Percentile Latency (microseconds)": 158440,
  "99th Percentile Latency (microseconds)": 323583,
  "75th Percentile Latency (microseconds)": 94200,
  "Average Latency (microseconds)": 68173
 },
 "Throughput (requests/second)": 234.48316236384355
}
