{
 "scalefactor": "20",
 "Current Timestamp (milliseconds)": 1706692930378,
 "Benchmark Type": "tpcc",
 "isolation": "TRANSACTION_SERIALIZABLE",
 "DBMS Version": "5.7.44",
 "Goodput (requests/second)": 209.79630156743517,
 "terminals": "16",
 "DBMS Type": "MYSQL",
 "Latency Distribution": {
  "95th Percentile Latency (microseconds)": 214135,
  "Maximum Latency (microseconds)": 955873,
  "Median Latency (microseconds)": 54902,
  "Minimum Latency (microseconds)": 638,
  "25th Percentile Latency (microseconds)": 23771,
  "90th Percentile Latency (microseconds)": 165297,
  "99th Percentile Latency (microseconds)": 347032,
  "75th Percentile Latency (microseconds)": 103010,
  "Average Latency (microseconds)": 75790
 },
 "Throughput (requests/second)": 210.64628658331847
}
