{
 "scalefactor": "20",
 "Current Timestamp (milliseconds)": 1706692692236,
 "Benchmark Type": "tpcc",
 "isolation": "TRANSACTION_SERIALIZABLE",
 "DBMS Version": "5.7.44",
 "Goodput (requests/second)": 271.4665185273875,
 "terminals": "16",
 "DBMS Type": "MYSQL",
 "Latency Distribution": {
  "95th Percentile Latency (microseconds)": 175556,
  "Maximum Latency (microseconds)": 668418,
  "Median Latency (microseconds)": 40195,
  "Minimum Latency (microseconds)": 572,
  "25th Percentile Latency (microseconds)": 17603,
  "90th Percentile Latency (microseconds)": 128185,
  "99th Percentile Latency (microseconds)": 305849,
  "75th Percentile Latency (microseconds)": 77170,
  "Average Latency (microseconds)": 58635
 },
 "Throughput (requests/second)": 272.3665180362578
}
