{
 "scalefactor": "20",
 "Current Timestamp (milliseconds)": 1706699100852,
 "Benchmark Type": "tpcc",
 "isolation": "TRANSACTION_SERIALIZABLE",
 "DBMS Version": "5.7.44",
 "Goodput (requests/second)": 671.1499896307326,
 "terminals": "16",
 "DBMS Type": "MYSQL",
 "Latency Distribution": {
  "95th Percentile Latency (microseconds)": 62683,
  "Maximum Latency (microseconds)": 1339798,
  "Median Latency (microseconds)": 16804,
  "Minimum Latency (microseconds)": 512,
  "25th Percentile Latency (microseconds)": 9057,
  "90th Percentile Latency (microseconds)": 44464,
  "99th Percentile Latency (microseconds)": 132568,
  "75th Percentile Latency (microseconds)": 28548,
  "Average Latency (microseconds)": 23724
 },
 "Throughput (requests/second)": 674.0666562523368
}
