{
 "scalefactor": "20",
 "Current Timestamp (milliseconds)": 1706694461730,
 "Benchmark Type": "tpcc",
 "isolation": "TRANSACTION_SERIALIZABLE",
 "DBMS Version": "5.7.44",
 "Goodput (requests/second)": 347.1827562287968,
 "terminals": "16",
 "DBMS Type": "MYSQL",
 "Latency Distribution": {
  "95th Percentile Latency (microseconds)": 125984,
  "Maximum Latency (microseconds)": 421441,
  "Median Latency (microseconds)": 34633,
  "Minimum Latency (microseconds)": 710,
  "25th Percentile Latency (microseconds)": 18159,
  "90th Percentile Latency (microseconds)": 97904,
  "99th Percentile Latency (microseconds)": 188549,
  "75th Percentile Latency (microseconds)": 61682,
  "Average Latency (microseconds)": 45910
 },
 "Throughput (requests/second)": 348.28275440032485
}
