{
 "scalefactor": "20",
 "Current Timestamp (milliseconds)": 1706695887016,
 "Benchmark Type": "tpcc",
 "isolation": "TRANSACTION_SERIALIZABLE",
 "DBMS Version": "5.7.44",
 "Goodput (requests/second)": 313.5330402269707,
 "terminals": "16",
 "DBMS Type": "MYSQL",
 "Latency Distribution": {
  "95th Percentile Latency (microseconds)": 140532,
  "Maximum Latency (microseconds)": 654351,
  "Median Latency (microseconds)": 37714,
  "Minimum Latency (microseconds)": 506,
  "25th Percentile Latency (microseconds)": 16727,
  "90th Percentile Latency (microseconds)": 108066,
  "99th Percentile Latency (microseconds)": 232322,
  "75th Percentile Latency (microseconds)": 69086,
  "Average Latency (microseconds)": 50794
 },
 "Throughput (requests/second)": 314.81637236058094
}
