{
 "scalefactor": "20",
 "Current Timestamp (milliseconds)": 1706693903175,
 "Benchmark Type": "tpcc",
 "isolation": "TRANSACTION_SERIALIZABLE",
 "DBMS Version": "5.7.44",
 "Goodput (requests/second)": 299.41646042860873,
 "terminals": "16",
 "DBMS Type": "MYSQL",
 "Latency Distribution": {
  "95th Percentile Latency (microseconds)": 149346,
  "Maximum Latency (microseconds)": 619874,
  "Median Latency (microseconds)": 38298,
  "Minimum Latency (microseconds)": 622,
  "25th Percentile Latency (microseconds)": 17557,
  "90th Percentile Latency (microseconds)": 113015,
  "99th Percentile Latency (microseconds)": 254139,
  "75th Percentile Latency (microseconds)": 71150,
  "Average Latency (microseconds)": 53201
 },
 "Throughput (requests/second)": 300.46645970536923
}
