{
 "scalefactor": "20",
 "Current Timestamp (milliseconds)": 1706698868092,
 "Benchmark Type": "tpcc",
 "isolation": "TRANSACTION_SERIALIZABLE",
 "DBMS Version": "5.7.44",
 "Goodput (requests/second)": 801.4829130624098,
 "terminals": "16",
 "DBMS Type": "MYSQL",
 "Latency Distribution": {
  "95th Percentile Latency (microseconds)": 57549,
  "Maximum Latency (microseconds)": 329461,
  "Median Latency (microseconds)": 13736,
  "Minimum Latency (microseconds)": 613,
  "25th Percentile Latency (microseconds)": 7741,
  "90th Percentile Latency (microseconds)": 39769,
  "99th Percentile Latency (microseconds)": 107347,
  "75th Percentile Latency (microseconds)": 23969,
  "Average Latency (microseconds)": 19857
 },
 "Throughput (requests/second)": 805.2995777277448
}
