{
 "scalefactor": "20",
 "Current Timestamp (milliseconds)": 1706693648946,
 "Benchmark Type": "tpcc",
 "isolation": "TRANSACTION_SERIALIZABLE",
 "DBMS Version": "5.7.44",
 "Goodput (requests/second)": 304.3830726292316,
 "terminals": "16",
 "DBMS Type": "MYSQL",
 "Latency Distribution": {
  "95th Percentile Latency (microseconds)": 147432,
  "Maximum Latency (microseconds)": 955942,
  "Median Latency (microseconds)": 36725,
  "Minimum Latency (microseconds)": 520,
  "25th Percentile Latency (microseconds)": 16539,
  "90th Percentile Latency (microseconds)": 110015,
  "99th Percentile Latency (microseconds)": 284946,
  "75th Percentile Latency (microseconds)": 68464,
  "Average Latency (microseconds)": 52345
 },
 "Throughput (requests/second)": 305.4997383394741
}
