{
 "scalefactor": "20",
 "Current Timestamp (milliseconds)": 1706692066820,
 "Benchmark Type": "tpcc",
 "isolation": "TRANSACTION_SERIALIZABLE",
 "DBMS Version": "5.7.44",
 "Goodput (requests/second)": 286.5664983518339,
 "terminals": "16",
 "DBMS Type": "MYSQL",
 "Latency Distribution": {
  "95th Percentile Latency (microseconds)": 152594,
  "Maximum Latency (microseconds)": 667256,
  "Median Latency (microseconds)": 42122,
  "Minimum Latency (microseconds)": 467,
  "25th Percentile Latency (microseconds)": 17584,
  "90th Percentile Latency (microseconds)": 120192,
  "99th Percentile Latency (microseconds)": 240413,
  "75th Percentile Latency (microseconds)": 77713,
  "Average Latency (microseconds)": 55586
 },
 "Throughput (requests/second)": 287.6498310488717
}
