{
 "scalefactor": "20",
 "Current Timestamp (milliseconds)": 1706699485463,
 "Benchmark Type": "tpcc",
 "isolation": "TRANSACTION_SERIALIZABLE",
 "DBMS Version": "5.7.44",
 "Goodput (requests/second)": 442.79948047812957,
 "terminals": "16",
 "DBMS Type": "MYSQL",
 "Latency Distribution": {
  "95th Percentile Latency (microseconds)": 100725,
  "Maximum Latency (microseconds)": 426411,
  "Median Latency (microseconds)": 25502,
  "Minimum Latency (microseconds)": 649,
  "25th Percentile Latency (microseconds)": 12752,
  "90th Percentile Latency (microseconds)": 80661,
  "99th Percentile Latency (microseconds)": 151969,
  "75th Percentile Latency (microseconds)": 48074,
  "Average Latency (microseconds)": 35986
 },
 "Throughput (requests/second)": 444.3661453066806
}
