{
 "scalefactor": "20",
 "Current Timestamp (milliseconds)": 1706695422223,
 "Benchmark Type": "tpcc",
 "isolation": "TRANSACTION_SERIALIZABLE",
 "DBMS Version": "5.7.44",
 "Goodput (requests/second)": 83.89986986291186,
 "terminals": "16",
 "DBMS Type": "MYSQL",
 "Latency Distribution": {
  "95th Percentile Latency (microseconds)": 537848,
  "Maximum Latency (microseconds)": 2030614,
  "Median Latency (microseconds)": 134455,
  "Minimum Latency (microseconds)": 714,
  "25th Percentile Latency (microseconds)": 58627,
  "90th Percentile Latency (microseconds)": 424617,
  "99th Percentile Latency (microseconds)": 934325,
  "75th Percentile Latency (microseconds)": 259423,
  "Average Latency (microseconds)": 189500
 },
 "Throughput (requests/second)": 84.13320283432242
}
