{
 "scalefactor": "20",
 "Current Timestamp (milliseconds)": 1706696203442,
 "Benchmark Type": "tpcc",
 "isolation": "TRANSACTION_SERIALIZABLE",
 "DBMS Version": "5.7.44",
 "Goodput (requests/second)": 97.46656525108108,
 "terminals": "16",
 "DBMS Type": "MYSQL",
 "Latency Distribution": {
  "95th Percentile Latency (microseconds)": 496116,
  "Maximum Latency (microseconds)": 1616127,
  "Median Latency (microseconds)": 113171,
  "Minimum Latency (microseconds)": 646,
  "25th Percentile Latency (microseconds)": 45627,
  "90th Percentile Latency (microseconds)": 379297,
  "99th Percentile Latency (microseconds)": 773577,
  "75th Percentile Latency (microseconds)": 229743,
  "Average Latency (microseconds)": 163375
 },
 "Throughput (requests/second)": 97.69989834162745
}
