{
 "scalefactor": "20",
 "Current Timestamp (milliseconds)": 1706692222822,
 "Benchmark Type": "tpcc",
 "isolation": "TRANSACTION_SERIALIZABLE",
 "DBMS Version": "5.7.44",
 "Goodput (requests/second)": 291.1995765666957,
 "terminals": "16",
 "DBMS Type": "MYSQL",
 "Latency Distribution": {
  "95th Percentile Latency (microseconds)": 148695,
  "Maximum Latency (microseconds)": 434315,
  "Median Latency (microseconds)": 42673,
  "Minimum Latency (microseconds)": 511,
  "25th Percentile Latency (microseconds)": 17278,
  "90th Percentile Latency (microseconds)": 119366,
  "99th Percentile Latency (microseconds)": 218386,
  "75th Percentile Latency (microseconds)": 77977,
  "Average Latency (microseconds)": 54715
 },
 "Throughput (requests/second)": 292.132908542871
}
