{
 "scalefactor": "20",
 "Current Timestamp (milliseconds)": 1706698946370,
 "Benchmark Type": "tpcc",
 "isolation": "TRANSACTION_SERIALIZABLE",
 "DBMS Version": "5.7.44",
 "Goodput (requests/second)": 809.2820575810978,
 "terminals": "16",
 "DBMS Type": "MYSQL",
 "Latency Distribution": {
  "95th Percentile Latency (microseconds)": 53411,
  "Maximum Latency (microseconds)": 303142,
  "Median Latency (microseconds)": 14147,
  "Minimum Latency (microseconds)": 610,
  "25th Percentile Latency (microseconds)": 7983,
  "90th Percentile Latency (microseconds)": 38439,
  "99th Percentile Latency (microseconds)": 105830,
  "75th Percentile Latency (microseconds)": 23972,
  "Average Latency (microseconds)": 19685
 },
 "Throughput (requests/second)": 812.2820528519053
}
