{
 "scalefactor": "20",
 "Current Timestamp (milliseconds)": 1706696125314,
 "Benchmark Type": "tpcc",
 "isolation": "TRANSACTION_SERIALIZABLE",
 "DBMS Version": "5.7.44",
 "Goodput (requests/second)": 95.8998962858605,
 "terminals": "16",
 "DBMS Type": "MYSQL",
 "Latency Distribution": {
  "95th Percentile Latency (microseconds)": 499097,
  "Maximum Latency (microseconds)": 1930055,
  "Median Latency (microseconds)": 117108,
  "Minimum Latency (microseconds)": 795,
  "25th Percentile Latency (microseconds)": 44079,
  "90th Percentile Latency (microseconds)": 378900,
  "99th Percentile Latency (microseconds)": 789770,
  "75th Percentile Latency (microseconds)": 227564,
  "Average Latency (microseconds)": 166134
 },
 "Throughput (requests/second)": 96.06656277228014
}
