{
 "scalefactor": "20",
 "Current Timestamp (milliseconds)": 1706696667323,
 "Benchmark Type": "tpcc",
 "isolation": "TRANSACTION_SERIALIZABLE",
 "DBMS Version": "5.7.44",
 "Goodput (requests/second)": 453.0330670178449,
 "terminals": "16",
 "DBMS Type": "MYSQL",
 "Latency Distribution": {
  "95th Percentile Latency (microseconds)": 93216,
  "Maximum Latency (microseconds)": 608278,
  "Median Latency (microseconds)": 26359,
  "Minimum Latency (microseconds)": 681,
  "25th Percentile Latency (microseconds)": 13681,
  "90th Percentile Latency (microseconds)": 73447,
  "99th Percentile Latency (microseconds)": 142559,
  "75th Percentile Latency (microseconds)": 46833,
  "Average Latency (microseconds)": 35168
 },
 "Throughput (requests/second)": 454.6830660478929
}
