{
 "scalefactor": "20",
 "Current Timestamp (milliseconds)": 1706697989392,
 "Benchmark Type": "tpcc",
 "isolation": "TRANSACTION_SERIALIZABLE",
 "DBMS Version": "5.7.44",
 "Goodput (requests/second)": 290.4165202289766,
 "terminals": "16",
 "DBMS Type": "MYSQL",
 "Latency Distribution": {
  "95th Percentile Latency (microseconds)": 152351,
  "Maximum Latency (microseconds)": 541566,
  "Median Latency (microseconds)": 40351,
  "Minimum Latency (microseconds)": 561,
  "25th Percentile Latency (microseconds)": 17380,
  "90th Percentile Latency (microseconds)": 120803,
  "99th Percentile Latency (microseconds)": 234586,
  "75th Percentile Latency (microseconds)": 75945,
  "Average Latency (microseconds)": 54932
 },
 "Throughput (requests/second)": 291.13318653427626
}
