{
 "scalefactor": "20",
 "Current Timestamp (milliseconds)": 1706691992680,
 "Benchmark Type": "tpcc",
 "isolation": "TRANSACTION_SERIALIZABLE",
 "DBMS Version": "5.7.44",
 "Goodput (requests/second)": 159.31644090730407,
 "terminals": "16",
 "DBMS Type": "MYSQL",
 "Latency Distribution": {
  "95th Percentile Latency (microseconds)": 314922,
  "Maximum Latency (microseconds)": 3821399,
  "Median Latency (microseconds)": 59950,
  "Minimum Latency (microseconds)": 754,
  "25th Percentile Latency (microseconds)": 29590,
  "90th Percentile Latency (microseconds)": 190922,
  "99th Percentile Latency (microseconds)": 744102,
  "75th Percentile Latency (microseconds)": 113600,
  "Average Latency (microseconds)": 100025
 },
 "Throughput (requests/second)": 159.8664401279277
}
