{
 "scalefactor": "20",
 "Current Timestamp (milliseconds)": 1706692375897,
 "Benchmark Type": "tpcc",
 "isolation": "TRANSACTION_SERIALIZABLE",
 "DBMS Version": "5.7.44",
 "Goodput (requests/second)": 224.26630002116832,
 "terminals": "16",
 "DBMS Type": "MYSQL",
 "Latency Distribution": {
  "95th Percentile Latency (microseconds)": 211206,
  "Maximum Latency (microseconds)": 1099834,
  "Median Latency (microseconds)": 47930,
  "Minimum Latency (microseconds)": 562,
  "25th Percentile Latency (microseconds)": 18884,
  "90th Percentile Latency (microseconds)": 158471,
  "99th Percentile Latency (microseconds)": 400696,
  "75th Percentile Latency (microseconds)": 95316,
  "Average Latency (microseconds)": 71013
 },
 "Throughput (requests/second)": 225.03296543443923
}
