{
 "scalefactor": "20",
 "Current Timestamp (milliseconds)": 1706693319796,
 "Benchmark Type": "tpcc",
 "isolation": "TRANSACTION_SERIALIZABLE",
 "DBMS Version": "5.7.44",
 "Goodput (requests/second)": 393.08295558061303,
 "terminals": "16",
 "DBMS Type": "MYSQL",
 "Latency Distribution": {
  "95th Percentile Latency (microseconds)": 114808,
  "Maximum Latency (microseconds)": 387280,
  "Median Latency (microseconds)": 29363,
  "Minimum Latency (microseconds)": 628,
  "25th Percentile Latency (microseconds)": 14071,
  "90th Percentile Latency (microseconds)": 90270,
  "99th Percentile Latency (microseconds)": 175166,
  "75th Percentile Latency (microseconds)": 54862,
  "Average Latency (microseconds)": 40558
 },
 "Throughput (requests/second)": 394.2829544274141
}
