{
 "scalefactor": "20",
 "Current Timestamp (milliseconds)": 1706692614154,
 "Benchmark Type": "tpcc",
 "isolation": "TRANSACTION_SERIALIZABLE",
 "DBMS Version": "5.7.44",
 "Goodput (requests/second)": 231.1664137590517,
 "terminals": "16",
 "DBMS Type": "MYSQL",
 "Latency Distribution": {
  "95th Percentile Latency (microseconds)": 213123,
  "Maximum Latency (microseconds)": 891257,
  "Median Latency (microseconds)": 45957,
  "Minimum Latency (microseconds)": 503,
  "25th Percentile Latency (microseconds)": 18671,
  "90th Percentile Latency (microseconds)": 156521,
  "99th Percentile Latency (microseconds)": 364759,
  "75th Percentile Latency (microseconds)": 90176,
  "Average Latency (microseconds)": 68941
 },
 "Throughput (requests/second)": 231.83307969635248
}
