{
 "scalefactor": "20",
 "Current Timestamp (milliseconds)": 1706698300716,
 "Benchmark Type": "tpcc",
 "isolation": "TRANSACTION_SERIALIZABLE",
 "DBMS Version": "5.7.44",
 "Goodput (requests/second)": 379.59976657145023,
 "terminals": "16",
 "DBMS Type": "MYSQL",
 "Latency Distribution": {
  "95th Percentile Latency (microseconds)": 115567,
  "Maximum Latency (microseconds)": 629569,
  "Median Latency (microseconds)": 31133,
  "Minimum Latency (microseconds)": 521,
  "25th Percentile Latency (microseconds)": 13701,
  "90th Percentile Latency (microseconds)": 89444,
  "99th Percentile Latency (microseconds)": 186265,
  "75th Percentile Latency (microseconds)": 57052,
  "Average Latency (microseconds)": 41988
 },
 "Throughput (requests/second)": 380.849765802784
}
