{
 "scalefactor": "20",
 "Current Timestamp (milliseconds)": 1706692771279,
 "Benchmark Type": "tpcc",
 "isolation": "TRANSACTION_SERIALIZABLE",
 "DBMS Version": "5.7.44",
 "Goodput (requests/second)": 272.39990293029456,
 "terminals": "16",
 "DBMS Type": "MYSQL",
 "Latency Distribution": {
  "95th Percentile Latency (microseconds)": 172955,
  "Maximum Latency (microseconds)": 675487,
  "Median Latency (microseconds)": 41103,
  "Minimum Latency (microseconds)": 548,
  "25th Percentile Latency (microseconds)": 17493,
  "90th Percentile Latency (microseconds)": 129787,
  "99th Percentile Latency (microseconds)": 282905,
  "75th Percentile Latency (microseconds)": 78417,
  "Average Latency (microseconds)": 58487
 },
 "Throughput (requests/second)": 273.31656927030724
}
