{
 "scalefactor": "20",
 "Current Timestamp (milliseconds)": 1706699635689,
 "Benchmark Type": "tpcc",
 "isolation": "TRANSACTION_SERIALIZABLE",
 "DBMS Version": "5.7.44",
 "Goodput (requests/second)": 385.03323790926254,
 "terminals": "16",
 "DBMS Type": "MYSQL",
 "Latency Distribution": {
  "95th Percentile Latency (microseconds)": 113059,
  "Maximum Latency (microseconds)": 434942,
  "Median Latency (microseconds)": 30423,
  "Minimum Latency (microseconds)": 751,
  "25th Percentile Latency (microseconds)": 14997,
  "90th Percentile Latency (microseconds)": 89381,
  "99th Percentile Latency (microseconds)": 162341,
  "75th Percentile Latency (microseconds)": 57137,
  "Average Latency (microseconds)": 41339
 },
 "Throughput (requests/second)": 386.61657085019317
}
