{
 "scalefactor": "20",
 "Current Timestamp (milliseconds)": 1706697519363,
 "Benchmark Type": "tpcc",
 "isolation": "TRANSACTION_SERIALIZABLE",
 "DBMS Version": "5.7.44",
 "Goodput (requests/second)": 569.6994698281784,
 "terminals": "16",
 "DBMS Type": "MYSQL",
 "Latency Distribution": {
  "95th Percentile Latency (microseconds)": 77005,
  "Maximum Latency (microseconds)": 556269,
  "Median Latency (microseconds)": 20180,
  "Minimum Latency (microseconds)": 592,
  "25th Percentile Latency (microseconds)": 10114,
  "90th Percentile Latency (microseconds)": 57128,
  "99th Percentile Latency (microseconds)": 131590,
  "75th Percentile Latency (microseconds)": 35816,
  "Average Latency (microseconds)": 27964
 },
 "Throughput (requests/second)": 571.832801176198
}
