{
 "scalefactor": "20",
 "Current Timestamp (milliseconds)": 1706694227676,
 "Benchmark Type": "tpcc",
 "isolation": "TRANSACTION_SERIALIZABLE",
 "DBMS Version": "5.7.44",
 "Goodput (requests/second)": 106.23329968393567,
 "terminals": "16",
 "DBMS Type": "MYSQL",
 "Latency Distribution": {
  "95th Percentile Latency (microseconds)": 419310,
  "Maximum Latency (microseconds)": 1686774,
  "Median Latency (microseconds)": 109268,
  "Minimum Latency (microseconds)": 854,
  "25th Percentile Latency (microseconds)": 50217,
  "90th Percentile Latency (microseconds)": 324740,
  "99th Percentile Latency (microseconds)": 699887,
  "75th Percentile Latency (microseconds)": 207026,
  "Average Latency (microseconds)": 149828
 },
 "Throughput (requests/second)": 106.54996625029818
}
