{
 "scalefactor": "20",
 "Current Timestamp (milliseconds)": 1706695007614,
 "Benchmark Type": "tpcc",
 "isolation": "TRANSACTION_SERIALIZABLE",
 "DBMS Version": "5.7.44",
 "Goodput (requests/second)": 216.14970009229114,
 "terminals": "16",
 "DBMS Type": "MYSQL",
 "Latency Distribution": {
  "95th Percentile Latency (microseconds)": 220249,
  "Maximum Latency (microseconds)": 846080,
  "Median Latency (microseconds)": 51858,
  "Minimum Latency (microseconds)": 468,
  "25th Percentile Latency (microseconds)": 20314,
  "90th Percentile Latency (microseconds)": 168928,
  "99th Percentile Latency (microseconds)": 347526,
  "75th Percentile Latency (microseconds)": 102435,
  "Average Latency (microseconds)": 73632
 },
 "Throughput (requests/second)": 217.08303213062624
}
