{
 "scalefactor": "20",
 "Current Timestamp (milliseconds)": 1706698068489,
 "Benchmark Type": "tpcc",
 "isolation": "TRANSACTION_SERIALIZABLE",
 "DBMS Version": "5.7.44",
 "Goodput (requests/second)": 289.7497676061989,
 "terminals": "16",
 "DBMS Type": "MYSQL",
 "Latency Distribution": {
  "95th Percentile Latency (microseconds)": 151380,
  "Maximum Latency (microseconds)": 474108,
  "Median Latency (microseconds)": 41336,
  "Minimum Latency (microseconds)": 593,
  "25th Percentile Latency (microseconds)": 17454,
  "90th Percentile Latency (microseconds)": 121341,
  "99th Percentile Latency (microseconds)": 224195,
  "75th Percentile Latency (microseconds)": 76119,
  "Average Latency (microseconds)": 54724
 },
 "Throughput (requests/second)": 290.79976676404704
}
