{
 "scalefactor": "20",
 "Current Timestamp (milliseconds)": 1706698146671,
 "Benchmark Type": "tpcc",
 "isolation": "TRANSACTION_SERIALIZABLE",
 "DBMS Version": "5.7.44",
 "Goodput (requests/second)": 399.1161345317764,
 "terminals": "16",
 "DBMS Type": "MYSQL",
 "Latency Distribution": {
  "95th Percentile Latency (microseconds)": 110253,
  "Maximum Latency (microseconds)": 537962,
  "Median Latency (microseconds)": 29940,
  "Minimum Latency (microseconds)": 554,
  "25th Percentile Latency (microseconds)": 13230,
  "90th Percentile Latency (microseconds)": 86576,
  "99th Percentile Latency (microseconds)": 165871,
  "75th Percentile Latency (microseconds)": 54801,
  "Average Latency (microseconds)": 39891
 },
 "Throughput (requests/second)": 400.8494655540884
}
