{
 "scalefactor": "20",
 "Current Timestamp (milliseconds)": 1706695967127,
 "Benchmark Type": "tpcc",
 "isolation": "TRANSACTION_SERIALIZABLE",
 "DBMS Version": "5.7.44",
 "Goodput (requests/second)": 295.9164270434079,
 "terminals": "16",
 "DBMS Type": "MYSQL",
 "Latency Distribution": {
  "95th Percentile Latency (microseconds)": 148022,
  "Maximum Latency (microseconds)": 1217972,
  "Median Latency (microseconds)": 37994,
  "Minimum Latency (microseconds)": 589,
  "25th Percentile Latency (microseconds)": 16979,
  "90th Percentile Latency (microseconds)": 111296,
  "99th Percentile Latency (microseconds)": 267477,
  "75th Percentile Latency (microseconds)": 69285,
  "Average Latency (microseconds)": 53792
 },
 "Throughput (requests/second)": 297.19975933754154
}
