{
 "scalefactor": "20",
 "Current Timestamp (milliseconds)": 1706695083634,
 "Benchmark Type": "tpcc",
 "isolation": "TRANSACTION_SERIALIZABLE",
 "DBMS Version": "5.7.44",
 "Goodput (requests/second)": 295.2997150603833,
 "terminals": "16",
 "DBMS Type": "MYSQL",
 "Latency Distribution": {
  "95th Percentile Latency (microseconds)": 162404,
  "Maximum Latency (microseconds)": 1947541,
  "Median Latency (microseconds)": 35257,
  "Minimum Latency (microseconds)": 661,
  "25th Percentile Latency (microseconds)": 16745,
  "90th Percentile Latency (microseconds)": 117078,
  "99th Percentile Latency (microseconds)": 297626,
  "75th Percentile Latency (microseconds)": 66700,
  "Average Latency (microseconds)": 53978
 },
 "Throughput (requests/second)": 296.266380794298
}
