{
 "scalefactor": "20",
 "Current Timestamp (milliseconds)": 1706694779478,
 "Benchmark Type": "tpcc",
 "isolation": "TRANSACTION_SERIALIZABLE",
 "DBMS Version": "5.7.44",
 "Goodput (requests/second)": 438.6663482095201,
 "terminals": "16",
 "DBMS Type": "MYSQL",
 "Latency Distribution": {
  "95th Percentile Latency (microseconds)": 97076,
  "Maximum Latency (microseconds)": 799808,
  "Median Latency (microseconds)": 26580,
  "Minimum Latency (microseconds)": 688,
  "25th Percentile Latency (microseconds)": 13788,
  "90th Percentile Latency (microseconds)": 76874,
  "99th Percentile Latency (microseconds)": 143979,
  "75th Percentile Latency (microseconds)": 48596,
  "Average Latency (microseconds)": 36239
 },
 "Throughput (requests/second)": 440.4830135573483
}
