{
 "scalefactor": "20",
 "Current Timestamp (milliseconds)": 1706692455978,
 "Benchmark Type": "tpcc",
 "isolation": "TRANSACTION_SERIALIZABLE",
 "DBMS Version": "5.7.44",
 "Goodput (requests/second)": 231.9999392044159,
 "terminals": "16",
 "DBMS Type": "MYSQL",
 "Latency Distribution": {
  "95th Percentile Latency (microseconds)": 217525,
  "Maximum Latency (microseconds)": 976441,
  "Median Latency (microseconds)": 45119,
  "Minimum Latency (microseconds)": 540,
  "25th Percentile Latency (microseconds)": 18029,
  "90th Percentile Latency (microseconds)": 158040,
  "99th Percentile Latency (microseconds)": 365858,
  "75th Percentile Latency (microseconds)": 90138,
  "Average Latency (microseconds)": 68722
 },
 "Throughput (requests/second)": 232.68327235868182
}
