{
 "scalefactor": "20",
 "Current Timestamp (milliseconds)": 1706697911349,
 "Benchmark Type": "tpcc",
 "isolation": "TRANSACTION_SERIALIZABLE",
 "DBMS Version": "5.7.44",
 "Goodput (requests/second)": 287.99980156333675,
 "terminals": "16",
 "DBMS Type": "MYSQL",
 "Latency Distribution": {
  "95th Percentile Latency (microseconds)": 155871,
  "Maximum Latency (microseconds)": 640849,
  "Median Latency (microseconds)": 40830,
  "Minimum Latency (microseconds)": 620,
  "25th Percentile Latency (microseconds)": 16703,
  "90th Percentile Latency (microseconds)": 123644,
  "99th Percentile Latency (microseconds)": 228131,
  "75th Percentile Latency (microseconds)": 77884,
  "Average Latency (microseconds)": 55313
 },
 "Throughput (requests/second)": 288.98313421913747
}
