{
 "scalefactor": "20",
 "Current Timestamp (milliseconds)": 1706697045056,
 "Benchmark Type": "tpcc",
 "isolation": "TRANSACTION_SERIALIZABLE",
 "DBMS Version": "5.7.44",
 "Goodput (requests/second)": 320.74988191058515,
 "terminals": "16",
 "DBMS Type": "MYSQL",
 "Latency Distribution": {
  "95th Percentile Latency (microseconds)": 130090,
  "Maximum Latency (microseconds)": 420604,
  "Median Latency (microseconds)": 37822,
  "Minimum Latency (microseconds)": 691,
  "25th Percentile Latency (microseconds)": 18431,
  "90th Percentile Latency (microseconds)": 105028,
  "99th Percentile Latency (microseconds)": 190787,
  "75th Percentile Latency (microseconds)": 69712,
  "Average Latency (microseconds)": 49643
 },
 "Throughput (requests/second)": 322.0832147530298
}
