{
 "scalefactor": "20",
 "Current Timestamp (milliseconds)": 1706699178996,
 "Benchmark Type": "tpcc",
 "isolation": "TRANSACTION_SERIALIZABLE",
 "DBMS Version": "5.7.44",
 "Goodput (requests/second)": 683.1496188252844,
 "terminals": "16",
 "DBMS Type": "MYSQL",
 "Latency Distribution": {
  "95th Percentile Latency (microseconds)": 62371,
  "Maximum Latency (microseconds)": 482158,
  "Median Latency (microseconds)": 16974,
  "Minimum Latency (microseconds)": 478,
  "25th Percentile Latency (microseconds)": 9054,
  "90th Percentile Latency (microseconds)": 45691,
  "99th Percentile Latency (microseconds)": 117724,
  "75th Percentile Latency (microseconds)": 28893,
  "Average Latency (microseconds)": 23313
 },
 "Throughput (requests/second)": 685.9496172629786
}
