{
 "scalefactor": "20",
 "Current Timestamp (milliseconds)": 1706699560551,
 "Benchmark Type": "tpcc",
 "isolation": "TRANSACTION_SERIALIZABLE",
 "DBMS Version": "5.7.44",
 "Goodput (requests/second)": 378.4661633382083,
 "terminals": "16",
 "DBMS Type": "MYSQL",
 "Latency Distribution": {
  "95th Percentile Latency (microseconds)": 114063,
  "Maximum Latency (microseconds)": 490203,
  "Median Latency (microseconds)": 30768,
  "Minimum Latency (microseconds)": 707,
  "25th Percentile Latency (microseconds)": 14972,
  "90th Percentile Latency (microseconds)": 91989,
  "99th Percentile Latency (microseconds)": 166366,
  "75th Percentile Latency (microseconds)": 57791,
  "Average Latency (microseconds)": 42122
 },
 "Throughput (requests/second)": 379.61616180880617
}
