{
 "scalefactor": "20",
 "Current Timestamp (milliseconds)": 1706699335190,
 "Benchmark Type": "tpcc",
 "isolation": "TRANSACTION_SERIALIZABLE",
 "DBMS Version": "5.7.44",
 "Goodput (requests/second)": 378.3495464219521,
 "terminals": "16",
 "DBMS Type": "MYSQL",
 "Latency Distribution": {
  "95th Percentile Latency (microseconds)": 118754,
  "Maximum Latency (microseconds)": 564846,
  "Median Latency (microseconds)": 29812,
  "Minimum Latency (microseconds)": 717,
  "25th Percentile Latency (microseconds)": 14203,
  "90th Percentile Latency (microseconds)": 92465,
  "99th Percentile Latency (microseconds)": 194956,
  "75th Percentile Latency (microseconds)": 55604,
  "Average Latency (microseconds)": 42119
 },
 "Throughput (requests/second)": 379.66621151015676
}
