{
 "scalefactor": "20",
 "Current Timestamp (milliseconds)": 1706696893590,
 "Benchmark Type": "tpcc",
 "isolation": "TRANSACTION_SERIALIZABLE",
 "DBMS Version": "5.7.44",
 "Goodput (requests/second)": 379.34950013748613,
 "terminals": "16",
 "DBMS Type": "MYSQL",
 "Latency Distribution": {
  "95th Percentile Latency (microseconds)": 109513,
  "Maximum Latency (microseconds)": 413423,
  "Median Latency (microseconds)": 32702,
  "Minimum Latency (microseconds)": 698,
  "25th Percentile Latency (microseconds)": 16133,
  "90th Percentile Latency (microseconds)": 88332,
  "99th Percentile Latency (microseconds)": 162816,
  "75th Percentile Latency (microseconds)": 57619,
  "Average Latency (microseconds)": 42016
 },
 "Throughput (requests/second)": 380.6161651350895
}
