{
 "scalefactor": "20",
 "Current Timestamp (milliseconds)": 1706692535019,
 "Benchmark Type": "tpcc",
 "isolation": "TRANSACTION_SERIALIZABLE",
 "DBMS Version": "5.7.44",
 "Goodput (requests/second)": 230.11657742745794,
 "terminals": "16",
 "DBMS Type": "MYSQL",
 "Latency Distribution": {
  "95th Percentile Latency (microseconds)": 207764,
  "Maximum Latency (microseconds)": 1075921,
  "Median Latency (microseconds)": 46104,
  "Minimum Latency (microseconds)": 545,
  "25th Percentile Latency (microseconds)": 19478,
  "90th Percentile Latency (microseconds)": 157459,
  "99th Percentile Latency (microseconds)": 361127,
  "75th Percentile Latency (microseconds)": 92366,
  "Average Latency (microseconds)": 69229
 },
 "Throughput (requests/second)": 230.86657713660804
}
