{
 "scalefactor": "20",
 "Current Timestamp (milliseconds)": 1706696516001,
 "Benchmark Type": "tpcc",
 "isolation": "TRANSACTION_SERIALIZABLE",
 "DBMS Version": "5.7.44",
 "Goodput (requests/second)": 457.93284133028857,
 "terminals": "16",
 "DBMS Type": "MYSQL",
 "Latency Distribution": {
  "95th Percentile Latency (microseconds)": 91065,
  "Maximum Latency (microseconds)": 517232,
  "Median Latency (microseconds)": 26770,
  "Minimum Latency (microseconds)": 669,
  "25th Percentile Latency (microseconds)": 13965,
  "90th Percentile Latency (microseconds)": 71519,
  "99th Percentile Latency (microseconds)": 141096,
  "75th Percentile Latency (microseconds)": 46247,
  "Average Latency (microseconds)": 34775
 },
 "Throughput (requests/second)": 459.5995062062905
}
