{
 "scalefactor": "20",
 "Current Timestamp (milliseconds)": 1706697357405,
 "Benchmark Type": "tpcc",
 "isolation": "TRANSACTION_SERIALIZABLE",
 "DBMS Version": "5.7.44",
 "Goodput (requests/second)": 593.4656798816075,
 "terminals": "16",
 "DBMS Type": "MYSQL",
 "Latency Distribution": {
  "95th Percentile Latency (microseconds)": 79730,
  "Maximum Latency (microseconds)": 550520,
  "Median Latency (microseconds)": 18755,
  "Minimum Latency (microseconds)": 592,
  "25th Percentile Latency (microseconds)": 9387,
  "90th Percentile Latency (microseconds)": 58064,
  "99th Percentile Latency (microseconds)": 131297,
  "75th Percentile Latency (microseconds)": 33910,
  "Average Latency (microseconds)": 26842
 },
 "Throughput (requests/second)": 595.7656760572888
}
