{
 "scalefactor": "20",
 "Current Timestamp (milliseconds)": 1706694301735,
 "Benchmark Type": "tpcc",
 "isolation": "TRANSACTION_SERIALIZABLE",
 "DBMS Version": "5.7.44",
 "Goodput (requests/second)": 107.23330987783402,
 "terminals": "16",
 "DBMS Type": "MYSQL",
 "Latency Distribution": {
  "95th Percentile Latency (microseconds)": 424285,
  "Maximum Latency (microseconds)": 1314559,
  "Median Latency (microseconds)": 105321,
  "Minimum Latency (microseconds)": 810,
  "25th Percentile Latency (microseconds)": 47653,
  "90th Percentile Latency (microseconds)": 324261,
  "99th Percentile Latency (microseconds)": 725663,
  "75th Percentile Latency (microseconds)": 202217,
  "Average Latency (microseconds)": 148601
 },
 "Throughput (requests/second)": 107.43330983408737
}
