{
 "scalefactor": "20",
 "Current Timestamp (milliseconds)": 1706693733996,
 "Benchmark Type": "tpcc",
 "isolation": "TRANSACTION_SERIALIZABLE",
 "DBMS Version": "5.7.44",
 "Goodput (requests/second)": 298.4828539051987,
 "terminals": "16",
 "DBMS Type": "MYSQL",
 "Latency Distribution": {
  "95th Percentile Latency (microseconds)": 147280,
  "Maximum Latency (microseconds)": 738865,
  "Median Latency (microseconds)": 38347,
  "Minimum Latency (microseconds)": 504,
  "25th Percentile Latency (microseconds)": 16769,
  "90th Percentile Latency (microseconds)": 113296,
  "99th Percentile Latency (microseconds)": 276184,
  "75th Percentile Latency (microseconds)": 71447,
  "Average Latency (microseconds)": 53357
 },
 "Throughput (requests/second)": 299.4328523792953
}
