{
 "scalefactor": "20",
 "Current Timestamp (milliseconds)": 1706696969041,
 "Benchmark Type": "tpcc",
 "isolation": "TRANSACTION_SERIALIZABLE",
 "DBMS Version": "5.7.44",
 "Goodput (requests/second)": 282.21662350633767,
 "terminals": "16",
 "DBMS Type": "MYSQL",
 "Latency Distribution": {
  "95th Percentile Latency (microseconds)": 153140,
  "Maximum Latency (microseconds)": 1507279,
  "Median Latency (microseconds)": 39759,
  "Minimum Latency (microseconds)": 626,
  "25th Percentile Latency (microseconds)": 19362,
  "90th Percentile Latency (microseconds)": 118632,
  "99th Percentile Latency (microseconds)": 271160,
  "75th Percentile Latency (microseconds)": 74732,
  "Average Latency (microseconds)": 56448
 },
 "Throughput (requests/second)": 283.2832900098755
}
