{
 "scalefactor": "20",
 "Current Timestamp (milliseconds)": 1706695728719,
 "Benchmark Type": "tpcc",
 "isolation": "TRANSACTION_SERIALIZABLE",
 "DBMS Version": "5.7.44",
 "Goodput (requests/second)": 311.5494149413537,
 "terminals": "16",
 "DBMS Type": "MYSQL",
 "Latency Distribution": {
  "95th Percentile Latency (microseconds)": 137134,
  "Maximum Latency (microseconds)": 512046,
  "Median Latency (microseconds)": 39673,
  "Minimum Latency (microseconds)": 490,
  "25th Percentile Latency (microseconds)": 17500,
  "90th Percentile Latency (microseconds)": 109779,
  "99th Percentile Latency (microseconds)": 199192,
  "75th Percentile Latency (microseconds)": 71668,
  "Average Latency (microseconds)": 51128
 },
 "Throughput (requests/second)": 312.7494126878779
}
