{
 "scalefactor": "20",
 "Current Timestamp (milliseconds)": 1706693243697,
 "Benchmark Type": "tpcc",
 "isolation": "TRANSACTION_SERIALIZABLE",
 "DBMS Version": "5.7.44",
 "Goodput (requests/second)": 392.48282461672017,
 "terminals": "16",
 "DBMS Type": "MYSQL",
 "Latency Distribution": {
  "95th Percentile Latency (microseconds)": 115326,
  "Maximum Latency (microseconds)": 380653,
  "Median Latency (microseconds)": 29577,
  "Minimum Latency (microseconds)": 591,
  "25th Percentile Latency (microseconds)": 14127,
  "90th Percentile Latency (microseconds)": 89448,
  "99th Percentile Latency (microseconds)": 160759,
  "75th Percentile Latency (microseconds)": 56397,
  "Average Latency (microseconds)": 40575
 },
 "Throughput (requests/second)": 394.0161559626261
}
