{
 "scalefactor": "20",
 "Current Timestamp (milliseconds)": 1706699864119,
 "Benchmark Type": "tpcc",
 "isolation": "TRANSACTION_SERIALIZABLE",
 "DBMS Version": "5.7.44",
 "Goodput (requests/second)": 643.9656698185426,
 "terminals": "16",
 "DBMS Type": "MYSQL",
 "Latency Distribution": {
  "95th Percentile Latency (microseconds)": 66345,
  "Maximum Latency (microseconds)": 356890,
  "Median Latency (microseconds)": 18689,
  "Minimum Latency (microseconds)": 543,
  "25th Percentile Latency (microseconds)": 9965,
  "90th Percentile Latency (microseconds)": 49915,
  "99th Percentile Latency (microseconds)": 112256,
  "75th Percentile Latency (microseconds)": 31738,
  "Average Latency (microseconds)": 24730
 },
 "Throughput (requests/second)": 646.5989990755261
}
