{
 "scalefactor": "20",
 "Current Timestamp (milliseconds)": 1706693088495,
 "Benchmark Type": "tpcc",
 "isolation": "TRANSACTION_SERIALIZABLE",
 "DBMS Version": "5.7.44",
 "Goodput (requests/second)": 233.7498089757603,
 "terminals": "16",
 "DBMS Type": "MYSQL",
 "Latency Distribution": {
  "95th Percentile Latency (microseconds)": 187981,
  "Maximum Latency (microseconds)": 855233,
  "Median Latency (microseconds)": 50425,
  "Minimum Latency (microseconds)": 610,
  "25th Percentile Latency (microseconds)": 22165,
  "90th Percentile Latency (microseconds)": 148597,
  "99th Percentile Latency (microseconds)": 289408,
  "75th Percentile Latency (microseconds)": 93563,
  "Average Latency (microseconds)": 68094
 },
 "Throughput (requests/second)": 234.61647493417306
}
