{
 "scalefactor": "20",
 "Current Timestamp (milliseconds)": 1706697276909,
 "Benchmark Type": "tpcc",
 "isolation": "TRANSACTION_SERIALIZABLE",
 "DBMS Version": "5.7.44",
 "Goodput (requests/second)": 587.8153207067392,
 "terminals": "16",
 "DBMS Type": "MYSQL",
 "Latency Distribution": {
  "95th Percentile Latency (microseconds)": 80552,
  "Maximum Latency (microseconds)": 300284,
  "Median Latency (microseconds)": 19288,
  "Minimum Latency (microseconds)": 550,
  "25th Percentile Latency (microseconds)": 9901,
  "90th Percentile Latency (microseconds)": 58239,
  "99th Percentile Latency (microseconds)": 126064,
  "75th Percentile Latency (microseconds)": 34636,
  "Average Latency (microseconds)": 27095
 },
 "Throughput (requests/second)": 590.1986485828078
}
