{
 "scalefactor": "20",
 "Current Timestamp (milliseconds)": 1706693986311,
 "Benchmark Type": "tpcc",
 "isolation": "TRANSACTION_SERIALIZABLE",
 "DBMS Version": "5.7.44",
 "Goodput (requests/second)": 317.4495829717737,
 "terminals": "16",
 "DBMS Type": "MYSQL",
 "Latency Distribution": {
  "95th Percentile Latency (microseconds)": 138874,
  "Maximum Latency (microseconds)": 478873,
  "Median Latency (microseconds)": 36734,
  "Minimum Latency (microseconds)": 537,
  "25th Percentile Latency (microseconds)": 17265,
  "90th Percentile Latency (microseconds)": 107418,
  "99th Percentile Latency (microseconds)": 225043,
  "75th Percentile Latency (microseconds)": 68270,
  "Average Latency (microseconds)": 50181
 },
 "Throughput (requests/second)": 318.4662483028641
}
