{
 "scalefactor": "20",
 "Current Timestamp (milliseconds)": 1706694070389,
 "Benchmark Type": "tpcc",
 "isolation": "TRANSACTION_SERIALIZABLE",
 "DBMS Version": "5.7.44",
 "Goodput (requests/second)": 313.74970169201276,
 "terminals": "16",
 "DBMS Type": "MYSQL",
 "Latency Distribution": {
  "95th Percentile Latency (microseconds)": 140019,
  "Maximum Latency (microseconds)": 1154833,
  "Median Latency (microseconds)": 36599,
  "Minimum Latency (microseconds)": 496,
  "25th Percentile Latency (microseconds)": 17328,
  "90th Percentile Latency (microseconds)": 106630,
  "99th Percentile Latency (microseconds)": 233534,
  "75th Percentile Latency (microseconds)": 67999,
  "Average Latency (microseconds)": 50766
 },
 "Throughput (requests/second)": 314.76636739205065
}
