{
 "scalefactor": "20",
 "Current Timestamp (milliseconds)": 1706694543753,
 "Benchmark Type": "tpcc",
 "isolation": "TRANSACTION_SERIALIZABLE",
 "DBMS Version": "5.7.44",
 "Goodput (requests/second)": 351.6661635554698,
 "terminals": "16",
 "DBMS Type": "MYSQL",
 "Latency Distribution": {
  "95th Percentile Latency (microseconds)": 125791,
  "Maximum Latency (microseconds)": 687339,
  "Median Latency (microseconds)": 33677,
  "Minimum Latency (microseconds)": 616,
  "25th Percentile Latency (microseconds)": 17928,
  "90th Percentile Latency (microseconds)": 97330,
  "99th Percentile Latency (microseconds)": 187504,
  "75th Percentile Latency (microseconds)": 59522,
  "Average Latency (microseconds)": 45285
 },
 "Throughput (requests/second)": 352.9994949812725
}
