{
 "scalefactor": "20",
 "Current Timestamp (milliseconds)": 1706699258164,
 "Benchmark Type": "tpcc",
 "isolation": "TRANSACTION_SERIALIZABLE",
 "DBMS Version": "5.7.44",
 "Goodput (requests/second)": 674.4160827122612,
 "terminals": "16",
 "DBMS Type": "MYSQL",
 "Latency Distribution": {
  "95th Percentile Latency (microseconds)": 65937,
  "Maximum Latency (microseconds)": 423640,
  "Median Latency (microseconds)": 17031,
  "Minimum Latency (microseconds)": 500,
  "25th Percentile Latency (microseconds)": 9162,
  "90th Percentile Latency (microseconds)": 46912,
  "99th Percentile Latency (microseconds)": 124248,
  "75th Percentile Latency (microseconds)": 29099,
  "Average Latency (microseconds)": 23620
 },
 "Throughput (requests/second)": 676.9494138520676
}
