{
 "scalefactor": "20",
 "Current Timestamp (milliseconds)": 1706698382458,
 "Benchmark Type": "tpcc",
 "isolation": "TRANSACTION_SERIALIZABLE",
 "DBMS Version": "5.7.44",
 "Goodput (requests/second)": 529.2995359895617,
 "terminals": "16",
 "DBMS Type": "MYSQL",
 "Latency Distribution": {
  "95th Percentile Latency (microseconds)": 88851,
  "Maximum Latency (microseconds)": 523891,
  "Median Latency (microseconds)": 21224,
  "Minimum Latency (microseconds)": 563,
  "25th Percentile Latency (microseconds)": 10655,
  "90th Percentile Latency (microseconds)": 65495,
  "99th Percentile Latency (microseconds)": 134175,
  "75th Percentile Latency (microseconds)": 38563,
  "Average Latency (microseconds)": 30083
 },
 "Throughput (requests/second)": 531.6162006253244
}
