{
 "scalefactor": "20",
 "Current Timestamp (milliseconds)": 1706695649646,
 "Benchmark Type": "tpcc",
 "isolation": "TRANSACTION_SERIALIZABLE",
 "DBMS Version": "5.7.44",
 "Goodput (requests/second)": 310.48281904959185,
 "terminals": "16",
 "DBMS Type": "MYSQL",
 "Latency Distribution": {
  "95th Percentile Latency (microseconds)": 136794,
  "Maximum Latency (microseconds)": 479447,
  "Median Latency (microseconds)": 39843,
  "Minimum Latency (microseconds)": 555,
  "25th Percentile Latency (microseconds)": 17883,
  "90th Percentile Latency (microseconds)": 108761,
  "99th Percentile Latency (microseconds)": 207572,
  "75th Percentile Latency (microseconds)": 71562,
  "Average Latency (microseconds)": 51329
 },
 "Throughput (requests/second)": 311.5494839494348
}
