{
 "scalefactor": "20",
 "Current Timestamp (milliseconds)": 1706693395903,
 "Benchmark Type": "tpcc",
 "isolation": "TRANSACTION_SERIALIZABLE",
 "DBMS Version": "5.7.44",
 "Goodput (requests/second)": 241.50835552692402,
 "terminals": "16",
 "DBMS Type": "MYSQL",
 "Latency Distribution": {
  "95th Percentile Latency (microseconds)": 199377,
  "Maximum Latency (microseconds)": 588700,
  "Median Latency (microseconds)": 46048,
  "Minimum Latency (microseconds)": 533,
  "25th Percentile Latency (microseconds)": 17496,
  "90th Percentile Latency (microseconds)": 152109,
  "99th Percentile Latency (microseconds)": 321213,
  "75th Percentile Latency (microseconds)": 90494,
  "Average Latency (microseconds)": 65982
 },
 "Throughput (requests/second)": 242.20833143832635
}
