{
 "scalefactor": "20",
 "Current Timestamp (milliseconds)": 1706698223735,
 "Benchmark Type": "tpcc",
 "isolation": "TRANSACTION_SERIALIZABLE",
 "DBMS Version": "5.7.44",
 "Goodput (requests/second)": 386.8332047306344,
 "terminals": "16",
 "DBMS Type": "MYSQL",
 "Latency Distribution": {
  "95th Percentile Latency (microseconds)": 112976,
  "Maximum Latency (microseconds)": 460383,
  "Median Latency (microseconds)": 30952,
  "Minimum Latency (microseconds)": 507,
  "25th Percentile Latency (microseconds)": 13465,
  "90th Percentile Latency (microseconds)": 89219,
  "99th Percentile Latency (microseconds)": 169745,
  "75th Percentile Latency (microseconds)": 57009,
  "Average Latency (microseconds)": 41169
 },
 "Throughput (requests/second)": 388.31653757083376
}
