{
 "scalefactor": "20",
 "Current Timestamp (milliseconds)": 1706698461618,
 "Benchmark Type": "tpcc",
 "isolation": "TRANSACTION_SERIALIZABLE",
 "DBMS Version": "5.7.44",
 "Goodput (requests/second)": 566.7992289452222,
 "terminals": "16",
 "DBMS Type": "MYSQL",
 "Latency Distribution": {
  "95th Percentile Latency (microseconds)": 82752,
  "Maximum Latency (microseconds)": 484179,
  "Median Latency (microseconds)": 20000,
  "Minimum Latency (microseconds)": 547,
  "25th Percentile Latency (microseconds)": 9959,
  "90th Percentile Latency (microseconds)": 61884,
  "99th Percentile Latency (microseconds)": 129914,
  "75th Percentile Latency (microseconds)": 35513,
  "Average Latency (microseconds)": 28105
 },
 "Throughput (requests/second)": 568.8992260884561
}
