{
 "scalefactor": "20",
 "Current Timestamp (milliseconds)": 1706698785464,
 "Benchmark Type": "tpcc",
 "isolation": "TRANSACTION_SERIALIZABLE",
 "DBMS Version": "5.7.44",
 "Goodput (requests/second)": 703.6491336554592,
 "terminals": "16",
 "DBMS Type": "MYSQL",
 "Latency Distribution": {
  "95th Percentile Latency (microseconds)": 68259,
  "Maximum Latency (microseconds)": 396356,
  "Median Latency (microseconds)": 15255,
  "Minimum Latency (microseconds)": 573,
  "25th Percentile Latency (microseconds)": 7850,
  "90th Percentile Latency (microseconds)": 47846,
  "99th Percentile Latency (microseconds)": 122851,
  "75th Percentile Latency (microseconds)": 27297,
  "Average Latency (microseconds)": 22614
 },
 "Throughput (requests/second)": 706.8491297155706
}
