{
 "scalefactor": "20",
 "Current Timestamp (milliseconds)": 1706696046218,
 "Benchmark Type": "tpcc",
 "isolation": "TRANSACTION_SERIALIZABLE",
 "DBMS Version": "5.7.44",
 "Goodput (requests/second)": 94.44990392240939,
 "terminals": "16",
 "DBMS Type": "MYSQL",
 "Latency Distribution": {
  "95th Percentile Latency (microseconds)": 500358,
  "Maximum Latency (microseconds)": 1400096,
  "Median Latency (microseconds)": 123128,
  "Minimum Latency (microseconds)": 839,
  "25th Percentile Latency (microseconds)": 47470,
  "90th Percentile Latency (microseconds)": 385503,
  "99th Percentile Latency (microseconds)": 765956,
  "75th Percentile Latency (microseconds)": 232604,
  "Average Latency (microseconds)": 168810
 },
 "Throughput (requests/second)": 94.54990382068617
}
