{
 "scalefactor": "20",
 "Current Timestamp (milliseconds)": 1706697438071,
 "Benchmark Type": "tpcc",
 "isolation": "TRANSACTION_SERIALIZABLE",
 "DBMS Version": "5.7.44",
 "Goodput (requests/second)": 558.4662433492542,
 "terminals": "16",
 "DBMS Type": "MYSQL",
 "Latency Distribution": {
  "95th Percentile Latency (microseconds)": 78249,
  "Maximum Latency (microseconds)": 591472,
  "Median Latency (microseconds)": 20515,
  "Minimum Latency (microseconds)": 533,
  "25th Percentile Latency (microseconds)": 10368,
  "90th Percentile Latency (microseconds)": 58057,
  "99th Percentile Latency (microseconds)": 149892,
  "75th Percentile Latency (microseconds)": 36011,
  "Average Latency (microseconds)": 28537
 },
 "Throughput (requests/second)": 560.4162418711553
}
