{
 "scalefactor": "20",
 "Current Timestamp (milliseconds)": 1706697835335,
 "Benchmark Type": "tpcc",
 "isolation": "TRANSACTION_SERIALIZABLE",
 "DBMS Version": "5.7.44",
 "Goodput (requests/second)": 341.36661550150046,
 "terminals": "16",
 "DBMS Type": "MYSQL",
 "Latency Distribution": {
  "95th Percentile Latency (microseconds)": 124033,
  "Maximum Latency (microseconds)": 487110,
  "Median Latency (microseconds)": 36814,
  "Minimum Latency (microseconds)": 530,
  "25th Percentile Latency (microseconds)": 15990,
  "90th Percentile Latency (microseconds)": 100028,
  "99th Percentile Latency (microseconds)": 186740,
  "75th Percentile Latency (microseconds)": 65021,
  "Average Latency (microseconds)": 46651
 },
 "Throughput (requests/second)": 342.68328197082076
}
