{
 "scalefactor": "20",
 "Current Timestamp (milliseconds)": 1706697196425,
 "Benchmark Type": "tpcc",
 "isolation": "TRANSACTION_SERIALIZABLE",
 "DBMS Version": "5.7.44",
 "Goodput (requests/second)": 580.9495475564923,
 "terminals": "16",
 "DBMS Type": "MYSQL",
 "Latency Distribution": {
  "95th Percentile Latency (microseconds)": 78812,
  "Maximum Latency (microseconds)": 837333,
  "Median Latency (microseconds)": 19200,
  "Minimum Latency (microseconds)": 542,
  "25th Percentile Latency (microseconds)": 9705,
  "90th Percentile Latency (microseconds)": 57505,
  "99th Percentile Latency (microseconds)": 144743,
  "75th Percentile Latency (microseconds)": 33965,
  "Average Latency (microseconds)": 27424
 },
 "Throughput (requests/second)": 582.9828793062669
}
