{
 "scalefactor": "20",
 "Current Timestamp (milliseconds)": 1706694855623,
 "Benchmark Type": "tpcc",
 "isolation": "TRANSACTION_SERIALIZABLE",
 "DBMS Version": "5.7.44",
 "Goodput (requests/second)": 208.11659231701407,
 "terminals": "16",
 "DBMS Type": "MYSQL",
 "Latency Distribution": {
  "95th Percentile Latency (microseconds)": 237634,
  "Maximum Latency (microseconds)": 901840,
  "Median Latency (microseconds)": 51961,
  "Minimum Latency (microseconds)": 532,
  "25th Percentile Latency (microseconds)": 20009,
  "90th Percentile Latency (microseconds)": 176348,
  "99th Percentile Latency (microseconds)": 374418,
  "75th Percentile Latency (microseconds)": 104557,
  "Average Latency (microseconds)": 76595
 },
 "Throughput (requests/second)": 208.71659210266412
}
