{
 "scalefactor": "20",
 "Current Timestamp (milliseconds)": 1706697601890,
 "Benchmark Type": "tpcc",
 "isolation": "TRANSACTION_SERIALIZABLE",
 "DBMS Version": "5.7.44",
 "Goodput (requests/second)": 576.6662291980541,
 "terminals": "16",
 "DBMS Type": "MYSQL",
 "Latency Distribution": {
  "95th Percentile Latency (microseconds)": 75632,
  "Maximum Latency (microseconds)": 650188,
  "Median Latency (microseconds)": 20154,
  "Minimum Latency (microseconds)": 572,
  "25th Percentile Latency (microseconds)": 10161,
  "90th Percentile Latency (microseconds)": 56373,
  "99th Percentile Latency (microseconds)": 138067,
  "75th Percentile Latency (microseconds)": 34980,
  "Average Latency (microseconds)": 27620
 },
 "Throughput (requests/second)": 578.966227453237
}
