{
 "scalefactor": "20",
 "Current Timestamp (milliseconds)": 1706695323347,
 "Benchmark Type": "tpcc",
 "isolation": "TRANSACTION_SERIALIZABLE",
 "DBMS Version": "5.7.44",
 "Goodput (requests/second)": 63.999897274831554,
 "terminals": "16",
 "DBMS Type": "MYSQL",
 "Latency Distribution": {
  "95th Percentile Latency (microseconds)": 825491,
  "Maximum Latency (microseconds)": 2044760,
  "Median Latency (microseconds)": 147686,
  "Minimum Latency (microseconds)": 760,
  "25th Percentile Latency (microseconds)": 56499,
  "90th Percentile Latency (microseconds)": 620870,
  "99th Percentile Latency (microseconds)": 1230321,
  "75th Percentile Latency (microseconds)": 351868,
  "Average Latency (microseconds)": 248759
 },
 "Throughput (requests/second)": 63.983230634916225
}
