{
 "scalefactor": "20",
 "Current Timestamp (milliseconds)": 1706696742419,
 "Benchmark Type": "tpcc",
 "isolation": "TRANSACTION_SERIALIZABLE",
 "DBMS Version": "5.7.44",
 "Goodput (requests/second)": 309.1163037383664,
 "terminals": "16",
 "DBMS Type": "MYSQL",
 "Latency Distribution": {
  "95th Percentile Latency (microseconds)": 138087,
  "Maximum Latency (microseconds)": 1222380,
  "Median Latency (microseconds)": 35640,
  "Minimum Latency (microseconds)": 686,
  "25th Percentile Latency (microseconds)": 17221,
  "90th Percentile Latency (microseconds)": 105941,
  "99th Percentile Latency (microseconds)": 300957,
  "75th Percentile Latency (microseconds)": 65768,
  "Average Latency (microseconds)": 51562
 },
 "Throughput (requests/second)": 310.19963579977764
}
