{
 "scalefactor": "20",
 "Current Timestamp (milliseconds)": 1706692299867,
 "Benchmark Type": "tpcc",
 "isolation": "TRANSACTION_SERIALIZABLE",
 "DBMS Version": "5.7.44",
 "Goodput (requests/second)": 285.4997709102255,
 "terminals": "16",
 "DBMS Type": "MYSQL",
 "Latency Distribution": {
  "95th Percentile Latency (microseconds)": 151004,
  "Maximum Latency (microseconds)": 562211,
  "Median Latency (microseconds)": 43939,
  "Minimum Latency (microseconds)": 492,
  "25th Percentile Latency (microseconds)": 18286,
  "90th Percentile Latency (microseconds)": 120513,
  "99th Percentile Latency (microseconds)": 215674,
  "75th Percentile Latency (microseconds)": 79149,
  "Average Latency (microseconds)": 55698
 },
 "Throughput (requests/second)": 286.8164365203777
}
