{
 "scalefactor": "20",
 "Current Timestamp (milliseconds)": 1706695806927,
 "Benchmark Type": "tpcc",
 "isolation": "TRANSACTION_SERIALIZABLE",
 "DBMS Version": "5.7.44",
 "Goodput (requests/second)": 308.54996375566424,
 "terminals": "16",
 "DBMS Type": "MYSQL",
 "Latency Distribution": {
  "95th Percentile Latency (microseconds)": 146723,
  "Maximum Latency (microseconds)": 512617,
  "Median Latency (microseconds)": 37593,
  "Minimum Latency (microseconds)": 586,
  "25th Percentile Latency (microseconds)": 15985,
  "90th Percentile Latency (microseconds)": 112647,
  "99th Percentile Latency (microseconds)": 250418,
  "75th Percentile Latency (microseconds)": 69412,
  "Average Latency (microseconds)": 51568
 },
 "Throughput (requests/second)": 310.06663024417315
}
