{
 "scalefactor": "20",
 "Current Timestamp (milliseconds)": 1706697121095,
 "Benchmark Type": "tpcc",
 "isolation": "TRANSACTION_SERIALIZABLE",
 "DBMS Version": "5.7.44",
 "Goodput (requests/second)": 326.9831332523541,
 "terminals": "16",
 "DBMS Type": "MYSQL",
 "Latency Distribution": {
  "95th Percentile Latency (microseconds)": 128567,
  "Maximum Latency (microseconds)": 572951,
  "Median Latency (microseconds)": 36458,
  "Minimum Latency (microseconds)": 600,
  "25th Percentile Latency (microseconds)": 17876,
  "90th Percentile Latency (microseconds)": 104919,
  "99th Percentile Latency (microseconds)": 197471,
  "75th Percentile Latency (microseconds)": 67928,
  "Average Latency (microseconds)": 48752
 },
 "Throughput (requests/second)": 327.99979929692284
}
