{
 "scalefactor": "20",
 "Current Timestamp (milliseconds)": 1706699023660,
 "Benchmark Type": "tpcc",
 "isolation": "TRANSACTION_SERIALIZABLE",
 "DBMS Version": "5.7.44",
 "Goodput (requests/second)": 801.1488607262626,
 "terminals": "16",
 "DBMS Type": "MYSQL",
 "Latency Distribution": {
  "95th Percentile Latency (microseconds)": 54990,
  "Maximum Latency (microseconds)": 290619,
  "Median Latency (microseconds)": 14323,
  "Minimum Latency (microseconds)": 582,
  "25th Percentile Latency (microseconds)": 8028,
  "90th Percentile Latency (microseconds)": 38907,
  "99th Percentile Latency (microseconds)": 103451,
  "75th Percentile Latency (microseconds)": 24442,
  "Average Latency (microseconds)": 19859
 },
 "Throughput (requests/second)": 805.0821884662073
}
