{
 "scalefactor": "20",
 "Current Timestamp (milliseconds)": 1706699410365,
 "Benchmark Type": "tpcc",
 "isolation": "TRANSACTION_SERIALIZABLE",
 "DBMS Version": "5.7.44",
 "Goodput (requests/second)": 417.0827342078884,
 "terminals": "16",
 "DBMS Type": "MYSQL",
 "Latency Distribution": {
  "95th Percentile Latency (microseconds)": 109061,
  "Maximum Latency (microseconds)": 445832,
  "Median Latency (microseconds)": 26833,
  "Minimum Latency (microseconds)": 652,
  "25th Percentile Latency (microseconds)": 13695,
  "90th Percentile Latency (microseconds)": 85131,
  "99th Percentile Latency (microseconds)": 170513,
  "75th Percentile Latency (microseconds)": 49344,
  "Average Latency (microseconds)": 38207
 },
 "Throughput (requests/second)": 418.4660655541124
}
