{
 "scalefactor": "20",
 "Current Timestamp (milliseconds)": 1706698540739,
 "Benchmark Type": "tpcc",
 "isolation": "TRANSACTION_SERIALIZABLE",
 "DBMS Version": "5.7.44",
 "Goodput (requests/second)": 572.7991023665267,
 "terminals": "16",
 "DBMS Type": "MYSQL",
 "Latency Distribution": {
  "95th Percentile Latency (microseconds)": 81075,
  "Maximum Latency (microseconds)": 293384,
  "Median Latency (microseconds)": 19993,
  "Minimum Latency (microseconds)": 558,
  "25th Percentile Latency (microseconds)": 9992,
  "90th Percentile Latency (microseconds)": 60819,
  "99th Percentile Latency (microseconds)": 123248,
  "75th Percentile Latency (microseconds)": 35701,
  "Average Latency (microseconds)": 27782
 },
 "Throughput (requests/second)": 575.5824313381053
}
