{
 "scalefactor": "20",
 "Current Timestamp (milliseconds)": 1706696592175,
 "Benchmark Type": "tpcc",
 "isolation": "TRANSACTION_SERIALIZABLE",
 "DBMS Version": "5.7.44",
 "Goodput (requests/second)": 427.36643571072204,
 "terminals": "16",
 "DBMS Type": "MYSQL",
 "Latency Distribution": {
  "95th Percentile Latency (microseconds)": 98633,
  "Maximum Latency (microseconds)": 637359,
  "Median Latency (microseconds)": 28272,
  "Minimum Latency (microseconds)": 612,
  "25th Percentile Latency (microseconds)": 14658,
  "90th Percentile Latency (microseconds)": 77808,
  "99th Percentile Latency (microseconds)": 149759,
  "75th Percentile Latency (microseconds)": 50109,
  "Average Latency (microseconds)": 37325
 },
 "Throughput (requests/second)": 428.4497684586043
}
