{
 "scalefactor": "20",
 "Current Timestamp (milliseconds)": 1706699786970,
 "Benchmark Type": "tpcc",
 "isolation": "TRANSACTION_SERIALIZABLE",
 "DBMS Version": "5.7.44",
 "Goodput (requests/second)": 640.3993838183862,
 "terminals": "16",
 "DBMS Type": "MYSQL",
 "Latency Distribution": {
  "95th Percentile Latency (microseconds)": 65591,
  "Maximum Latency (microseconds)": 369460,
  "Median Latency (microseconds)": 18708,
  "Minimum Latency (microseconds)": 574,
  "25th Percentile Latency (microseconds)": 10051,
  "90th Percentile Latency (microseconds)": 48883,
  "99th Percentile Latency (microseconds)": 114089,
  "75th Percentile Latency (microseconds)": 31869,
  "Average Latency (microseconds)": 24862
 },
 "Throughput (requests/second)": 643.1827144736452
}
