{
 "scalefactor": "20",
 "Current Timestamp (milliseconds)": 1706695570593,
 "Benchmark Type": "tpcc",
 "isolation": "TRANSACTION_SERIALIZABLE",
 "DBMS Version": "5.7.44",
 "Goodput (requests/second)": 307.06656239197986,
 "terminals": "16",
 "DBMS Type": "MYSQL",
 "Latency Distribution": {
  "95th Percentile Latency (microseconds)": 140501,
  "Maximum Latency (microseconds)": 846390,
  "Median Latency (microseconds)": 40383,
  "Minimum Latency (microseconds)": 553,
  "25th Percentile Latency (microseconds)": 18057,
  "90th Percentile Latency (microseconds)": 109451,
  "99th Percentile Latency (microseconds)": 206144,
  "75th Percentile Latency (microseconds)": 72626,
  "Average Latency (microseconds)": 51896
 },
 "Throughput (requests/second)": 308.04989539138967
}
