{
 "scalefactor": "20",
 "Current Timestamp (milliseconds)": 1706694379602,
 "Benchmark Type": "tpcc",
 "isolation": "TRANSACTION_SERIALIZABLE",
 "DBMS Version": "5.7.44",
 "Goodput (requests/second)": 349.86647812945273,
 "terminals": "16",
 "DBMS Type": "MYSQL",
 "Latency Distribution": {
  "95th Percentile Latency (microseconds)": 124285,
  "Maximum Latency (microseconds)": 470632,
  "Median Latency (microseconds)": 33940,
  "Minimum Latency (microseconds)": 581,
  "25th Percentile Latency (microseconds)": 17685,
  "90th Percentile Latency (microseconds)": 98320,
  "99th Percentile Latency (microseconds)": 187160,
  "75th Percentile Latency (microseconds)": 61133,
  "Average Latency (microseconds)": 45468
 },
 "Throughput (requests/second)": 351.26647737501645
}
