{
 "scalefactor": "20",
 "Current Timestamp (milliseconds)": 1706693167548,
 "Benchmark Type": "tpcc",
 "isolation": "TRANSACTION_SERIALIZABLE",
 "DBMS Version": "5.7.44",
 "Goodput (requests/second)": 393.3820526583918,
 "terminals": "16",
 "DBMS Type": "MYSQL",
 "Latency Distribution": {
  "95th Percentile Latency (microseconds)": 115141,
  "Maximum Latency (microseconds)": 411908,
  "Median Latency (microseconds)": 29569,
  "Minimum Latency (microseconds)": 613,
  "25th Percentile Latency (microseconds)": 14042,
  "90th Percentile Latency (microseconds)": 89953,
  "99th Percentile Latency (microseconds)": 172279,
  "75th Percentile Latency (microseconds)": 54378,
  "Average Latency (microseconds)": 40471
 },
 "Throughput (requests/second)": 395.18204679842086
}
