{
 "scalefactor": "20",
 "Current Timestamp (milliseconds)": 1706697759295,
 "Benchmark Type": "tpcc",
 "isolation": "TRANSACTION_SERIALIZABLE",
 "DBMS Version": "5.7.44",
 "Goodput (requests/second)": 340.13308591485776,
 "terminals": "16",
 "DBMS Type": "MYSQL",
 "Latency Distribution": {
  "95th Percentile Latency (microseconds)": 124369,
  "Maximum Latency (microseconds)": 510841,
  "Median Latency (microseconds)": 36734,
  "Minimum Latency (microseconds)": 527,
  "25th Percentile Latency (microseconds)": 15848,
  "90th Percentile Latency (microseconds)": 99734,
  "99th Percentile Latency (microseconds)": 181807,
  "75th Percentile Latency (microseconds)": 65799,
  "Average Latency (microseconds)": 46799
 },
 "Throughput (requests/second)": 341.63308482373355
}
