{
 "scalefactor": "20",
 "Current Timestamp (milliseconds)": 1706694931609,
 "Benchmark Type": "tpcc",
 "isolation": "TRANSACTION_SERIALIZABLE",
 "DBMS Version": "5.7.44",
 "Goodput (requests/second)": 224.0163640280261,
 "terminals": "16",
 "DBMS Type": "MYSQL",
 "Latency Distribution": {
  "95th Percentile Latency (microseconds)": 212073,
  "Maximum Latency (microseconds)": 928103,
  "Median Latency (microseconds)": 50338,
  "Minimum Latency (microseconds)": 555,
  "25th Percentile Latency (microseconds)": 20084,
  "90th Percentile Latency (microseconds)": 160675,
  "99th Percentile Latency (microseconds)": 334212,
  "75th Percentile Latency (microseconds)": 98253,
  "Average Latency (microseconds)": 71064
 },
 "Throughput (requests/second)": 224.99969603291063
}
