{
 "scalefactor": "20",
 "Current Timestamp (milliseconds)": 1706698702969,
 "Benchmark Type": "tpcc",
 "isolation": "TRANSACTION_SERIALIZABLE",
 "DBMS Version": "5.7.44",
 "Goodput (requests/second)": 717.4180549951657,
 "terminals": "16",
 "DBMS Type": "MYSQL",
 "Latency Distribution": {
  "95th Percentile Latency (microseconds)": 63892,
  "Maximum Latency (microseconds)": 755615,
  "Median Latency (microseconds)": 15037,
  "Minimum Latency (microseconds)": 593,
  "25th Percentile Latency (microseconds)": 7905,
  "90th Percentile Latency (microseconds)": 45443,
  "99th Percentile Latency (microseconds)": 124293,
  "75th Percentile Latency (microseconds)": 26565,
  "Average Latency (microseconds)": 22203
 },
 "Throughput (requests/second)": 720.2346616785784
}
