{
 "scalefactor": "20",
 "Current Timestamp (milliseconds)": 1706695496470,
 "Benchmark Type": "tpcc",
 "isolation": "TRANSACTION_SERIALIZABLE",
 "DBMS Version": "5.7.44",
 "Goodput (requests/second)": 108.63332449239128,
 "terminals": "16",
 "DBMS Type": "MYSQL",
 "Latency Distribution": {
  "95th Percentile Latency (microseconds)": 415984,
  "Maximum Latency (microseconds)": 1186605,
  "Median Latency (microseconds)": 107381,
  "Minimum Latency (microseconds)": 792,
  "25th Percentile Latency (microseconds)": 48998,
  "90th Percentile Latency (microseconds)": 323968,
  "99th Percentile Latency (microseconds)": 674432,
  "75th Percentile Latency (microseconds)": 201660,
  "Average Latency (microseconds)": 146792
 },
 "Throughput (requests/second)": 108.78332448018377
}
