{
 "scalefactor": "20",
 "Current Timestamp (milliseconds)": 1706694624882,
 "Benchmark Type": "tpcc",
 "isolation": "TRANSACTION_SERIALIZABLE",
 "DBMS Version": "5.7.44",
 "Goodput (requests/second)": 447.7998848706496,
 "terminals": "16",
 "DBMS Type": "MYSQL",
 "Latency Distribution": {
  "95th Percentile Latency (microseconds)": 95508,
  "Maximum Latency (microseconds)": 648857,
  "Median Latency (microseconds)": 25481,
  "Minimum Latency (microseconds)": 600,
  "25th Percentile Latency (microseconds)": 13587,
  "90th Percentile Latency (microseconds)": 76179,
  "99th Percentile Latency (microseconds)": 143110,
  "75th Percentile Latency (microseconds)": 47494,
  "Average Latency (microseconds)": 35544
 },
 "Throughput (requests/second)": 449.7665510316864
}
