{
 "scalefactor": "20",
 "Current Timestamp (milliseconds)": 1706693818093,
 "Benchmark Type": "tpcc",
 "isolation": "TRANSACTION_SERIALIZABLE",
 "DBMS Version": "5.7.44",
 "Goodput (requests/second)": 305.38319321334484,
 "terminals": "16",
 "DBMS Type": "MYSQL",
 "Latency Distribution": {
  "95th Percentile Latency (microseconds)": 147023,
  "Maximum Latency (microseconds)": 624149,
  "Median Latency (microseconds)": 37170,
  "Minimum Latency (microseconds)": 499,
  "25th Percentile Latency (microseconds)": 16320,
  "90th Percentile Latency (microseconds)": 112181,
  "99th Percentile Latency (microseconds)": 265991,
  "75th Percentile Latency (microseconds)": 69512,
  "Average Latency (microseconds)": 52163
 },
 "Throughput (requests/second)": 306.4165260725506
}
