{
 "scalefactor": "20",
 "Current Timestamp (milliseconds)": 1706696818526,
 "Benchmark Type": "tpcc",
 "isolation": "TRANSACTION_SERIALIZABLE",
 "DBMS Version": "5.7.44",
 "Goodput (requests/second)": 392.11391695475356,
 "terminals": "16",
 "DBMS Type": "MYSQL",
 "Latency Distribution": {
  "95th Percentile Latency (microseconds)": 107962,
  "Maximum Latency (microseconds)": 413197,
  "Median Latency (microseconds)": 30956,
  "Minimum Latency (microseconds)": 550,
  "25th Percentile Latency (microseconds)": 15935,
  "90th Percentile Latency (microseconds)": 85455,
  "99th Percentile Latency (microseconds)": 159705,
  "75th Percentile Latency (microseconds)": 55219,
  "Average Latency (microseconds)": 40636
 },
 "Throughput (requests/second)": 393.38057473894025
}
