{
 "scalefactor": "20",
 "Current Timestamp (milliseconds)": 1706694153617,
 "Benchmark Type": "tpcc",
 "isolation": "TRANSACTION_SERIALIZABLE",
 "DBMS Version": "5.7.44",
 "Goodput (requests/second)": 103.71664661132444,
 "terminals": "16",
 "DBMS Type": "MYSQL",
 "Latency Distribution": {
  "95th Percentile Latency (microseconds)": 461712,
  "Maximum Latency (microseconds)": 2481435,
  "Median Latency (microseconds)": 108248,
  "Minimum Latency (microseconds)": 806,
  "25th Percentile Latency (microseconds)": 49348,
  "90th Percentile Latency (microseconds)": 335957,
  "99th Percentile Latency (microseconds)": 750860,
  "75th Percentile Latency (microseconds)": 201942,
  "Average Latency (microseconds)": 153651
 },
 "Throughput (requests/second)": 103.88331324576333
}
