{
 "scalefactor": "20",
 "Current Timestamp (milliseconds)": 1706699711751,
 "Benchmark Type": "tpcc",
 "isolation": "TRANSACTION_SERIALIZABLE",
 "DBMS Version": "5.7.44",
 "Goodput (requests/second)": 380.3497094191612,
 "terminals": "16",
 "DBMS Type": "MYSQL",
 "Latency Distribution": {
  "95th Percentile Latency (microseconds)": 116261,
  "Maximum Latency (microseconds)": 559799,
  "Median Latency (microseconds)": 30064,
  "Minimum Latency (microseconds)": 695,
  "25th Percentile Latency (microseconds)": 15034,
  "90th Percentile Latency (microseconds)": 91031,
  "99th Percentile Latency (microseconds)": 170031,
  "75th Percentile Latency (microseconds)": 56331,
  "Average Latency (microseconds)": 41865
 },
 "Throughput (requests/second)": 381.83304161925344
}
