{
 "scalefactor": "20",
 "Current Timestamp (milliseconds)": 1706693564893,
 "Benchmark Type": "tpcc",
 "isolation": "TRANSACTION_SERIALIZABLE",
 "DBMS Version": "5.7.44",
 "Goodput (requests/second)": 231.81657044347187,
 "terminals": "16",
 "DBMS Type": "MYSQL",
 "Latency Distribution": {
  "95th Percentile Latency (microseconds)": 208268,
  "Maximum Latency (microseconds)": 728200,
  "Median Latency (microseconds)": 48300,
  "Minimum Latency (microseconds)": 537,
  "25th Percentile Latency (microseconds)": 17952,
  "90th Percentile Latency (microseconds)": 157056,
  "99th Percentile Latency (microseconds)": 329067,
  "75th Percentile Latency (microseconds)": 94552,
  "Average Latency (microseconds)": 68790
 },
 "Throughput (requests/second)": 232.34990355542755
}
