{
 "scalefactor": "20",
 "Current Timestamp (milliseconds)": 1706698620021,
 "Benchmark Type": "tpcc",
 "isolation": "TRANSACTION_SERIALIZABLE",
 "DBMS Version": "5.7.44",
 "Goodput (requests/second)": 708.6489623843785,
 "terminals": "16",
 "DBMS Type": "MYSQL",
 "Latency Distribution": {
  "95th Percentile Latency (microseconds)": 66409,
  "Maximum Latency (microseconds)": 395454,
  "Median Latency (microseconds)": 15203,
  "Minimum Latency (microseconds)": 592,
  "25th Percentile Latency (microseconds)": 7988,
  "90th Percentile Latency (microseconds)": 46500,
  "99th Percentile Latency (microseconds)": 124561,
  "75th Percentile Latency (microseconds)": 26922,
  "Average Latency (microseconds)": 22477
 },
 "Throughput (requests/second)": 711.3489584309992
}
