{
 "scalefactor": "20",
 "Current Timestamp (milliseconds)": 1706695241982,
 "Benchmark Type": "tpcc",
 "isolation": "TRANSACTION_SERIALIZABLE",
 "DBMS Version": "5.7.44",
 "Goodput (requests/second)": 296.63318181804794,
 "terminals": "16",
 "DBMS Type": "MYSQL",
 "Latency Distribution": {
  "95th Percentile Latency (microseconds)": 157634,
  "Maximum Latency (microseconds)": 1093306,
  "Median Latency (microseconds)": 36930,
  "Minimum Latency (microseconds)": 518,
  "25th Percentile Latency (microseconds)": 17562,
  "90th Percentile Latency (microseconds)": 116075,
  "99th Percentile Latency (microseconds)": 279120,
  "75th Percentile Latency (microseconds)": 68120,
  "Average Latency (microseconds)": 53745
 },
 "Throughput (requests/second)": 297.499848042036
}
