{
 "scalefactor": "20",
 "Current Timestamp (milliseconds)": 1706696287585,
 "Benchmark Type": "tpcc",
 "isolation": "TRANSACTION_SERIALIZABLE",
 "DBMS Version": "5.7.44",
 "Goodput (requests/second)": 395.5497041485988,
 "terminals": "16",
 "DBMS Type": "MYSQL",
 "Latency Distribution": {
  "95th Percentile Latency (microseconds)": 103983,
  "Maximum Latency (microseconds)": 669432,
  "Median Latency (microseconds)": 29475,
  "Minimum Latency (microseconds)": 621,
  "25th Percentile Latency (microseconds)": 15296,
  "90th Percentile Latency (microseconds)": 84714,
  "99th Percentile Latency (microseconds)": 159851,
  "75th Percentile Latency (microseconds)": 54601,
  "Average Latency (microseconds)": 40249
 },
 "Throughput (requests/second)": 397.2830361854864
}
