{
 "scalefactor": "20",
 "Current Timestamp (milliseconds)": 1706695162984,
 "Benchmark Type": "tpcc",
 "isolation": "TRANSACTION_SERIALIZABLE",
 "DBMS Version": "5.7.44",
 "Goodput (requests/second)": 295.6662883665785,
 "terminals": "16",
 "DBMS Type": "MYSQL",
 "Latency Distribution": {
  "95th Percentile Latency (microseconds)": 161044,
  "Maximum Latency (microseconds)": 1643493,
  "Median Latency (microseconds)": 36381,
  "Minimum Latency (microseconds)": 639,
  "25th Percentile Latency (microseconds)": 16808,
  "90th Percentile Latency (microseconds)": 119388,
  "99th Percentile Latency (microseconds)": 265833,
  "75th Percentile Latency (microseconds)": 67997,
  "Average Latency (microseconds)": 53727
 },
 "Throughput (requests/second)": 296.9162867672264
}
