{
 "scalefactor": "20",
 "Current Timestamp (milliseconds)": 1706696439802,
 "Benchmark Type": "tpcc",
 "isolation": "TRANSACTION_SERIALIZABLE",
 "DBMS Version": "5.7.44",
 "Goodput (requests/second)": 401.24942812594,
 "terminals": "16",
 "DBMS Type": "MYSQL",
 "Latency Distribution": {
  "95th Percentile Latency (microseconds)": 102774,
  "Maximum Latency (microseconds)": 613079,
  "Median Latency (microseconds)": 29353,
  "Minimum Latency (microseconds)": 708,
  "25th Percentile Latency (microseconds)": 15391,
  "90th Percentile Latency (microseconds)": 82963,
  "99th Percentile Latency (microseconds)": 153295,
  "75th Percentile Latency (microseconds)": 53900,
  "Average Latency (microseconds)": 39714
 },
 "Throughput (requests/second)": 402.53275963022656
}
