{
 "scalefactor": "20",
 "Current Timestamp (milliseconds)": 1706694701980,
 "Benchmark Type": "tpcc",
 "isolation": "TRANSACTION_SERIALIZABLE",
 "DBMS Version": "5.7.44",
 "Goodput (requests/second)": 439.98304099393476,
 "terminals": "16",
 "DBMS Type": "MYSQL",
 "Latency Distribution": {
  "95th Percentile Latency (microseconds)": 96256,
  "Maximum Latency (microseconds)": 635586,
  "Median Latency (microseconds)": 25994,
  "Minimum Latency (microseconds)": 587,
  "25th Percentile Latency (microseconds)": 13656,
  "90th Percentile Latency (microseconds)": 76970,
  "99th Percentile Latency (microseconds)": 148812,
  "75th Percentile Latency (microseconds)": 47814,
  "Average Latency (microseconds)": 36037
 },
 "Throughput (requests/second)": 441.5330399640638
}
