{
 "scalefactor": "20",
 "Current Timestamp (milliseconds)": 1706697683206,
 "Benchmark Type": "tpcc",
 "isolation": "TRANSACTION_SERIALIZABLE",
 "DBMS Version": "5.7.44",
 "Goodput (requests/second)": 334.7827793068916,
 "terminals": "16",
 "DBMS Type": "MYSQL",
 "Latency Distribution": {
  "95th Percentile Latency (microseconds)": 124707,
  "Maximum Latency (microseconds)": 471365,
  "Median Latency (microseconds)": 37931,
  "Minimum Latency (microseconds)": 501,
  "25th Percentile Latency (microseconds)": 16638,
  "90th Percentile Latency (microseconds)": 100771,
  "99th Percentile Latency (microseconds)": 185264,
  "75th Percentile Latency (microseconds)": 66428,
  "Average Latency (microseconds)": 47546
 },
 "Throughput (requests/second)": 336.2827768245707
}
