{
 "scalefactor": "20",
 "Current Timestamp (milliseconds)": 1706692144837,
 "Benchmark Type": "tpcc",
 "isolation": "TRANSACTION_SERIALIZABLE",
 "DBMS Version": "5.7.44",
 "Goodput (requests/second)": 296.13329660293346,
 "terminals": "16",
 "DBMS Type": "MYSQL",
 "Latency Distribution": {
  "95th Percentile Latency (microseconds)": 146273,
  "Maximum Latency (microseconds)": 861125,
  "Median Latency (microseconds)": 40395,
  "Minimum Latency (microseconds)": 524,
  "25th Percentile Latency (microseconds)": 17487,
  "90th Percentile Latency (microseconds)": 116026,
  "99th Percentile Latency (microseconds)": 229444,
  "75th Percentile Latency (microseconds)": 74212,
  "Average Latency (microseconds)": 53788
 },
 "Throughput (requests/second)": 297.18329647269843
}
