{
  "incumbent_ids": [
    19
  ],
  "rejected_config_ids": [
    1,
    4,
    6
  ],
  "incumbents_changed": 4,
  "trajectory": [
    {
      "config_ids": [
        1
      ],
      "costs": [
        -280.43301364904556
      ],
      "trial": 1,
      "walltime": 75.04379892349243
    },
    {
      "config_ids": [
        4
      ],
      "costs": [
        -300.4442000582673
      ],
      "trial": 11,
      "walltime": 853.5006136894226
    },
    {
      "config_ids": [
        6
      ],
      "costs": [
        -473.5716376920518
      ],
      "trial": 17,
      "walltime": 1320.031379699707
    },
    {
      "config_ids": [
        19
      ],
      "costs": [
        -496.66644883297744
      ],
      "trial": 56,
      "walltime": 4393.643022537231
    }
  ],
  "state": {
    "queue": [
      [
        34,
        2
      ]
    ]
  }
}