{
 "scalefactor": "20",
 "Current Timestamp (milliseconds)": 1706690812374,
 "Benchmark Type": "tpcc",
 "isolation": "TRANSACTION_SERIALIZABLE",
 "DBMS Version": "5.7.44",
 "Goodput (requests/second)": 427.9831926267257,
 "terminals": "16",
 "DBMS Type": "MYSQL",
 "Latency Distribution": {
  "95th Percentile Latency (microseconds)": 99634,
  "Maximum Latency (microseconds)": 424461,
  "Median Latency (microseconds)": 28825,
  "Minimum Latency (microseconds)": 514,
  "25th Percentile Latency (microseconds)": 13279,
  "90th Percentile Latency (microseconds)": 78185,
  "99th Percentile Latency (microseconds)": 154910,
  "75th Percentile Latency (microseconds)": 51099,
  "Average Latency (microseconds)": 37217
 },
 "Throughput (requests/second)": 429.61652542307365
}
