{
 "scalefactor": "20",
 "Current Timestamp (milliseconds)": 1706685537737,
 "Benchmark Type": "tpcc",
 "isolation": "TRANSACTION_SERIALIZABLE",
 "DBMS Version": "5.7.44",
 "Goodput (requests/second)": 245.43325157133614,
 "terminals": "16",
 "DBMS Type": "MYSQL",
 "Latency Distribution": {
  "95th Percentile Latency (microseconds)": 195365,
  "Maximum Latency (microseconds)": 738144,
  "Median Latency (microseconds)": 45907,
  "Minimum Latency (microseconds)": 537,
  "25th Percentile Latency (microseconds)": 16714,
  "90th Percentile Latency (microseconds)": 147340,
  "99th Percentile Latency (microseconds)": 320052,
  "75th Percentile Latency (microseconds)": 89151,
  "Average Latency (microseconds)": 64897
 },
 "Throughput (requests/second)": 246.21658464371512
}
