{
 "scalefactor": "20",
 "Current Timestamp (milliseconds)": 1706688584614,
 "Benchmark Type": "tpcc",
 "isolation": "TRANSACTION_SERIALIZABLE",
 "DBMS Version": "5.7.44",
 "Goodput (requests/second)": 345.7495095139833,
 "terminals": "16",
 "DBMS Type": "MYSQL",
 "Latency Distribution": {
  "95th Percentile Latency (microseconds)": 130118,
  "Maximum Latency (microseconds)": 628757,
  "Median Latency (microseconds)": 32222,
  "Minimum Latency (microseconds)": 477,
  "25th Percentile Latency (microseconds)": 16105,
  "90th Percentile Latency (microseconds)": 96524,
  "99th Percentile Latency (microseconds)": 236247,
  "75th Percentile Latency (microseconds)": 60264,
  "Average Latency (microseconds)": 46060
 },
 "Throughput (requests/second)": 347.0828409558305
}
