{
 "scalefactor": "20",
 "Current Timestamp (milliseconds)": 1706691682311,
 "Benchmark Type": "tpcc",
 "isolation": "TRANSACTION_SERIALIZABLE",
 "DBMS Version": "5.7.44",
 "Goodput (requests/second)": 296.09992003821657,
 "terminals": "16",
 "DBMS Type": "MYSQL",
 "Latency Distribution": {
  "95th Percentile Latency (microseconds)": 145182,
  "Maximum Latency (microseconds)": 691598,
  "Median Latency (microseconds)": 40907,
  "Minimum Latency (microseconds)": 606,
  "25th Percentile Latency (microseconds)": 18641,
  "90th Percentile Latency (microseconds)": 115489,
  "99th Percentile Latency (microseconds)": 221149,
  "75th Percentile Latency (microseconds)": 74389,
  "Average Latency (microseconds)": 53748
 },
 "Throughput (requests/second)": 297.14991975466415
}
