{
 "scalefactor": "20",
 "Current Timestamp (milliseconds)": 1706689483745,
 "Benchmark Type": "tpcc",
 "isolation": "TRANSACTION_SERIALIZABLE",
 "DBMS Version": "5.7.44",
 "Goodput (requests/second)": 288.06632029572313,
 "terminals": "16",
 "DBMS Type": "MYSQL",
 "Latency Distribution": {
  "95th Percentile Latency (microseconds)": 158193,
  "Maximum Latency (microseconds)": 648629,
  "Median Latency (microseconds)": 40025,
  "Minimum Latency (microseconds)": 545,
  "25th Percentile Latency (microseconds)": 17871,
  "90th Percentile Latency (microseconds)": 121252,
  "99th Percentile Latency (microseconds)": 261541,
  "75th Percentile Latency (microseconds)": 73713,
  "Average Latency (microseconds)": 55217
 },
 "Throughput (requests/second)": 289.2163189129648
}
