{
 "scalefactor": "20",
 "Current Timestamp (milliseconds)": 1706687857336,
 "Benchmark Type": "tpcc",
 "isolation": "TRANSACTION_SERIALIZABLE",
 "DBMS Version": "5.7.44",
 "Goodput (requests/second)": 235.14999055872786,
 "terminals": "16",
 "DBMS Type": "MYSQL",
 "Latency Distribution": {
  "95th Percentile Latency (microseconds)": 209517,
  "Maximum Latency (microseconds)": 815159,
  "Median Latency (microseconds)": 45140,
  "Minimum Latency (microseconds)": 561,
  "25th Percentile Latency (microseconds)": 19111,
  "90th Percentile Latency (microseconds)": 153110,
  "99th Percentile Latency (microseconds)": 376754,
  "75th Percentile Latency (microseconds)": 88024,
  "Average Latency (microseconds)": 67835
 },
 "Throughput (requests/second)": 235.6999905366454
}
