{
 "scalefactor": "20",
 "Current Timestamp (milliseconds)": 1706687614828,
 "Benchmark Type": "tpcc",
 "isolation": "TRANSACTION_SERIALIZABLE",
 "DBMS Version": "5.7.44",
 "Goodput (requests/second)": 288.58302918605943,
 "terminals": "16",
 "DBMS Type": "MYSQL",
 "Latency Distribution": {
  "95th Percentile Latency (microseconds)": 164282,
  "Maximum Latency (microseconds)": 1247419,
  "Median Latency (microseconds)": 37013,
  "Minimum Latency (microseconds)": 652,
  "25th Percentile Latency (microseconds)": 17846,
  "90th Percentile Latency (microseconds)": 119211,
  "99th Percentile Latency (microseconds)": 295872,
  "75th Percentile Latency (microseconds)": 70461,
  "Average Latency (microseconds)": 55229
 },
 "Throughput (requests/second)": 289.433028290217
}
