{
 "scalefactor": "20",
 "Current Timestamp (milliseconds)": 1706690027321,
 "Benchmark Type": "tpcc",
 "isolation": "TRANSACTION_SERIALIZABLE",
 "DBMS Version": "5.7.44",
 "Goodput (requests/second)": 300.2832902226623,
 "terminals": "16",
 "DBMS Type": "MYSQL",
 "Latency Distribution": {
  "95th Percentile Latency (microseconds)": 149272,
  "Maximum Latency (microseconds)": 482924,
  "Median Latency (microseconds)": 39535,
  "Minimum Latency (microseconds)": 578,
  "25th Percentile Latency (microseconds)": 16906,
  "90th Percentile Latency (microseconds)": 115535,
  "99th Percentile Latency (microseconds)": 228914,
  "75th Percentile Latency (microseconds)": 73748,
  "Average Latency (microseconds)": 53005
 },
 "Throughput (requests/second)": 301.39995672901284
}
