{
 "scalefactor": "20",
 "Current Timestamp (milliseconds)": 1706685143182,
 "Benchmark Type": "tpcc",
 "isolation": "TRANSACTION_SERIALIZABLE",
 "DBMS Version": "5.7.44",
 "Goodput (requests/second)": 407.48329183795147,
 "terminals": "16",
 "DBMS Type": "MYSQL",
 "Latency Distribution": {
  "95th Percentile Latency (microseconds)": 110897,
  "Maximum Latency (microseconds)": 651971,
  "Median Latency (microseconds)": 28252,
  "Minimum Latency (microseconds)": 574,
  "25th Percentile Latency (microseconds)": 13519,
  "90th Percentile Latency (microseconds)": 86605,
  "99th Percentile Latency (microseconds)": 164809,
  "75th Percentile Latency (microseconds)": 52940,
  "Average Latency (microseconds)": 39114
 },
 "Throughput (requests/second)": 408.8499583654459
}
