{
 "scalefactor": "20",
 "Current Timestamp (milliseconds)": 1706688751903,
 "Benchmark Type": "tpcc",
 "isolation": "TRANSACTION_SERIALIZABLE",
 "DBMS Version": "5.7.44",
 "Goodput (requests/second)": 363.83322495347954,
 "terminals": "16",
 "DBMS Type": "MYSQL",
 "Latency Distribution": {
  "95th Percentile Latency (microseconds)": 116349,
  "Maximum Latency (microseconds)": 464921,
  "Median Latency (microseconds)": 33745,
  "Minimum Latency (microseconds)": 488,
  "25th Percentile Latency (microseconds)": 15052,
  "90th Percentile Latency (microseconds)": 94150,
  "99th Percentile Latency (microseconds)": 172140,
  "75th Percentile Latency (microseconds)": 61424,
  "Average Latency (microseconds)": 43773
 },
 "Throughput (requests/second)": 365.1832245513371
}
