{
 "scalefactor": "20",
 "Current Timestamp (milliseconds)": 1706684667545,
 "Benchmark Type": "tpcc",
 "isolation": "TRANSACTION_SERIALIZABLE",
 "DBMS Version": "5.7.44",
 "Goodput (requests/second)": 276.1166622764118,
 "terminals": "16",
 "DBMS Type": "MYSQL",
 "Latency Distribution": {
  "95th Percentile Latency (microseconds)": 172489,
  "Maximum Latency (microseconds)": 873226,
  "Median Latency (microseconds)": 40195,
  "Minimum Latency (microseconds)": 537,
  "25th Percentile Latency (microseconds)": 17395,
  "90th Percentile Latency (microseconds)": 127893,
  "99th Percentile Latency (microseconds)": 287027,
  "75th Percentile Latency (microseconds)": 76448,
  "Average Latency (microseconds)": 57671
 },
 "Throughput (requests/second)": 277.01666226210176
}
