{
 "scalefactor": "20",
 "Current Timestamp (milliseconds)": 1706684746662,
 "Benchmark Type": "tpcc",
 "isolation": "TRANSACTION_SERIALIZABLE",
 "DBMS Version": "5.7.44",
 "Goodput (requests/second)": 278.73321096945375,
 "terminals": "16",
 "DBMS Type": "MYSQL",
 "Latency Distribution": {
  "95th Percentile Latency (microseconds)": 169249,
  "Maximum Latency (microseconds)": 696767,
  "Median Latency (microseconds)": 39545,
  "Minimum Latency (microseconds)": 530,
  "25th Percentile Latency (microseconds)": 17471,
  "90th Percentile Latency (microseconds)": 127339,
  "99th Percentile Latency (microseconds)": 273859,
  "75th Percentile Latency (microseconds)": 76105,
  "Average Latency (microseconds)": 57041
 },
 "Throughput (requests/second)": 279.6165439150039
}
