{
 "scalefactor": "20",
 "Current Timestamp (milliseconds)": 1706684825718,
 "Benchmark Type": "tpcc",
 "isolation": "TRANSACTION_SERIALIZABLE",
 "DBMS Version": "5.7.44",
 "Goodput (requests/second)": 275.549731049685,
 "terminals": "16",
 "DBMS Type": "MYSQL",
 "Latency Distribution": {
  "95th Percentile Latency (microseconds)": 173544,
  "Maximum Latency (microseconds)": 704144,
  "Median Latency (microseconds)": 40316,
  "Minimum Latency (microseconds)": 547,
  "25th Percentile Latency (microseconds)": 17300,
  "90th Percentile Latency (microseconds)": 128622,
  "99th Percentile Latency (microseconds)": 290092,
  "75th Percentile Latency (microseconds)": 75961,
  "Average Latency (microseconds)": 57818
 },
 "Throughput (requests/second)": 276.48306347203925
}
