{
 "scalefactor": "20",
 "Current Timestamp (milliseconds)": 1706686822759,
 "Benchmark Type": "tpcc",
 "isolation": "TRANSACTION_SERIALIZABLE",
 "DBMS Version": "5.7.44",
 "Goodput (requests/second)": 286.84932148661494,
 "terminals": "16",
 "DBMS Type": "MYSQL",
 "Latency Distribution": {
  "95th Percentile Latency (microseconds)": 170630,
  "Maximum Latency (microseconds)": 827855,
  "Median Latency (microseconds)": 36420,
  "Minimum Latency (microseconds)": 479,
  "25th Percentile Latency (microseconds)": 16266,
  "90th Percentile Latency (microseconds)": 125277,
  "99th Percentile Latency (microseconds)": 292039,
  "75th Percentile Latency (microseconds)": 72930,
  "Average Latency (microseconds)": 55594
 },
 "Throughput (requests/second)": 287.6159863398126
}
