{
 "scalefactor": "20",
 "Current Timestamp (milliseconds)": 1706687935448,
 "Benchmark Type": "tpcc",
 "isolation": "TRANSACTION_SERIALIZABLE",
 "DBMS Version": "5.7.44",
 "Goodput (requests/second)": 245.29998764096896,
 "terminals": "16",
 "DBMS Type": "MYSQL",
 "Latency Distribution": {
  "95th Percentile Latency (microseconds)": 195612,
  "Maximum Latency (microseconds)": 974160,
  "Median Latency (microseconds)": 42810,
  "Minimum Latency (microseconds)": 567,
  "25th Percentile Latency (microseconds)": 18035,
  "90th Percentile Latency (microseconds)": 143197,
  "99th Percentile Latency (microseconds)": 377556,
  "75th Percentile Latency (microseconds)": 84153,
  "Average Latency (microseconds)": 64978
 },
 "Throughput (requests/second)": 246.01665427152753
}
