{
 "scalefactor": "20",
 "Current Timestamp (milliseconds)": 1706687145188,
 "Benchmark Type": "tpcc",
 "isolation": "TRANSACTION_SERIALIZABLE",
 "DBMS Version": "5.7.44",
 "Goodput (requests/second)": 394.12864533074855,
 "terminals": "16",
 "DBMS Type": "MYSQL",
 "Latency Distribution": {
  "95th Percentile Latency (microseconds)": 109183,
  "Maximum Latency (microseconds)": 371027,
  "Median Latency (microseconds)": 31189,
  "Minimum Latency (microseconds)": 566,
  "25th Percentile Latency (microseconds)": 15189,
  "90th Percentile Latency (microseconds)": 85118,
  "99th Percentile Latency (microseconds)": 170239,
  "75th Percentile Latency (microseconds)": 54332,
  "Average Latency (microseconds)": 40446
 },
 "Throughput (requests/second)": 395.3286310573984
}
