{
 "scalefactor": "20",
 "Current Timestamp (milliseconds)": 1706691130599,
 "Benchmark Type": "tpcc",
 "isolation": "TRANSACTION_SERIALIZABLE",
 "DBMS Version": "5.7.44",
 "Goodput (requests/second)": 365.43279449049675,
 "terminals": "16",
 "DBMS Type": "MYSQL",
 "Latency Distribution": {
  "95th Percentile Latency (microseconds)": 123314,
  "Maximum Latency (microseconds)": 568243,
  "Median Latency (microseconds)": 30425,
  "Minimum Latency (microseconds)": 495,
  "25th Percentile Latency (microseconds)": 15911,
  "90th Percentile Latency (microseconds)": 91922,
  "99th Percentile Latency (microseconds)": 221835,
  "75th Percentile Latency (microseconds)": 56246,
  "Average Latency (microseconds)": 43612
 },
 "Throughput (requests/second)": 366.59945943687705
}
