{
 "scalefactor": "20",
 "Current Timestamp (milliseconds)": 1706688910947,
 "Benchmark Type": "tpcc",
 "isolation": "TRANSACTION_SERIALIZABLE",
 "DBMS Version": "5.7.44",
 "Goodput (requests/second)": 356.4499810487427,
 "terminals": "16",
 "DBMS Type": "MYSQL",
 "Latency Distribution": {
  "95th Percentile Latency (microseconds)": 120447,
  "Maximum Latency (microseconds)": 480214,
  "Median Latency (microseconds)": 34711,
  "Minimum Latency (microseconds)": 492,
  "25th Percentile Latency (microseconds)": 15912,
  "90th Percentile Latency (microseconds)": 95412,
  "99th Percentile Latency (microseconds)": 179518,
  "75th Percentile Latency (microseconds)": 62149,
  "Average Latency (microseconds)": 44690
 },
 "Throughput (requests/second)": 357.7333143138455
}
