{
 "scalefactor": "20",
 "Current Timestamp (milliseconds)": 1706686983952,
 "Benchmark Type": "tpcc",
 "isolation": "TRANSACTION_SERIALIZABLE",
 "DBMS Version": "5.7.44",
 "Goodput (requests/second)": 299.2332207767573,
 "terminals": "16",
 "DBMS Type": "MYSQL",
 "Latency Distribution": {
  "95th Percentile Latency (microseconds)": 159620,
  "Maximum Latency (microseconds)": 905523,
  "Median Latency (microseconds)": 36664,
  "Minimum Latency (microseconds)": 565,
  "25th Percentile Latency (microseconds)": 15585,
  "90th Percentile Latency (microseconds)": 116271,
  "99th Percentile Latency (microseconds)": 275005,
  "75th Percentile Latency (microseconds)": 69826,
  "Average Latency (microseconds)": 53198
 },
 "Throughput (requests/second)": 300.53322028776256
}
