{
 "scalefactor": "20",
 "Current Timestamp (milliseconds)": 1706687305536,
 "Benchmark Type": "tpcc",
 "isolation": "TRANSACTION_SERIALIZABLE",
 "DBMS Version": "5.7.44",
 "Goodput (requests/second)": 546.8326643838211,
 "terminals": "16",
 "DBMS Type": "MYSQL",
 "Latency Distribution": {
  "95th Percentile Latency (microseconds)": 78560,
  "Maximum Latency (microseconds)": 304852,
  "Median Latency (microseconds)": 22268,
  "Minimum Latency (microseconds)": 505,
  "25th Percentile Latency (microseconds)": 10825,
  "90th Percentile Latency (microseconds)": 60653,
  "99th Percentile Latency (microseconds)": 126116,
  "75th Percentile Latency (microseconds)": 38771,
  "Average Latency (microseconds)": 29117
 },
 "Throughput (requests/second)": 549.0993282776401
}
