{
 "scalefactor": "20",
 "Current Timestamp (milliseconds)": 1706688246845,
 "Benchmark Type": "tpcc",
 "isolation": "TRANSACTION_SERIALIZABLE",
 "DBMS Version": "5.7.44",
 "Goodput (requests/second)": 344.4163906858128,
 "terminals": "16",
 "DBMS Type": "MYSQL",
 "Latency Distribution": {
  "95th Percentile Latency (microseconds)": 132493,
  "Maximum Latency (microseconds)": 555192,
  "Median Latency (microseconds)": 32455,
  "Minimum Latency (microseconds)": 568,
  "25th Percentile Latency (microseconds)": 17678,
  "90th Percentile Latency (microseconds)": 97319,
  "99th Percentile Latency (microseconds)": 221286,
  "75th Percentile Latency (microseconds)": 58980,
  "Average Latency (microseconds)": 46260
 },
 "Throughput (requests/second)": 345.5830564176302
}
