{
 "scalefactor": "20",
 "Current Timestamp (milliseconds)": 1706685957972,
 "Benchmark Type": "tpcc",
 "isolation": "TRANSACTION_SERIALIZABLE",
 "DBMS Version": "5.7.44",
 "Goodput (requests/second)": 361.8166092644616,
 "terminals": "16",
 "DBMS Type": "MYSQL",
 "Latency Distribution": {
  "95th Percentile Latency (microseconds)": 125090,
  "Maximum Latency (microseconds)": 580798,
  "Median Latency (microseconds)": 30412,
  "Minimum Latency (microseconds)": 557,
  "25th Percentile Latency (microseconds)": 15667,
  "90th Percentile Latency (microseconds)": 92250,
  "99th Percentile Latency (microseconds)": 227985,
  "75th Percentile Latency (microseconds)": 57498,
  "Average Latency (microseconds)": 44047
 },
 "Throughput (requests/second)": 363.08327573017164
}
