{
 "scalefactor": "20",
 "Current Timestamp (milliseconds)": 1706689143254,
 "Benchmark Type": "tpcc",
 "isolation": "TRANSACTION_SERIALIZABLE",
 "DBMS Version": "5.7.44",
 "Goodput (requests/second)": 321.8498751705259,
 "terminals": "16",
 "DBMS Type": "MYSQL",
 "Latency Distribution": {
  "95th Percentile Latency (microseconds)": 136111,
  "Maximum Latency (microseconds)": 449421,
  "Median Latency (microseconds)": 37509,
  "Minimum Latency (microseconds)": 532,
  "25th Percentile Latency (microseconds)": 16926,
  "90th Percentile Latency (microseconds)": 108928,
  "99th Percentile Latency (microseconds)": 202046,
  "75th Percentile Latency (microseconds)": 68142,
  "Average Latency (microseconds)": 49462
 },
 "Throughput (requests/second)": 323.1498746663211
}
