{
 "scalefactor": "20",
 "Current Timestamp (milliseconds)": 1706690336803,
 "Benchmark Type": "tpcc",
 "isolation": "TRANSACTION_SERIALIZABLE",
 "DBMS Version": "5.7.44",
 "Goodput (requests/second)": 382.716469306162,
 "terminals": "16",
 "DBMS Type": "MYSQL",
 "Latency Distribution": {
  "95th Percentile Latency (microseconds)": 117641,
  "Maximum Latency (microseconds)": 428920,
  "Median Latency (microseconds)": 30489,
  "Minimum Latency (microseconds)": 538,
  "25th Percentile Latency (microseconds)": 13359,
  "90th Percentile Latency (microseconds)": 90960,
  "99th Percentile Latency (microseconds)": 177207,
  "75th Percentile Latency (microseconds)": 57492,
  "Average Latency (microseconds)": 41582
 },
 "Throughput (requests/second)": 384.4331350875728
}
