{
 "scalefactor": "20",
 "Current Timestamp (milliseconds)": 1706690260725,
 "Benchmark Type": "tpcc",
 "isolation": "TRANSACTION_SERIALIZABLE",
 "DBMS Version": "5.7.44",
 "Goodput (requests/second)": 381.233275296921,
 "terminals": "16",
 "DBMS Type": "MYSQL",
 "Latency Distribution": {
  "95th Percentile Latency (microseconds)": 116576,
  "Maximum Latency (microseconds)": 407751,
  "Median Latency (microseconds)": 31152,
  "Minimum Latency (microseconds)": 563,
  "25th Percentile Latency (microseconds)": 13355,
  "90th Percentile Latency (microseconds)": 88947,
  "99th Percentile Latency (microseconds)": 189106,
  "75th Percentile Latency (microseconds)": 57901,
  "Average Latency (microseconds)": 41773
 },
 "Throughput (requests/second)": 382.79994172508884
}
