{
 "scalefactor": "20",
 "Current Timestamp (milliseconds)": 1706686578496,
 "Benchmark Type": "tpcc",
 "isolation": "TRANSACTION_SERIALIZABLE",
 "DBMS Version": "5.7.44",
 "Goodput (requests/second)": 208.48320087005692,
 "terminals": "16",
 "DBMS Type": "MYSQL",
 "Latency Distribution": {
  "95th Percentile Latency (microseconds)": 234243,
  "Maximum Latency (microseconds)": 644352,
  "Median Latency (microseconds)": 52338,
  "Minimum Latency (microseconds)": 534,
  "25th Percentile Latency (microseconds)": 22568,
  "90th Percentile Latency (microseconds)": 180015,
  "99th Percentile Latency (microseconds)": 347963,
  "75th Percentile Latency (microseconds)": 103843,
  "Average Latency (microseconds)": 76451
 },
 "Throughput (requests/second)": 209.11653380099162
}
