{
 "scalefactor": "20",
 "Current Timestamp (milliseconds)": 1706690105391,
 "Benchmark Type": "tpcc",
 "isolation": "TRANSACTION_SERIALIZABLE",
 "DBMS Version": "5.7.44",
 "Goodput (requests/second)": 296.96644702038355,
 "terminals": "16",
 "DBMS Type": "MYSQL",
 "Latency Distribution": {
  "95th Percentile Latency (microseconds)": 153008,
  "Maximum Latency (microseconds)": 557026,
  "Median Latency (microseconds)": 39698,
  "Minimum Latency (microseconds)": 531,
  "25th Percentile Latency (microseconds)": 16179,
  "90th Percentile Latency (microseconds)": 120411,
  "99th Percentile Latency (microseconds)": 228423,
  "75th Percentile Latency (microseconds)": 74572,
  "Average Latency (microseconds)": 53656
 },
 "Throughput (requests/second)": 297.9497796264113
}
