{
 "scalefactor": "20",
 "Current Timestamp (milliseconds)": 1706689640958,
 "Benchmark Type": "tpcc",
 "isolation": "TRANSACTION_SERIALIZABLE",
 "DBMS Version": "5.7.44",
 "Goodput (requests/second)": 289.86641943476644,
 "terminals": "16",
 "DBMS Type": "MYSQL",
 "Latency Distribution": {
  "95th Percentile Latency (microseconds)": 160375,
  "Maximum Latency (microseconds)": 611909,
  "Median Latency (microseconds)": 39046,
  "Minimum Latency (microseconds)": 520,
  "25th Percentile Latency (microseconds)": 17513,
  "90th Percentile Latency (microseconds)": 122791,
  "99th Percentile Latency (microseconds)": 265954,
  "75th Percentile Latency (microseconds)": 73419,
  "Average Latency (microseconds)": 54997
 },
 "Throughput (requests/second)": 290.64975209998227
}
