{
 "scalefactor": "20",
 "Current Timestamp (milliseconds)": 1706686273473,
 "Benchmark Type": "tpcc",
 "isolation": "TRANSACTION_SERIALIZABLE",
 "DBMS Version": "5.7.44",
 "Goodput (requests/second)": 114.04987740588594,
 "terminals": "16",
 "DBMS Type": "MYSQL",
 "Latency Distribution": {
  "95th Percentile Latency (microseconds)": 413858,
  "Maximum Latency (microseconds)": 1554587,
  "Median Latency (microseconds)": 97201,
  "Minimum Latency (microseconds)": 709,
  "25th Percentile Latency (microseconds)": 41667,
  "90th Percentile Latency (microseconds)": 313137,
  "99th Percentile Latency (microseconds)": 696888,
  "75th Percentile Latency (microseconds)": 187383,
  "Average Latency (microseconds)": 139583
 },
 "Throughput (requests/second)": 114.48321027342256
}
