{
 "scalefactor": "20",
 "Current Timestamp (milliseconds)": 1706691451157,
 "Benchmark Type": "tpcc",
 "isolation": "TRANSACTION_SERIALIZABLE",
 "DBMS Version": "5.7.44",
 "Goodput (requests/second)": 576.0163415150422,
 "terminals": "16",
 "DBMS Type": "MYSQL",
 "Latency Distribution": {
  "95th Percentile Latency (microseconds)": 75042,
  "Maximum Latency (microseconds)": 727995,
  "Median Latency (microseconds)": 20092,
  "Minimum Latency (microseconds)": 575,
  "25th Percentile Latency (microseconds)": 9982,
  "90th Percentile Latency (microseconds)": 55690,
  "99th Percentile Latency (microseconds)": 142558,
  "75th Percentile Latency (microseconds)": 35540,
  "Average Latency (microseconds)": 27648
 },
 "Throughput (requests/second)": 578.1830069586623
}
