{
 "scalefactor": "20",
 "Current Timestamp (milliseconds)": 1706689720024,
 "Benchmark Type": "tpcc",
 "isolation": "TRANSACTION_SERIALIZABLE",
 "DBMS Version": "5.7.44",
 "Goodput (requests/second)": 331.8996535520783,
 "terminals": "16",
 "DBMS Type": "MYSQL",
 "Latency Distribution": {
  "95th Percentile Latency (microseconds)": 132303,
  "Maximum Latency (microseconds)": 504919,
  "Median Latency (microseconds)": 36467,
  "Minimum Latency (microseconds)": 603,
  "25th Percentile Latency (microseconds)": 15132,
  "90th Percentile Latency (microseconds)": 105150,
  "99th Percentile Latency (microseconds)": 195150,
  "75th Percentile Latency (microseconds)": 67439,
  "Average Latency (microseconds)": 47964
 },
 "Throughput (requests/second)": 333.19965219509635
}
