{
 "scalefactor": "20",
 "Current Timestamp (milliseconds)": 1706685297404,
 "Benchmark Type": "tpcc",
 "isolation": "TRANSACTION_SERIALIZABLE",
 "DBMS Version": "5.7.44",
 "Goodput (requests/second)": 328.0999674798249,
 "terminals": "16",
 "DBMS Type": "MYSQL",
 "Latency Distribution": {
  "95th Percentile Latency (microseconds)": 116194,
  "Maximum Latency (microseconds)": 3099221,
  "Median Latency (microseconds)": 29733,
  "Minimum Latency (microseconds)": 616,
  "25th Percentile Latency (microseconds)": 13538,
  "90th Percentile Latency (microseconds)": 95763,
  "99th Percentile Latency (microseconds)": 206170,
  "75th Percentile Latency (microseconds)": 56978,
  "Average Latency (microseconds)": 48544
 },
 "Throughput (requests/second)": 329.33330069091437
}
