{
 "scalefactor": "20",
 "Current Timestamp (milliseconds)": 1706691211678,
 "Benchmark Type": "tpcc",
 "isolation": "TRANSACTION_SERIALIZABLE",
 "DBMS Version": "5.7.44",
 "Goodput (requests/second)": 368.69976789735114,
 "terminals": "16",
 "DBMS Type": "MYSQL",
 "Latency Distribution": {
  "95th Percentile Latency (microseconds)": 119430,
  "Maximum Latency (microseconds)": 511149,
  "Median Latency (microseconds)": 31066,
  "Minimum Latency (microseconds)": 488,
  "25th Percentile Latency (microseconds)": 16397,
  "90th Percentile Latency (microseconds)": 89690,
  "99th Percentile Latency (microseconds)": 210995,
  "75th Percentile Latency (microseconds)": 56165,
  "Average Latency (microseconds)": 43175
 },
 "Throughput (requests/second)": 370.2497669216009
}
