{
 "scalefactor": "20",
 "Current Timestamp (milliseconds)": 1706687692907,
 "Benchmark Type": "tpcc",
 "isolation": "TRANSACTION_SERIALIZABLE",
 "DBMS Version": "5.7.44",
 "Goodput (requests/second)": 275.5832264621581,
 "terminals": "16",
 "DBMS Type": "MYSQL",
 "Latency Distribution": {
  "95th Percentile Latency (microseconds)": 174378,
  "Maximum Latency (microseconds)": 1180191,
  "Median Latency (microseconds)": 38515,
  "Minimum Latency (microseconds)": 591,
  "25th Percentile Latency (microseconds)": 17902,
  "90th Percentile Latency (microseconds)": 127411,
  "99th Percentile Latency (microseconds)": 323223,
  "75th Percentile Latency (microseconds)": 72901,
  "Average Latency (microseconds)": 57806
 },
 "Throughput (requests/second)": 276.33322617130824
}
