{
 "scalefactor": "20",
 "Current Timestamp (milliseconds)": 1706689219388,
 "Benchmark Type": "tpcc",
 "isolation": "TRANSACTION_SERIALIZABLE",
 "DBMS Version": "5.7.44",
 "Goodput (requests/second)": 435.372896143343,
 "terminals": "16",
 "DBMS Type": "MYSQL",
 "Latency Distribution": {
  "95th Percentile Latency (microseconds)": 97275,
  "Maximum Latency (microseconds)": 405866,
  "Median Latency (microseconds)": 27058,
  "Minimum Latency (microseconds)": 586,
  "25th Percentile Latency (microseconds)": 14734,
  "90th Percentile Latency (microseconds)": 74863,
  "99th Percentile Latency (microseconds)": 175908,
  "75th Percentile Latency (microseconds)": 47538,
  "Average Latency (microseconds)": 36581
 },
 "Throughput (requests/second)": 437.0394590592186
}
