{
 "scalefactor": "20",
 "Current Timestamp (milliseconds)": 1706686902890,
 "Benchmark Type": "tpcc",
 "isolation": "TRANSACTION_SERIALIZABLE",
 "DBMS Version": "5.7.44",
 "Goodput (requests/second)": 302.06622580101015,
 "terminals": "16",
 "DBMS Type": "MYSQL",
 "Latency Distribution": {
  "95th Percentile Latency (microseconds)": 155995,
  "Maximum Latency (microseconds)": 866264,
  "Median Latency (microseconds)": 36023,
  "Minimum Latency (microseconds)": 474,
  "25th Percentile Latency (microseconds)": 15815,
  "90th Percentile Latency (microseconds)": 115208,
  "99th Percentile Latency (microseconds)": 270222,
  "75th Percentile Latency (microseconds)": 69733,
  "Average Latency (microseconds)": 52705
 },
 "Throughput (requests/second)": 302.9828911298037
}
