{
 "scalefactor": "20",
 "Current Timestamp (milliseconds)": 1706690417728,
 "Benchmark Type": "tpcc",
 "isolation": "TRANSACTION_SERIALIZABLE",
 "DBMS Version": "5.7.44",
 "Goodput (requests/second)": 387.8161778696197,
 "terminals": "16",
 "DBMS Type": "MYSQL",
 "Latency Distribution": {
  "95th Percentile Latency (microseconds)": 113193,
  "Maximum Latency (microseconds)": 566203,
  "Median Latency (microseconds)": 29511,
  "Minimum Latency (microseconds)": 530,
  "25th Percentile Latency (microseconds)": 15472,
  "90th Percentile Latency (microseconds)": 84454,
  "99th Percentile Latency (microseconds)": 203003,
  "75th Percentile Latency (microseconds)": 53530,
  "Average Latency (microseconds)": 41097
 },
 "Throughput (requests/second)": 389.08284293980284
}
