{
 "scalefactor": "20",
 "Current Timestamp (milliseconds)": 1706686124197,
 "Benchmark Type": "tpcc",
 "isolation": "TRANSACTION_SERIALIZABLE",
 "DBMS Version": "5.7.44",
 "Goodput (requests/second)": 109.56664373802036,
 "terminals": "16",
 "DBMS Type": "MYSQL",
 "Latency Distribution": {
  "95th Percentile Latency (microseconds)": 433981,
  "Maximum Latency (microseconds)": 1319277,
  "Median Latency (microseconds)": 101316,
  "Minimum Latency (microseconds)": 765,
  "25th Percentile Latency (microseconds)": 40756,
  "90th Percentile Latency (microseconds)": 325806,
  "99th Percentile Latency (microseconds)": 723587,
  "75th Percentile Latency (microseconds)": 197883,
  "Average Latency (microseconds)": 145074
 },
 "Throughput (requests/second)": 109.86664367524035
}
