{
 "scalefactor": "20",
 "Current Timestamp (milliseconds)": 1706684275140,
 "Benchmark Type": "tpcc",
 "isolation": "TRANSACTION_SERIALIZABLE",
 "DBMS Version": "5.7.44",
 "Goodput (requests/second)": 287.89704003936396,
 "terminals": "16",
 "DBMS Type": "MYSQL",
 "Latency Distribution": {
  "95th Percentile Latency (microseconds)": 149197,
  "Maximum Latency (microseconds)": 568291,
  "Median Latency (microseconds)": 43568,
  "Minimum Latency (microseconds)": 534,
  "25th Percentile Latency (microseconds)": 17552,
  "90th Percentile Latency (microseconds)": 119721,
  "99th Percentile Latency (microseconds)": 219439,
  "75th Percentile Latency (microseconds)": 79023,
  "Average Latency (microseconds)": 55330
 },
 "Throughput (requests/second)": 288.94702924409245
}
