{
 "scalefactor": "20",
 "Current Timestamp (milliseconds)": 1706689796145,
 "Benchmark Type": "tpcc",
 "isolation": "TRANSACTION_SERIALIZABLE",
 "DBMS Version": "5.7.44",
 "Goodput (requests/second)": 331.6664154183014,
 "terminals": "16",
 "DBMS Type": "MYSQL",
 "Latency Distribution": {
  "95th Percentile Latency (microseconds)": 130470,
  "Maximum Latency (microseconds)": 454891,
  "Median Latency (microseconds)": 37127,
  "Minimum Latency (microseconds)": 562,
  "25th Percentile Latency (microseconds)": 16217,
  "90th Percentile Latency (microseconds)": 101956,
  "99th Percentile Latency (microseconds)": 192798,
  "75th Percentile Latency (microseconds)": 66761,
  "Average Latency (microseconds)": 47954
 },
 "Throughput (requests/second)": 333.18308093604344
}
