{
 "scalefactor": "20",
 "Current Timestamp (milliseconds)": 1706688013643,
 "Benchmark Type": "tpcc",
 "isolation": "TRANSACTION_SERIALIZABLE",
 "DBMS Version": "5.7.44",
 "Goodput (requests/second)": 224.14986769180476,
 "terminals": "16",
 "DBMS Type": "MYSQL",
 "Latency Distribution": {
  "95th Percentile Latency (microseconds)": 218601,
  "Maximum Latency (microseconds)": 850988,
  "Median Latency (microseconds)": 48208,
  "Minimum Latency (microseconds)": 570,
  "25th Percentile Latency (microseconds)": 18855,
  "90th Percentile Latency (microseconds)": 161166,
  "99th Percentile Latency (microseconds)": 355344,
  "75th Percentile Latency (microseconds)": 97386,
  "Average Latency (microseconds)": 71049
 },
 "Throughput (requests/second)": 224.88320059227615
}
