{
 "scalefactor": "20",
 "Current Timestamp (milliseconds)": 1706685455619,
 "Benchmark Type": "tpcc",
 "isolation": "TRANSACTION_SERIALIZABLE",
 "DBMS Version": "5.7.44",
 "Goodput (requests/second)": 221.86631269375584,
 "terminals": "16",
 "DBMS Type": "MYSQL",
 "Latency Distribution": {
  "95th Percentile Latency (microseconds)": 219801,
  "Maximum Latency (microseconds)": 835978,
  "Median Latency (microseconds)": 48844,
  "Minimum Latency (microseconds)": 530,
  "25th Percentile Latency (microseconds)": 18314,
  "90th Percentile Latency (microseconds)": 161329,
  "99th Percentile Latency (microseconds)": 395981,
  "75th Percentile Latency (microseconds)": 95530,
  "Average Latency (microseconds)": 71684
 },
 "Throughput (requests/second)": 222.61631149718278
}
