{
 "scalefactor": "20",
 "Current Timestamp (milliseconds)": 1706685620799,
 "Benchmark Type": "tpcc",
 "isolation": "TRANSACTION_SERIALIZABLE",
 "DBMS Version": "5.7.44",
 "Goodput (requests/second)": 300.28320092345587,
 "terminals": "16",
 "DBMS Type": "MYSQL",
 "Latency Distribution": {
  "95th Percentile Latency (microseconds)": 148528,
  "Maximum Latency (microseconds)": 664964,
  "Median Latency (microseconds)": 37924,
  "Minimum Latency (microseconds)": 417,
  "25th Percentile Latency (microseconds)": 16567,
  "90th Percentile Latency (microseconds)": 112368,
  "99th Percentile Latency (microseconds)": 289816,
  "75th Percentile Latency (microseconds)": 70533,
  "Average Latency (microseconds)": 53063
 },
 "Throughput (requests/second)": 301.2665338231886
}
