{
 "scalefactor": "20",
 "Current Timestamp (milliseconds)": 1706691606264,
 "Benchmark Type": "tpcc",
 "isolation": "TRANSACTION_SERIALIZABLE",
 "DBMS Version": "5.7.44",
 "Goodput (requests/second)": 29.333318935073734,
 "terminals": "16",
 "DBMS Type": "MYSQL",
 "Latency Distribution": {
  "95th Percentile Latency (microseconds)": 1797566,
  "Maximum Latency (microseconds)": 4598036,
  "Median Latency (microseconds)": 303755,
  "Minimum Latency (microseconds)": 869,
  "25th Percentile Latency (microseconds)": 73407,
  "90th Percentile Latency (microseconds)": 1395026,
  "99th Percentile Latency (microseconds)": 2664384,
  "75th Percentile Latency (microseconds)": 831639,
  "Average Latency (microseconds)": 548129
 },
 "Throughput (requests/second)": 29.16665235021536
}
