{
 "scalefactor": "20",
 "Current Timestamp (milliseconds)": 1706684984957,
 "Benchmark Type": "tpcc",
 "isolation": "TRANSACTION_SERIALIZABLE",
 "DBMS Version": "5.7.44",
 "Goodput (requests/second)": 228.41641432743987,
 "terminals": "16",
 "DBMS Type": "MYSQL",
 "Latency Distribution": {
  "95th Percentile Latency (microseconds)": 198762,
  "Maximum Latency (microseconds)": 798334,
  "Median Latency (microseconds)": 51376,
  "Minimum Latency (microseconds)": 636,
  "25th Percentile Latency (microseconds)": 21659,
  "90th Percentile Latency (microseconds)": 152514,
  "99th Percentile Latency (microseconds)": 306612,
  "75th Percentile Latency (microseconds)": 95589,
  "Average Latency (microseconds)": 69731
 },
 "Throughput (requests/second)": 229.09974690587293
}
