{
 "scalefactor": "20",
 "Current Timestamp (milliseconds)": 1706686427473,
 "Benchmark Type": "tpcc",
 "isolation": "TRANSACTION_SERIALIZABLE",
 "DBMS Version": "5.7.44",
 "Goodput (requests/second)": 330.61209122675257,
 "terminals": "16",
 "DBMS Type": "MYSQL",
 "Latency Distribution": {
  "95th Percentile Latency (microseconds)": 129252,
  "Maximum Latency (microseconds)": 568963,
  "Median Latency (microseconds)": 34811,
  "Minimum Latency (microseconds)": 693,
  "25th Percentile Latency (microseconds)": 16681,
  "90th Percentile Latency (microseconds)": 103690,
  "99th Percentile Latency (microseconds)": 212001,
  "75th Percentile Latency (microseconds)": 64859,
  "Average Latency (microseconds)": 48138
 },
 "Throughput (requests/second)": 331.8454074918521
}
