{
 "scalefactor": "20",
 "Current Timestamp (milliseconds)": 1706684199113,
 "Benchmark Type": "tpcc",
 "isolation": "TRANSACTION_SERIALIZABLE",
 "DBMS Version": "5.7.44",
 "Goodput (requests/second)": 292.016591754677,
 "terminals": "16",
 "DBMS Type": "MYSQL",
 "Latency Distribution": {
  "95th Percentile Latency (microseconds)": 148906,
  "Maximum Latency (microseconds)": 580472,
  "Median Latency (microseconds)": 42762,
  "Minimum Latency (microseconds)": 523,
  "25th Percentile Latency (microseconds)": 17432,
  "90th Percentile Latency (microseconds)": 118474,
  "99th Percentile Latency (microseconds)": 219114,
  "75th Percentile Latency (microseconds)": 77370,
  "Average Latency (microseconds)": 54526
 },
 "Throughput (requests/second)": 293.19992478444595
}
