{
 "scalefactor": "20",
 "Current Timestamp (milliseconds)": 1706686503478,
 "Benchmark Type": "tpcc",
 "isolation": "TRANSACTION_SERIALIZABLE",
 "DBMS Version": "5.7.44",
 "Goodput (requests/second)": 345.09831754792407,
 "terminals": "16",
 "DBMS Type": "MYSQL",
 "Latency Distribution": {
  "95th Percentile Latency (microseconds)": 125745,
  "Maximum Latency (microseconds)": 536669,
  "Median Latency (microseconds)": 34549,
  "Minimum Latency (microseconds)": 702,
  "25th Percentile Latency (microseconds)": 16723,
  "90th Percentile Latency (microseconds)": 100830,
  "99th Percentile Latency (microseconds)": 179468,
  "75th Percentile Latency (microseconds)": 64278,
  "Average Latency (microseconds)": 46188
 },
 "Throughput (requests/second)": 346.2316453559632
}
