{
 "scalefactor": "20",
 "Current Timestamp (milliseconds)": 1706691528216,
 "Benchmark Type": "tpcc",
 "isolation": "TRANSACTION_SERIALIZABLE",
 "DBMS Version": "5.7.44",
 "Goodput (requests/second)": 583.065600949079,
 "terminals": "16",
 "DBMS Type": "MYSQL",
 "Latency Distribution": {
  "95th Percentile Latency (microseconds)": 72854,
  "Maximum Latency (microseconds)": 499132,
  "Median Latency (microseconds)": 19630,
  "Minimum Latency (microseconds)": 537,
  "25th Percentile Latency (microseconds)": 9723,
  "90th Percentile Latency (microseconds)": 54420,
  "99th Percentile Latency (microseconds)": 136610,
  "75th Percentile Latency (microseconds)": 34695,
  "Average Latency (microseconds)": 27308
 },
 "Throughput (requests/second)": 585.5155964710181
}
