{
 "scalefactor": "20",
 "Current Timestamp (milliseconds)": 1706690969443,
 "Benchmark Type": "tpcc",
 "isolation": "TRANSACTION_SERIALIZABLE",
 "DBMS Version": "5.7.44",
 "Goodput (requests/second)": 375.3499786238187,
 "terminals": "16",
 "DBMS Type": "MYSQL",
 "Latency Distribution": {
  "95th Percentile Latency (microseconds)": 116711,
  "Maximum Latency (microseconds)": 535805,
  "Median Latency (microseconds)": 30455,
  "Minimum Latency (microseconds)": 542,
  "25th Percentile Latency (microseconds)": 15594,
  "90th Percentile Latency (microseconds)": 87991,
  "99th Percentile Latency (microseconds)": 212063,
  "75th Percentile Latency (microseconds)": 55211,
  "Average Latency (microseconds)": 42433
 },
 "Throughput (requests/second)": 376.73331187837124
}
