{
 "scalefactor": "20",
 "Current Timestamp (milliseconds)": 1706684432282,
 "Benchmark Type": "tpcc",
 "isolation": "TRANSACTION_SERIALIZABLE",
 "DBMS Version": "5.7.44",
 "Goodput (requests/second)": 246.14984513482491,
 "terminals": "16",
 "DBMS Type": "MYSQL",
 "Latency Distribution": {
  "95th Percentile Latency (microseconds)": 196496,
  "Maximum Latency (microseconds)": 791890,
  "Median Latency (microseconds)": 44107,
  "Minimum Latency (microseconds)": 582,
  "25th Percentile Latency (microseconds)": 18294,
  "90th Percentile Latency (microseconds)": 144788,
  "99th Percentile Latency (microseconds)": 329914,
  "75th Percentile Latency (microseconds)": 86036,
  "Average Latency (microseconds)": 64696
 },
 "Throughput (requests/second)": 247.0998445371328
}
