{
 "scalefactor": "20",
 "Current Timestamp (milliseconds)": 1706687065064,
 "Benchmark Type": "tpcc",
 "isolation": "TRANSACTION_SERIALIZABLE",
 "DBMS Version": "5.7.44",
 "Goodput (requests/second)": 375.3114224147955,
 "terminals": "16",
 "DBMS Type": "MYSQL",
 "Latency Distribution": {
  "95th Percentile Latency (microseconds)": 115862,
  "Maximum Latency (microseconds)": 454854,
  "Median Latency (microseconds)": 32150,
  "Minimum Latency (microseconds)": 554,
  "25th Percentile Latency (microseconds)": 15634,
  "90th Percentile Latency (microseconds)": 89336,
  "99th Percentile Latency (microseconds)": 184083,
  "75th Percentile Latency (microseconds)": 56886,
  "Average Latency (microseconds)": 42472
 },
 "Throughput (requests/second)": 376.5280180558382
}
