{
 "scalefactor": "20",
 "Current Timestamp (milliseconds)": 1706687225355,
 "Benchmark Type": "tpcc",
 "isolation": "TRANSACTION_SERIALIZABLE",
 "DBMS Version": "5.7.44",
 "Goodput (requests/second)": 400.5993928782668,
 "terminals": "16",
 "DBMS Type": "MYSQL",
 "Latency Distribution": {
  "95th Percentile Latency (microseconds)": 107320,
  "Maximum Latency (microseconds)": 407919,
  "Median Latency (microseconds)": 30654,
  "Minimum Latency (microseconds)": 512,
  "25th Percentile Latency (microseconds)": 14624,
  "90th Percentile Latency (microseconds)": 83922,
  "99th Percentile Latency (microseconds)": 160165,
  "75th Percentile Latency (microseconds)": 54139,
  "Average Latency (microseconds)": 39759
 },
 "Throughput (requests/second)": 402.11605724637803
}
