{
 "scalefactor": "20",
 "Current Timestamp (milliseconds)": 1706688667834,
 "Benchmark Type": "tpcc",
 "isolation": "TRANSACTION_SERIALIZABLE",
 "DBMS Version": "5.7.44",
 "Goodput (requests/second)": 357.0130752995859,
 "terminals": "16",
 "DBMS Type": "MYSQL",
 "Latency Distribution": {
  "95th Percentile Latency (microseconds)": 125218,
  "Maximum Latency (microseconds)": 513231,
  "Median Latency (microseconds)": 31270,
  "Minimum Latency (microseconds)": 519,
  "25th Percentile Latency (microseconds)": 15638,
  "90th Percentile Latency (microseconds)": 93555,
  "99th Percentile Latency (microseconds)": 225279,
  "75th Percentile Latency (microseconds)": 58870,
  "Average Latency (microseconds)": 44659
 },
 "Throughput (requests/second)": 357.94639924416254
}
