{
 "scalefactor": "20",
 "Current Timestamp (milliseconds)": 1706688501449,
 "Benchmark Type": "tpcc",
 "isolation": "TRANSACTION_SERIALIZABLE",
 "DBMS Version": "5.7.44",
 "Goodput (requests/second)": 336.3999600973581,
 "terminals": "16",
 "DBMS Type": "MYSQL",
 "Latency Distribution": {
  "95th Percentile Latency (microseconds)": 133551,
  "Maximum Latency (microseconds)": 883103,
  "Median Latency (microseconds)": 32694,
  "Minimum Latency (microseconds)": 577,
  "25th Percentile Latency (microseconds)": 16062,
  "90th Percentile Latency (microseconds)": 99091,
  "99th Percentile Latency (microseconds)": 259941,
  "75th Percentile Latency (microseconds)": 60938,
  "Average Latency (microseconds)": 47322
 },
 "Throughput (requests/second)": 337.9332932488125
}
