{
 "scalefactor": "20",
 "Current Timestamp (milliseconds)": 1706688332103,
 "Benchmark Type": "tpcc",
 "isolation": "TRANSACTION_SERIALIZABLE",
 "DBMS Version": "5.7.44",
 "Goodput (requests/second)": 396.5165236299394,
 "terminals": "16",
 "DBMS Type": "MYSQL",
 "Latency Distribution": {
  "95th Percentile Latency (microseconds)": 111020,
  "Maximum Latency (microseconds)": 567084,
  "Median Latency (microseconds)": 28261,
  "Minimum Latency (microseconds)": 564,
  "25th Percentile Latency (microseconds)": 15750,
  "90th Percentile Latency (microseconds)": 82381,
  "99th Percentile Latency (microseconds)": 207824,
  "75th Percentile Latency (microseconds)": 50883,
  "Average Latency (microseconds)": 40143
 },
 "Throughput (requests/second)": 398.13318971342073
}
