{
 "scalefactor": "20",
 "Current Timestamp (milliseconds)": 1706686741686,
 "Benchmark Type": "tpcc",
 "isolation": "TRANSACTION_SERIALIZABLE",
 "DBMS Version": "5.7.44",
 "Goodput (requests/second)": 206.81644308430393,
 "terminals": "16",
 "DBMS Type": "MYSQL",
 "Latency Distribution": {
  "95th Percentile Latency (microseconds)": 250090,
  "Maximum Latency (microseconds)": 820868,
  "Median Latency (microseconds)": 49570,
  "Minimum Latency (microseconds)": 564,
  "25th Percentile Latency (microseconds)": 21665,
  "90th Percentile Latency (microseconds)": 179611,
  "99th Percentile Latency (microseconds)": 394856,
  "75th Percentile Latency (microseconds)": 102503,
  "Average Latency (microseconds)": 77034
 },
 "Throughput (requests/second)": 207.51644232755808
}
