{
 "scalefactor": "20",
 "Current Timestamp (milliseconds)": 1706690184568,
 "Benchmark Type": "tpcc",
 "isolation": "TRANSACTION_SERIALIZABLE",
 "DBMS Version": "5.7.44",
 "Goodput (requests/second)": 385.7166275614293,
 "terminals": "16",
 "DBMS Type": "MYSQL",
 "Latency Distribution": {
  "95th Percentile Latency (microseconds)": 117255,
  "Maximum Latency (microseconds)": 444669,
  "Median Latency (microseconds)": 30597,
  "Minimum Latency (microseconds)": 494,
  "25th Percentile Latency (microseconds)": 12932,
  "90th Percentile Latency (microseconds)": 90560,
  "99th Percentile Latency (microseconds)": 175247,
  "75th Percentile Latency (microseconds)": 57069,
  "Average Latency (microseconds)": 41248
 },
 "Throughput (requests/second)": 387.38329405912367
}
