{
 "scalefactor": "20",
 "Current Timestamp (milliseconds)": 1706685790924,
 "Benchmark Type": "tpcc",
 "isolation": "TRANSACTION_SERIALIZABLE",
 "DBMS Version": "5.7.44",
 "Goodput (requests/second)": 302.6831910722335,
 "terminals": "16",
 "DBMS Type": "MYSQL",
 "Latency Distribution": {
  "95th Percentile Latency (microseconds)": 148680,
  "Maximum Latency (microseconds)": 718526,
  "Median Latency (microseconds)": 37215,
  "Minimum Latency (microseconds)": 538,
  "25th Percentile Latency (microseconds)": 16222,
  "90th Percentile Latency (microseconds)": 111998,
  "99th Percentile Latency (microseconds)": 277708,
  "75th Percentile Latency (microseconds)": 70462,
  "Average Latency (microseconds)": 52617
 },
 "Throughput (requests/second)": 303.7831905552338
}
