{
 "scalefactor": "20",
 "Current Timestamp (milliseconds)": 1706689948300,
 "Benchmark Type": "tpcc",
 "isolation": "TRANSACTION_SERIALIZABLE",
 "DBMS Version": "5.7.44",
 "Goodput (requests/second)": 282.8330831061908,
 "terminals": "16",
 "DBMS Type": "MYSQL",
 "Latency Distribution": {
  "95th Percentile Latency (microseconds)": 159058,
  "Maximum Latency (microseconds)": 445702,
  "Median Latency (microseconds)": 41778,
  "Minimum Latency (microseconds)": 535,
  "25th Percentile Latency (microseconds)": 17214,
  "90th Percentile Latency (microseconds)": 125500,
  "99th Percentile Latency (microseconds)": 234531,
  "75th Percentile Latency (microseconds)": 80336,
  "Average Latency (microseconds)": 56353
 },
 "Throughput (requests/second)": 283.7497489618679
}
