{
 "scalefactor": "20",
 "Current Timestamp (milliseconds)": 1706687459751,
 "Benchmark Type": "tpcc",
 "isolation": "TRANSACTION_SERIALIZABLE",
 "DBMS Version": "5.7.44",
 "Goodput (requests/second)": 531.5831603473133,
 "terminals": "16",
 "DBMS Type": "MYSQL",
 "Latency Distribution": {
  "95th Percentile Latency (microseconds)": 80282,
  "Maximum Latency (microseconds)": 466472,
  "Median Latency (microseconds)": 22461,
  "Minimum Latency (microseconds)": 532,
  "25th Percentile Latency (microseconds)": 11324,
  "90th Percentile Latency (microseconds)": 60925,
  "99th Percentile Latency (microseconds)": 143248,
  "75th Percentile Latency (microseconds)": 38961,
  "Average Latency (microseconds)": 29963
 },
 "Throughput (requests/second)": 533.6664930026955
}
