{
 "scalefactor": "20",
 "Current Timestamp (milliseconds)": 1706688165781,
 "Benchmark Type": "tpcc",
 "isolation": "TRANSACTION_SERIALIZABLE",
 "DBMS Version": "5.7.44",
 "Goodput (requests/second)": 220.71636158515446,
 "terminals": "16",
 "DBMS Type": "MYSQL",
 "Latency Distribution": {
  "95th Percentile Latency (microseconds)": 221056,
  "Maximum Latency (microseconds)": 646232,
  "Median Latency (microseconds)": 50133,
  "Minimum Latency (microseconds)": 520,
  "25th Percentile Latency (microseconds)": 19580,
  "90th Percentile Latency (microseconds)": 168468,
  "99th Percentile Latency (microseconds)": 340542,
  "75th Percentile Latency (microseconds)": 99006,
  "Average Latency (microseconds)": 72199
 },
 "Throughput (requests/second)": 221.49969383573986
}
