{
 "scalefactor": "20",
 "Current Timestamp (milliseconds)": 1706691836531,
 "Benchmark Type": "tpcc",
 "isolation": "TRANSACTION_SERIALIZABLE",
 "DBMS Version": "5.7.44",
 "Goodput (requests/second)": 419.2323316196002,
 "terminals": "16",
 "DBMS Type": "MYSQL",
 "Latency Distribution": {
  "95th Percentile Latency (microseconds)": 103267,
  "Maximum Latency (microseconds)": 407692,
  "Median Latency (microseconds)": 29061,
  "Minimum Latency (microseconds)": 483,
  "25th Percentile Latency (microseconds)": 13271,
  "90th Percentile Latency (microseconds)": 80840,
  "99th Percentile Latency (microseconds)": 161780,
  "75th Percentile Latency (microseconds)": 52159,
  "Average Latency (microseconds)": 38008
 },
 "Throughput (requests/second)": 420.49899525970073
}
