{
 "scalefactor": "20",
 "Current Timestamp (milliseconds)": 1706684589418,
 "Benchmark Type": "tpcc",
 "isolation": "TRANSACTION_SERIALIZABLE",
 "DBMS Version": "5.7.44",
 "Goodput (requests/second)": 238.6332588081666,
 "terminals": "16",
 "DBMS Type": "MYSQL",
 "Latency Distribution": {
  "95th Percentile Latency (microseconds)": 195507,
  "Maximum Latency (microseconds)": 903089,
  "Median Latency (microseconds)": 45369,
  "Minimum Latency (microseconds)": 531,
  "25th Percentile Latency (microseconds)": 19074,
  "90th Percentile Latency (microseconds)": 147687,
  "99th Percentile Latency (microseconds)": 350418,
  "75th Percentile Latency (microseconds)": 89520,
  "Average Latency (microseconds)": 66625
 },
 "Throughput (requests/second)": 239.84992509486838
}
