{
 "scalefactor": "20",
 "Current Timestamp (milliseconds)": 1706684352140,
 "Benchmark Type": "tpcc",
 "isolation": "TRANSACTION_SERIALIZABLE",
 "DBMS Version": "5.7.44",
 "Goodput (requests/second)": 212.3331721193724,
 "terminals": "16",
 "DBMS Type": "MYSQL",
 "Latency Distribution": {
  "95th Percentile Latency (microseconds)": 239000,
  "Maximum Latency (microseconds)": 1366288,
  "Median Latency (microseconds)": 46929,
  "Minimum Latency (microseconds)": 524,
  "25th Percentile Latency (microseconds)": 18908,
  "90th Percentile Latency (microseconds)": 165676,
  "99th Percentile Latency (microseconds)": 485023,
  "75th Percentile Latency (microseconds)": 95491,
  "Average Latency (microseconds)": 75032
 },
 "Throughput (requests/second)": 213.09983820394785
}
