{
 "scalefactor": "20",
 "Current Timestamp (milliseconds)": 1706688089726,
 "Benchmark Type": "tpcc",
 "isolation": "TRANSACTION_SERIALIZABLE",
 "DBMS Version": "5.7.44",
 "Goodput (requests/second)": 230.79974561252038,
 "terminals": "16",
 "DBMS Type": "MYSQL",
 "Latency Distribution": {
  "95th Percentile Latency (microseconds)": 204097,
  "Maximum Latency (microseconds)": 793267,
  "Median Latency (microseconds)": 49207,
  "Minimum Latency (microseconds)": 504,
  "25th Percentile Latency (microseconds)": 19408,
  "90th Percentile Latency (microseconds)": 156300,
  "99th Percentile Latency (microseconds)": 322754,
  "75th Percentile Latency (microseconds)": 94051,
  "Average Latency (microseconds)": 68994
 },
 "Throughput (requests/second)": 231.53307813757462
}
