{
 "scalefactor": "20",
 "Current Timestamp (milliseconds)": 1706684121085,
 "Benchmark Type": "tpcc",
 "isolation": "TRANSACTION_SERIALIZABLE",
 "DBMS Version": "5.7.44",
 "Goodput (requests/second)": 297.6331087195473,
 "terminals": "16",
 "DBMS Type": "MYSQL",
 "Latency Distribution": {
  "95th Percentile Latency (microseconds)": 145589,
  "Maximum Latency (microseconds)": 695388,
  "Median Latency (microseconds)": 41537,
  "Minimum Latency (microseconds)": 476,
  "25th Percentile Latency (microseconds)": 17485,
  "90th Percentile Latency (microseconds)": 115813,
  "99th Percentile Latency (microseconds)": 218114,
  "75th Percentile Latency (microseconds)": 74540,
  "Average Latency (microseconds)": 53561
 },
 "Throughput (requests/second)": 298.5164413862589
}
