{
 "scalefactor": "20",
 "Current Timestamp (milliseconds)": 1706690735232,
 "Benchmark Type": "tpcc",
 "isolation": "TRANSACTION_SERIALIZABLE",
 "DBMS Version": "5.7.44",
 "Goodput (requests/second)": 408.1493325874088,
 "terminals": "16",
 "DBMS Type": "MYSQL",
 "Latency Distribution": {
  "95th Percentile Latency (microseconds)": 104410,
  "Maximum Latency (microseconds)": 612495,
  "Median Latency (microseconds)": 29455,
  "Minimum Latency (microseconds)": 494,
  "25th Percentile Latency (microseconds)": 13316,
  "90th Percentile Latency (microseconds)": 81877,
  "99th Percentile Latency (microseconds)": 174969,
  "75th Percentile Latency (microseconds)": 52618,
  "Average Latency (microseconds)": 39011
 },
 "Throughput (requests/second)": 409.7159966922403
}
