{
 "scalefactor": "20",
 "Current Timestamp (milliseconds)": 1706691292776,
 "Benchmark Type": "tpcc",
 "isolation": "TRANSACTION_SERIALIZABLE",
 "DBMS Version": "5.7.44",
 "Goodput (requests/second)": 353.1999590582381,
 "terminals": "16",
 "DBMS Type": "MYSQL",
 "Latency Distribution": {
  "95th Percentile Latency (microseconds)": 124551,
  "Maximum Latency (microseconds)": 745949,
  "Median Latency (microseconds)": 31704,
  "Minimum Latency (microseconds)": 554,
  "25th Percentile Latency (microseconds)": 16224,
  "90th Percentile Latency (microseconds)": 91797,
  "99th Percentile Latency (microseconds)": 234869,
  "75th Percentile Latency (microseconds)": 57598,
  "Average Latency (microseconds)": 45082
 },
 "Throughput (requests/second)": 354.63329222542416
}
