{
 "scalefactor": "20",
 "Current Timestamp (milliseconds)": 1706689562896,
 "Benchmark Type": "tpcc",
 "isolation": "TRANSACTION_SERIALIZABLE",
 "DBMS Version": "5.7.44",
 "Goodput (requests/second)": 289.9662617046183,
 "terminals": "16",
 "DBMS Type": "MYSQL",
 "Latency Distribution": {
  "95th Percentile Latency (microseconds)": 160634,
  "Maximum Latency (microseconds)": 579769,
  "Median Latency (microseconds)": 39757,
  "Minimum Latency (microseconds)": 551,
  "25th Percentile Latency (microseconds)": 17327,
  "90th Percentile Latency (microseconds)": 120816,
  "99th Percentile Latency (microseconds)": 253157,
  "75th Percentile Latency (microseconds)": 74692,
  "Average Latency (microseconds)": 54969
 },
 "Throughput (requests/second)": 290.8329271609145
}
