{
 "scalefactor": "20",
 "Current Timestamp (milliseconds)": 1706691914718,
 "Benchmark Type": "tpcc",
 "isolation": "TRANSACTION_SERIALIZABLE",
 "DBMS Version": "5.7.44",
 "Goodput (requests/second)": 415.9829780422718,
 "terminals": "16",
 "DBMS Type": "MYSQL",
 "Latency Distribution": {
  "95th Percentile Latency (microseconds)": 103778,
  "Maximum Latency (microseconds)": 1789935,
  "Median Latency (microseconds)": 28101,
  "Minimum Latency (microseconds)": 443,
  "25th Percentile Latency (microseconds)": 13055,
  "90th Percentile Latency (microseconds)": 79605,
  "99th Percentile Latency (microseconds)": 160916,
  "75th Percentile Latency (microseconds)": 50509,
  "Average Latency (microseconds)": 38292
 },
 "Throughput (requests/second)": 417.582976675713
}
