{
 "scalefactor": "20",
 "Current Timestamp (milliseconds)": 1706686198342,
 "Benchmark Type": "tpcc",
 "isolation": "TRANSACTION_SERIALIZABLE",
 "DBMS Version": "5.7.44",
 "Goodput (requests/second)": 108.03319573145193,
 "terminals": "16",
 "DBMS Type": "MYSQL",
 "Latency Distribution": {
  "95th Percentile Latency (microseconds)": 431686,
  "Maximum Latency (microseconds)": 1339506,
  "Median Latency (microseconds)": 100134,
  "Minimum Latency (microseconds)": 763,
  "25th Percentile Latency (microseconds)": 42498,
  "90th Percentile Latency (microseconds)": 328805,
  "99th Percentile Latency (microseconds)": 797817,
  "75th Percentile Latency (microseconds)": 200473,
  "Average Latency (microseconds)": 147434
 },
 "Throughput (requests/second)": 108.24986212215062
}
