{
 "scalefactor": "20",
 "Current Timestamp (milliseconds)": 1706687773008,
 "Benchmark Type": "tpcc",
 "isolation": "TRANSACTION_SERIALIZABLE",
 "DBMS Version": "5.7.44",
 "Goodput (requests/second)": 151.13321835621858,
 "terminals": "16",
 "DBMS Type": "MYSQL",
 "Latency Distribution": {
  "95th Percentile Latency (microseconds)": 385224,
  "Maximum Latency (microseconds)": 1244236,
  "Median Latency (microseconds)": 56566,
  "Minimum Latency (microseconds)": 616,
  "25th Percentile Latency (microseconds)": 20500,
  "90th Percentile Latency (microseconds)": 261563,
  "99th Percentile Latency (microseconds)": 666687,
  "75th Percentile Latency (microseconds)": 132120,
  "Average Latency (microseconds)": 105543
 },
 "Throughput (requests/second)": 151.49988474393768
}
