{
 "scalefactor": "20",
 "Current Timestamp (milliseconds)": 1706683969921,
 "Benchmark Type": "tpcc",
 "isolation": "TRANSACTION_SERIALIZABLE",
 "DBMS Version": "5.7.44",
 "Goodput (requests/second)": 193.666353175713,
 "terminals": "16",
 "DBMS Type": "MYSQL",
 "Latency Distribution": {
  "95th Percentile Latency (microseconds)": 224117,
  "Maximum Latency (microseconds)": 3369986,
  "Median Latency (microseconds)": 55940,
  "Minimum Latency (microseconds)": 746,
  "25th Percentile Latency (microseconds)": 26981,
  "90th Percentile Latency (microseconds)": 164676,
  "99th Percentile Latency (microseconds)": 431857,
  "75th Percentile Latency (microseconds)": 102889,
  "Average Latency (microseconds)": 82326
 },
 "Throughput (requests/second)": 194.09968580760358
}
