{
 "scalefactor": "20",
 "Current Timestamp (milliseconds)": 1706690658187,
 "Benchmark Type": "tpcc",
 "isolation": "TRANSACTION_SERIALIZABLE",
 "DBMS Version": "5.7.44",
 "Goodput (requests/second)": 418.2998875331036,
 "terminals": "16",
 "DBMS Type": "MYSQL",
 "Latency Distribution": {
  "95th Percentile Latency (microseconds)": 102384,
  "Maximum Latency (microseconds)": 482577,
  "Median Latency (microseconds)": 29645,
  "Minimum Latency (microseconds)": 532,
  "25th Percentile Latency (microseconds)": 13816,
  "90th Percentile Latency (microseconds)": 79351,
  "99th Percentile Latency (microseconds)": 160438,
  "75th Percentile Latency (microseconds)": 51874,
  "Average Latency (microseconds)": 38059
 },
 "Throughput (requests/second)": 420.16655369788594
}
