{
 "scalefactor": "20",
 "Current Timestamp (milliseconds)": 1706687382643,
 "Benchmark Type": "tpcc",
 "isolation": "TRANSACTION_SERIALIZABLE",
 "DBMS Version": "5.7.44",
 "Goodput (requests/second)": 523.6159611727014,
 "terminals": "16",
 "DBMS Type": "MYSQL",
 "Latency Distribution": {
  "95th Percentile Latency (microseconds)": 84172,
  "Maximum Latency (microseconds)": 342452,
  "Median Latency (microseconds)": 22762,
  "Minimum Latency (microseconds)": 511,
  "25th Percentile Latency (microseconds)": 11486,
  "90th Percentile Latency (microseconds)": 62925,
  "99th Percentile Latency (microseconds)": 139145,
  "75th Percentile Latency (microseconds)": 39753,
  "Average Latency (microseconds)": 30427
 },
 "Throughput (requests/second)": 525.615958478005
}
