{
 "scalefactor": "20",
 "Current Timestamp (milliseconds)": 1706691049554,
 "Benchmark Type": "tpcc",
 "isolation": "TRANSACTION_SERIALIZABLE",
 "DBMS Version": "5.7.44",
 "Goodput (requests/second)": 367.3998013591741,
 "terminals": "16",
 "DBMS Type": "MYSQL",
 "Latency Distribution": {
  "95th Percentile Latency (microseconds)": 121088,
  "Maximum Latency (microseconds)": 541911,
  "Median Latency (microseconds)": 31009,
  "Minimum Latency (microseconds)": 509,
  "25th Percentile Latency (microseconds)": 16048,
  "90th Percentile Latency (microseconds)": 89665,
  "99th Percentile Latency (microseconds)": 214232,
  "75th Percentile Latency (microseconds)": 56723,
  "Average Latency (microseconds)": 43361
 },
 "Throughput (requests/second)": 368.71646731396334
}
