{
 "scalefactor": "20",
 "Current Timestamp (milliseconds)": 1706690888443,
 "Benchmark Type": "tpcc",
 "isolation": "TRANSACTION_SERIALIZABLE",
 "DBMS Version": "5.7.44",
 "Goodput (requests/second)": 375.4830292859504,
 "terminals": "16",
 "DBMS Type": "MYSQL",
 "Latency Distribution": {
  "95th Percentile Latency (microseconds)": 118752,
  "Maximum Latency (microseconds)": 514055,
  "Median Latency (microseconds)": 29972,
  "Minimum Latency (microseconds)": 535,
  "25th Percentile Latency (microseconds)": 15665,
  "90th Percentile Latency (microseconds)": 89205,
  "99th Percentile Latency (microseconds)": 210070,
  "75th Percentile Latency (microseconds)": 55079,
  "Average Latency (microseconds)": 42369
 },
 "Throughput (requests/second)": 377.1830279093765
}
