{
 "scalefactor": "20",
 "Current Timestamp (milliseconds)": 1706687535807,
 "Benchmark Type": "tpcc",
 "isolation": "TRANSACTION_SERIALIZABLE",
 "DBMS Version": "5.7.44",
 "Goodput (requests/second)": 296.31639055411534,
 "terminals": "16",
 "DBMS Type": "MYSQL",
 "Latency Distribution": {
  "95th Percentile Latency (microseconds)": 157584,
  "Maximum Latency (microseconds)": 959104,
  "Median Latency (microseconds)": 36633,
  "Minimum Latency (microseconds)": 692,
  "25th Percentile Latency (microseconds)": 16762,
  "90th Percentile Latency (microseconds)": 118385,
  "99th Percentile Latency (microseconds)": 271802,
  "75th Percentile Latency (microseconds)": 69436,
  "Average Latency (microseconds)": 53675
 },
 "Throughput (requests/second)": 297.68305594730043
}
