{
 "scalefactor": "20",
 "Current Timestamp (milliseconds)": 1706690578073,
 "Benchmark Type": "tpcc",
 "isolation": "TRANSACTION_SERIALIZABLE",
 "DBMS Version": "5.7.44",
 "Goodput (requests/second)": 378.7493210160922,
 "terminals": "16",
 "DBMS Type": "MYSQL",
 "Latency Distribution": {
  "95th Percentile Latency (microseconds)": 116185,
  "Maximum Latency (microseconds)": 512332,
  "Median Latency (microseconds)": 30427,
  "Minimum Latency (microseconds)": 574,
  "25th Percentile Latency (microseconds)": 15867,
  "90th Percentile Latency (microseconds)": 86161,
  "99th Percentile Latency (microseconds)": 208577,
  "75th Percentile Latency (microseconds)": 54258,
  "Average Latency (microseconds)": 42011
 },
 "Throughput (requests/second)": 380.34931814777735
}
