{
 "scalefactor": "20",
 "Current Timestamp (milliseconds)": 1706688830911,
 "Benchmark Type": "tpcc",
 "isolation": "TRANSACTION_SERIALIZABLE",
 "DBMS Version": "5.7.44",
 "Goodput (requests/second)": 368.16620316382523,
 "terminals": "16",
 "DBMS Type": "MYSQL",
 "Latency Distribution": {
  "95th Percentile Latency (microseconds)": 114428,
  "Maximum Latency (microseconds)": 549104,
  "Median Latency (microseconds)": 33132,
  "Minimum Latency (microseconds)": 504,
  "25th Percentile Latency (microseconds)": 14846,
  "90th Percentile Latency (microseconds)": 91811,
  "99th Percentile Latency (microseconds)": 176316,
  "75th Percentile Latency (microseconds)": 60193,
  "Average Latency (microseconds)": 43257
 },
 "Throughput (requests/second)": 369.5828680469816
}
