{
 "scalefactor": "20",
 "Current Timestamp (milliseconds)": 1706690497875,
 "Benchmark Type": "tpcc",
 "isolation": "TRANSACTION_SERIALIZABLE",
 "DBMS Version": "5.7.44",
 "Goodput (requests/second)": 377.08315079366474,
 "terminals": "16",
 "DBMS Type": "MYSQL",
 "Latency Distribution": {
  "95th Percentile Latency (microseconds)": 116372,
  "Maximum Latency (microseconds)": 1092618,
  "Median Latency (microseconds)": 30330,
  "Minimum Latency (microseconds)": 527,
  "25th Percentile Latency (microseconds)": 15430,
  "90th Percentile Latency (microseconds)": 87742,
  "99th Percentile Latency (microseconds)": 206023,
  "75th Percentile Latency (microseconds)": 55012,
  "Average Latency (microseconds)": 42275
 },
 "Throughput (requests/second)": 378.2498168955678
}
