{
 "scalefactor": "20",
 "Current Timestamp (milliseconds)": 1706684044020,
 "Benchmark Type": "tpcc",
 "isolation": "TRANSACTION_SERIALIZABLE",
 "DBMS Version": "5.7.44",
 "Goodput (requests/second)": 299.9998980950346,
 "terminals": "16",
 "DBMS Type": "MYSQL",
 "Latency Distribution": {
  "95th Percentile Latency (microseconds)": 146867,
  "Maximum Latency (microseconds)": 775202,
  "Median Latency (microseconds)": 40305,
  "Minimum Latency (microseconds)": 551,
  "25th Percentile Latency (microseconds)": 16984,
  "90th Percentile Latency (microseconds)": 115750,
  "99th Percentile Latency (microseconds)": 222989,
  "75th Percentile Latency (microseconds)": 73442,
  "Average Latency (microseconds)": 53073
 },
 "Throughput (requests/second)": 301.26656433143586
}
