{
 "scalefactor": "20",
 "Current Timestamp (milliseconds)": 1706688416305,
 "Benchmark Type": "tpcc",
 "isolation": "TRANSACTION_SERIALIZABLE",
 "DBMS Version": "5.7.44",
 "Goodput (requests/second)": 404.2329438212059,
 "terminals": "16",
 "DBMS Type": "MYSQL",
 "Latency Distribution": {
  "95th Percentile Latency (microseconds)": 109595,
  "Maximum Latency (microseconds)": 421197,
  "Median Latency (microseconds)": 27522,
  "Minimum Latency (microseconds)": 514,
  "25th Percentile Latency (microseconds)": 15732,
  "90th Percentile Latency (microseconds)": 80391,
  "99th Percentile Latency (microseconds)": 206320,
  "75th Percentile Latency (microseconds)": 49752,
  "Average Latency (microseconds)": 39386
 },
 "Throughput (requests/second)": 405.832942279474
}
