{
 "scalefactor": "20",
 "Current Timestamp (milliseconds)": 1706691373844,
 "Benchmark Type": "tpcc",
 "isolation": "TRANSACTION_SERIALIZABLE",
 "DBMS Version": "5.7.44",
 "Goodput (requests/second)": 595.865996337283,
 "terminals": "16",
 "DBMS Type": "MYSQL",
 "Latency Distribution": {
  "95th Percentile Latency (microseconds)": 69715,
  "Maximum Latency (microseconds)": 705960,
  "Median Latency (microseconds)": 19362,
  "Minimum Latency (microseconds)": 541,
  "25th Percentile Latency (microseconds)": 9938,
  "90th Percentile Latency (microseconds)": 53097,
  "99th Percentile Latency (microseconds)": 130809,
  "75th Percentile Latency (microseconds)": 34021,
  "Average Latency (microseconds)": 26695
 },
 "Throughput (requests/second)": 598.199327045697
}
