{
 "scalefactor": "20",
 "Current Timestamp (milliseconds)": 1706688991011,
 "Benchmark Type": "tpcc",
 "isolation": "TRANSACTION_SERIALIZABLE",
 "DBMS Version": "5.7.44",
 "Goodput (requests/second)": 307.4329452248594,
 "terminals": "16",
 "DBMS Type": "MYSQL",
 "Latency Distribution": {
  "95th Percentile Latency (microseconds)": 141880,
  "Maximum Latency (microseconds)": 581130,
  "Median Latency (microseconds)": 38996,
  "Minimum Latency (microseconds)": 564,
  "25th Percentile Latency (microseconds)": 17801,
  "90th Percentile Latency (microseconds)": 112627,
  "99th Percentile Latency (microseconds)": 212944,
  "75th Percentile Latency (microseconds)": 71078,
  "Average Latency (microseconds)": 51765
 },
 "Throughput (requests/second)": 308.7162769380934
}
