{
 "scalefactor": "20",
 "Current Timestamp (milliseconds)": 1706686659544,
 "Benchmark Type": "tpcc",
 "isolation": "TRANSACTION_SERIALIZABLE",
 "DBMS Version": "5.7.44",
 "Goodput (requests/second)": 211.83308338441714,
 "terminals": "16",
 "DBMS Type": "MYSQL",
 "Latency Distribution": {
  "95th Percentile Latency (microseconds)": 230002,
  "Maximum Latency (microseconds)": 948061,
  "Median Latency (microseconds)": 51739,
  "Minimum Latency (microseconds)": 594,
  "25th Percentile Latency (microseconds)": 22171,
  "90th Percentile Latency (microseconds)": 169682,
  "99th Percentile Latency (microseconds)": 367942,
  "75th Percentile Latency (microseconds)": 100446,
  "Average Latency (microseconds)": 75189
 },
 "Throughput (requests/second)": 212.48308261746138
}
