{
 "scalefactor": "20",
 "Current Timestamp (milliseconds)": 1706685063965,
 "Benchmark Type": "tpcc",
 "isolation": "TRANSACTION_SERIALIZABLE",
 "DBMS Version": "5.7.44",
 "Goodput (requests/second)": 238.9499059931245,
 "terminals": "16",
 "DBMS Type": "MYSQL",
 "Latency Distribution": {
  "95th Percentile Latency (microseconds)": 191426,
  "Maximum Latency (microseconds)": 812760,
  "Median Latency (microseconds)": 49535,
  "Minimum Latency (microseconds)": 507,
  "25th Percentile Latency (microseconds)": 20865,
  "90th Percentile Latency (microseconds)": 145870,
  "99th Percentile Latency (microseconds)": 292229,
  "75th Percentile Latency (microseconds)": 91527,
  "Average Latency (microseconds)": 66654
 },
 "Throughput (requests/second)": 239.79990565872046
}
