{
 "scalefactor": "20",
 "Current Timestamp (milliseconds)": 1706684511356,
 "Benchmark Type": "tpcc",
 "isolation": "TRANSACTION_SERIALIZABLE",
 "DBMS Version": "5.7.44",
 "Goodput (requests/second)": 242.18306665344946,
 "terminals": "16",
 "DBMS Type": "MYSQL",
 "Latency Distribution": {
  "95th Percentile Latency (microseconds)": 199423,
  "Maximum Latency (microseconds)": 802753,
  "Median Latency (microseconds)": 45453,
  "Minimum Latency (microseconds)": 604,
  "25th Percentile Latency (microseconds)": 18569,
  "90th Percentile Latency (microseconds)": 146847,
  "99th Percentile Latency (microseconds)": 337517,
  "75th Percentile Latency (microseconds)": 86494,
  "Average Latency (microseconds)": 65812
 },
 "Throughput (requests/second)": 242.86639923433114
}
