{
 "scalefactor": "20",
 "Current Timestamp (milliseconds)": 1706689395640,
 "Benchmark Type": "tpcc",
 "isolation": "TRANSACTION_SERIALIZABLE",
 "DBMS Version": "5.7.44",
 "Goodput (requests/second)": 440.34955721384193,
 "terminals": "16",
 "DBMS Type": "MYSQL",
 "Latency Distribution": {
  "95th Percentile Latency (microseconds)": 95630,
  "Maximum Latency (microseconds)": 438771,
  "Median Latency (microseconds)": 26417,
  "Minimum Latency (microseconds)": 492,
  "25th Percentile Latency (microseconds)": 14733,
  "90th Percentile Latency (microseconds)": 73482,
  "99th Percentile Latency (microseconds)": 183392,
  "75th Percentile Latency (microseconds)": 46308,
  "Average Latency (microseconds)": 36156
 },
 "Throughput (requests/second)": 442.1995553536071
}
