{
 "scalefactor": "20",
 "Current Timestamp (milliseconds)": 1706686351387,
 "Benchmark Type": "tpcc",
 "isolation": "TRANSACTION_SERIALIZABLE",
 "DBMS Version": "5.7.44",
 "Goodput (requests/second)": 343.4327897307421,
 "terminals": "16",
 "DBMS Type": "MYSQL",
 "Latency Distribution": {
  "95th Percentile Latency (microseconds)": 126447,
  "Maximum Latency (microseconds)": 583634,
  "Median Latency (microseconds)": 34121,
  "Minimum Latency (microseconds)": 721,
  "25th Percentile Latency (microseconds)": 16677,
  "90th Percentile Latency (microseconds)": 100049,
  "99th Percentile Latency (microseconds)": 183147,
  "75th Percentile Latency (microseconds)": 64634,
  "Average Latency (microseconds)": 46333
 },
 "Throughput (requests/second)": 344.9827872773285
}
