{
 "scalefactor": "20",
 "Current Timestamp (milliseconds)": 1706685220312,
 "Benchmark Type": "tpcc",
 "isolation": "TRANSACTION_SERIALIZABLE",
 "DBMS Version": "5.7.44",
 "Goodput (requests/second)": 404.5161620934319,
 "terminals": "16",
 "DBMS Type": "MYSQL",
 "Latency Distribution": {
  "95th Percentile Latency (microseconds)": 112092,
  "Maximum Latency (microseconds)": 373338,
  "Median Latency (microseconds)": 28092,
  "Minimum Latency (microseconds)": 604,
  "25th Percentile Latency (microseconds)": 13326,
  "90th Percentile Latency (microseconds)": 86809,
  "99th Percentile Latency (microseconds)": 173448,
  "75th Percentile Latency (microseconds)": 53217,
  "Average Latency (microseconds)": 39348
 },
 "Throughput (requests/second)": 406.2828265564496
}
