{
 "scalefactor": "20",
 "Current Timestamp (milliseconds)": 1706686041076,
 "Benchmark Type": "tpcc",
 "isolation": "TRANSACTION_SERIALIZABLE",
 "DBMS Version": "5.7.44",
 "Goodput (requests/second)": 357.49964605747545,
 "terminals": "16",
 "DBMS Type": "MYSQL",
 "Latency Distribution": {
  "95th Percentile Latency (microseconds)": 125365,
  "Maximum Latency (microseconds)": 531745,
  "Median Latency (microseconds)": 31432,
  "Minimum Latency (microseconds)": 547,
  "25th Percentile Latency (microseconds)": 15886,
  "90th Percentile Latency (microseconds)": 93871,
  "99th Percentile Latency (microseconds)": 224043,
  "75th Percentile Latency (microseconds)": 58289,
  "Average Latency (microseconds)": 44586
 },
 "Throughput (requests/second)": 358.6329782687532
}
