{
 "scalefactor": "20",
 "Current Timestamp (milliseconds)": 1706689067059,
 "Benchmark Type": "tpcc",
 "isolation": "TRANSACTION_SERIALIZABLE",
 "DBMS Version": "5.7.44",
 "Goodput (requests/second)": 307.09977758298606,
 "terminals": "16",
 "DBMS Type": "MYSQL",
 "Latency Distribution": {
  "95th Percentile Latency (microseconds)": 141723,
  "Maximum Latency (microseconds)": 653979,
  "Median Latency (microseconds)": 39595,
  "Minimum Latency (microseconds)": 660,
  "25th Percentile Latency (microseconds)": 17351,
  "90th Percentile Latency (microseconds)": 113031,
  "99th Percentile Latency (microseconds)": 215549,
  "75th Percentile Latency (microseconds)": 71702,
  "Average Latency (microseconds)": 51848
 },
 "Throughput (requests/second)": 308.3164433684825
}
