{
 "scalefactor": "20",
 "Current Timestamp (milliseconds)": 1706691759425,
 "Benchmark Type": "tpcc",
 "isolation": "TRANSACTION_SERIALIZABLE",
 "DBMS Version": "5.7.44",
 "Goodput (requests/second)": 308.78289893240475,
 "terminals": "16",
 "DBMS Type": "MYSQL",
 "Latency Distribution": {
  "95th Percentile Latency (microseconds)": 142092,
  "Maximum Latency (microseconds)": 775826,
  "Median Latency (microseconds)": 39312,
  "Minimum Latency (microseconds)": 588,
  "25th Percentile Latency (microseconds)": 17939,
  "90th Percentile Latency (microseconds)": 110758,
  "99th Percentile Latency (microseconds)": 214390,
  "75th Percentile Latency (microseconds)": 70571,
  "Average Latency (microseconds)": 51554
 },
 "Throughput (requests/second)": 310.11623038998516
}
