{
 "scalefactor": "20",
 "Current Timestamp (milliseconds)": 1706684905772,
 "Benchmark Type": "tpcc",
 "isolation": "TRANSACTION_SERIALIZABLE",
 "DBMS Version": "5.7.44",
 "Goodput (requests/second)": 213.76209267091252,
 "terminals": "16",
 "DBMS Type": "MYSQL",
 "Latency Distribution": {
  "95th Percentile Latency (microseconds)": 211092,
  "Maximum Latency (microseconds)": 1215004,
  "Median Latency (microseconds)": 53991,
  "Minimum Latency (microseconds)": 607,
  "25th Percentile Latency (microseconds)": 22252,
  "90th Percentile Latency (microseconds)": 161550,
  "99th Percentile Latency (microseconds)": 350998,
  "75th Percentile Latency (microseconds)": 101225,
  "Average Latency (microseconds)": 74530
 },
 "Throughput (requests/second)": 214.51207662305592
}
