{
 "scalefactor": "20",
 "Current Timestamp (milliseconds)": 1706685704925,
 "Benchmark Type": "tpcc",
 "isolation": "TRANSACTION_SERIALIZABLE",
 "DBMS Version": "5.7.44",
 "Goodput (requests/second)": 307.44980840240356,
 "terminals": "16",
 "DBMS Type": "MYSQL",
 "Latency Distribution": {
  "95th Percentile Latency (microseconds)": 146359,
  "Maximum Latency (microseconds)": 857975,
  "Median Latency (microseconds)": 36106,
  "Minimum Latency (microseconds)": 561,
  "25th Percentile Latency (microseconds)": 16016,
  "90th Percentile Latency (microseconds)": 110607,
  "99th Percentile Latency (microseconds)": 277996,
  "75th Percentile Latency (microseconds)": 68742,
  "Average Latency (microseconds)": 51853
 },
 "Throughput (requests/second)": 308.44980777922063
}
