{
 "scalefactor": "20",
 "Current Timestamp (milliseconds)": 1706685373599,
 "Benchmark Type": "tpcc",
 "isolation": "TRANSACTION_SERIALIZABLE",
 "DBMS Version": "5.7.44",
 "Goodput (requests/second)": 223.22800825151927,
 "terminals": "16",
 "DBMS Type": "MYSQL",
 "Latency Distribution": {
  "95th Percentile Latency (microseconds)": 214204,
  "Maximum Latency (microseconds)": 1079683,
  "Median Latency (microseconds)": 48490,
  "Minimum Latency (microseconds)": 577,
  "25th Percentile Latency (microseconds)": 18594,
  "90th Percentile Latency (microseconds)": 160832,
  "99th Percentile Latency (microseconds)": 372593,
  "75th Percentile Latency (microseconds)": 96460,
  "Average Latency (microseconds)": 71322
 },
 "Throughput (requests/second)": 224.09465424443246
}
