{
 "scalefactor": "20",
 "Current Timestamp (milliseconds)": 1706685873924,
 "Benchmark Type": "tpcc",
 "isolation": "TRANSACTION_SERIALIZABLE",
 "DBMS Version": "5.7.44",
 "Goodput (requests/second)": 354.74959902652824,
 "terminals": "16",
 "DBMS Type": "MYSQL",
 "Latency Distribution": {
  "95th Percentile Latency (microseconds)": 128616,
  "Maximum Latency (microseconds)": 555553,
  "Median Latency (microseconds)": 31160,
  "Minimum Latency (microseconds)": 557,
  "25th Percentile Latency (microseconds)": 15995,
  "90th Percentile Latency (microseconds)": 94083,
  "99th Percentile Latency (microseconds)": 235758,
  "75th Percentile Latency (microseconds)": 58146,
  "Average Latency (microseconds)": 44918
 },
 "Throughput (requests/second)": 355.94959767016974
}
