{
 "scalefactor": "20",
 "Current Timestamp (milliseconds)": 1706689307530,
 "Benchmark Type": "tpcc",
 "isolation": "TRANSACTION_SERIALIZABLE",
 "DBMS Version": "5.7.44",
 "Goodput (requests/second)": 444.7163452701639,
 "terminals": "16",
 "DBMS Type": "MYSQL",
 "Latency Distribution": {
  "95th Percentile Latency (microseconds)": 96995,
  "Maximum Latency (microseconds)": 385400,
  "Median Latency (microseconds)": 25980,
  "Minimum Latency (microseconds)": 508,
  "25th Percentile Latency (microseconds)": 14259,
  "90th Percentile Latency (microseconds)": 73775,
  "99th Percentile Latency (microseconds)": 176921,
  "75th Percentile Latency (microseconds)": 46605,
  "Average Latency (microseconds)": 35834
 },
 "Throughput (requests/second)": 446.3496774230881
}
