{
 "scalefactor": "20",
 "Current Timestamp (milliseconds)": 1706689872227,
 "Benchmark Type": "tpcc",
 "isolation": "TRANSACTION_SERIALIZABLE",
 "DBMS Version": "5.7.44",
 "Goodput (requests/second)": 334.6997481607528,
 "terminals": "16",
 "DBMS Type": "MYSQL",
 "Latency Distribution": {
  "95th Percentile Latency (microseconds)": 130362,
  "Maximum Latency (microseconds)": 526819,
  "Median Latency (microseconds)": 36372,
  "Minimum Latency (microseconds)": 580,
  "25th Percentile Latency (microseconds)": 15364,
  "90th Percentile Latency (microseconds)": 102919,
  "99th Percentile Latency (microseconds)": 198685,
  "75th Percentile Latency (microseconds)": 66757,
  "Average Latency (microseconds)": 47583
 },
 "Throughput (requests/second)": 335.9830805284641
}
