{
  "incumbent_ids": [
    23
  ],
  "rejected_config_ids": [
    1,
    4,
    6,
    11,
    19
  ],
  "incumbents_changed": 6,
  "trajectory": [
    {
      "config_ids": [
        1
      ],
      "costs": [
        -295.6832779419993
      ],
      "trial": 1,
      "walltime": 75.10820055007935
    },
    {
      "config_ids": [
        4
      ],
      "costs": [
        -301.3606531530555
      ],
      "trial": 11,
      "walltime": 857.9589505195618
    },
    {
      "config_ids": [
        6
      ],
      "costs": [
        -421.89974552565553
      ],
      "trial": 17,
      "walltime": 1328.9122846126556
    },
    {
      "config_ids": [
        11
      ],
      "costs": [
        -449.2602981532719
      ],
      "trial": 32,
      "walltime": 2528.1474759578705
    },
    {
      "config_ids": [
        19
      ],
      "costs": [
        -454.86071293259664
      ],
      "trial": 56,
      "walltime": 4411.261506557465
    },
    {
      "config_ids": [
        23
      ],
      "costs": [
        -466.7866742834579
      ],
      "trial": 68,
      "walltime": 5378.187884092331
    }
  ],
  "state": {
    "queue": [
      [
        34,
        2
      ]
    ]
  }
}