{
  "name": "smac_tuning",
  "hyperparameters": [
    {
      "name": "binlog_row_image",
      "type": "categorical",
      "choices": [
        "full",
        "minimal",
        "noblob"
      ],
      "default": "full",
      "weights": null
    },
    {
      "name": "div_precision_increment",
      "type": "uniform_float",
      "log": false,
      "lower": 0.0,
      "upper": 30.0,
      "default": 4.0,
      "q": null
    },
    {
      "name": "eq_range_index_dive_limit",
      "type": "uniform_float",
      "log": false,
      "lower": 0.0,
      "upper": 4294967295.0,
      "default": 200.0,
      "q": null
    },
    {
      "name": "host_cache_size",
      "type": "uniform_float",
      "log": false,
      "lower": 0.0,
      "upper": 65536.0,
      "default": 0.0,
      "q": null
    },
    {
      "name": "innodb_adaptive_flushing_lwm",
      "type": "uniform_float",
      "log": false,
      "lower": 0.0,
      "upper": 70.0,
      "default": 10.0,
      "q": null
    },
    {
      "name": "innodb_adaptive_max_sleep_delay",
      "type": "uniform_float",
      "log": false,
      "lower": 0.0,
      "upper": 1000000.0,
      "default": 150000.0,
      "q": null
    },
    {
      "name": "innodb_autoextend_increment",
      "type": "uniform_float",
      "log": false,
      "lower": 1.0,
      "upper": 1000.0,
      "default": 64.0,
      "q": null
    },
    {
      "name": "innodb_buffer_pool_size",
      "type": "uniform_float",
      "log": false,
      "lower": 67108864.0,
      "upper": 4294967296.0,
      "default": 134217728.0,
      "q": null
    },
    {
      "name": "innodb_change_buffer_max_size",
      "type": "uniform_float",
      "log": false,
      "lower": 0.0,
      "upper": 50.0,
      "default": 25.0,
      "q": null
    },
    {
      "name": "innodb_change_buffering",
      "type": "categorical",
      "choices": [
        "none",
        "inserts",
        "deletes",
        "changes",
        "purges",
        "all"
      ],
      "default": "all",
      "weights": null
    },
    {
      "name": "innodb_compression_failure_threshold_pct",
      "type": "uniform_float",
      "log": false,
      "lower": 0.0,
      "upper": 100.0,
      "default": 5.0,
      "q": null
    },
    {
      "name": "innodb_compression_pad_pct_max",
      "type": "uniform_float",
      "log": false,
      "lower": 0.0,
      "upper": 75.0,
      "default": 50.0,
      "q": null
    },
    {
      "name": "innodb_concurrency_tickets",
      "type": "uniform_float",
      "log": false,
      "lower": 1.0,
      "upper": 4294967295.0,
      "default": 5000.0,
      "q": null
    },
    {
      "name": "innodb_doublewrite",
      "type": "categorical",
      "choices": [
        "ON",
        "OFF"
      ],
      "default": "ON",
      "weights": null
    },
    {
      "name": "innodb_flush_log_at_timeout",
      "type": "uniform_float",
      "log": false,
      "lower": 1.0,
      "upper": 2700.0,
      "default": 1.0,
      "q": null
    },
    {
      "name": "innodb_ft_min_token_size",
      "type": "uniform_float",
      "log": false,
      "lower": 0.0,
      "upper": 16.0,
      "default": 3.0,
      "q": null
    },
    {
      "name": "innodb_ft_result_cache_limit",
      "type": "uniform_float",
      "log": false,
      "lower": 1000000.0,
      "upper": 4294967295.0,
      "default": 2000000000.0,
      "q": null
    },
    {
      "name": "innodb_ft_sort_pll_degree",
      "type": "uniform_float",
      "log": false,
      "lower": 1.0,
      "upper": 16.0,
      "default": 2.0,
      "q": null
    },
    {
      "name": "innodb_ft_total_cache_size",
      "type": "uniform_float",
      "log": false,
      "lower": 32000000.0,
      "upper": 1600000000.0,
      "default": 640000000.0,
      "q": null
    },
    {
      "name": "innodb_io_capacity_max",
      "type": "uniform_float",
      "log": false,
      "lower": 100.0,
      "upper": 40000.0,
      "default": 400.0,
      "q": null
    },
    {
      "name": "innodb_log_write_ahead_size",
      "type": "uniform_float",
      "log": false,
      "lower": 512.0,
      "upper": 16384.0,
      "default": 8192.0,
      "q": null
    },
    {
      "name": "innodb_lru_scan_depth",
      "type": "uniform_float",
      "log": false,
      "lower": 100.0,
      "upper": 10240.0,
      "default": 1024.0,
      "q": null
    },
    {
      "name": "innodb_max_dirty_pages_pct",
      "type": "uniform_float",
      "log": false,
      "lower": 0.0,
      "upper": 99.0,
      "default": 75.0,
      "q": null
    },
    {
      "name": "innodb_max_dirty_pages_pct_lwm",
      "type": "uniform_float",
      "log": false,
      "lower": 0.0,
      "upper": 99.0,
      "default": 0.0,
      "q": null
    },
    {
      "name": "innodb_max_purge_lag",
      "type": "uniform_float",
      "log": false,
      "lower": 0.0,
      "upper": 4294967295.0,
      "default": 0.0,
      "q": null
    },
    {
      "name": "innodb_online_alter_log_max_size",
      "type": "uniform_float",
      "log": false,
      "lower": 65536.0,
      "upper": 4294967295.0,
      "default": 134217728.0,
      "q": null
    },
    {
      "name": "innodb_purge_batch_size",
      "type": "uniform_float",
      "log": false,
      "lower": 1.0,
      "upper": 5000.0,
      "default": 300.0,
      "q": null
    },
    {
      "name": "innodb_purge_rseg_truncate_frequency",
      "type": "uniform_float",
      "log": false,
      "lower": 1.0,
      "upper": 128.0,
      "default": 128.0,
      "q": null
    },
    {
      "name": "innodb_purge_threads",
      "type": "uniform_float",
      "log": false,
      "lower": 1.0,
      "upper": 32.0,
      "default": 4.0,
      "q": null
    },
    {
      "name": "innodb_random_read_ahead",
      "type": "categorical",
      "choices": [
        "ON",
        "OFF"
      ],
      "default": "OFF",
      "weights": null
    },
    {
      "name": "innodb_read_ahead_threshold",
      "type": "uniform_float",
      "log": false,
      "lower": 0.0,
      "upper": 64.0,
      "default": 56.0,
      "q": null
    },
    {
      "name": "innodb_read_io_threads",
      "type": "uniform_float",
      "log": false,
      "lower": 1.0,
      "upper": 64.0,
      "default": 4.0,
      "q": null
    },
    {
      "name": "innodb_sort_buffer_size",
      "type": "uniform_float",
      "log": false,
      "lower": 65536.0,
      "upper": 67108864.0,
      "default": 1048576.0,
      "q": null
    },
    {
      "name": "innodb_spin_wait_delay",
      "type": "uniform_float",
      "log": false,
      "lower": 0.0,
      "upper": 6000.0,
      "default": 6.0,
      "q": null
    },
    {
      "name": "innodb_stats_transient_sample_pages",
      "type": "uniform_float",
      "log": false,
      "lower": 1.0,
      "upper": 100.0,
      "default": 8.0,
      "q": null
    },
    {
      "name": "innodb_table_locks",
      "type": "categorical",
      "choices": [
        "ON",
        "OFF"
      ],
      "default": "ON",
      "weights": null
    },
    {
      "name": "innodb_thread_sleep_delay",
      "type": "uniform_float",
      "log": false,
      "lower": 0.0,
      "upper": 1000000.0,
      "default": 10000.0,
      "q": null
    },
    {
      "name": "innodb_write_io_threads",
      "type": "uniform_float",
      "log": false,
      "lower": 1.0,
      "upper": 64.0,
      "default": 4.0,
      "q": null
    },
    {
      "name": "join_buffer_size",
      "type": "uniform_float",
      "log": false,
      "lower": 128.0,
      "upper": 1073741824.0,
      "default": 262144.0,
      "q": null
    },
    {
      "name": "key_cache_age_threshold",
      "type": "uniform_float",
      "log": false,
      "lower": 100.0,
      "upper": 30000.0,
      "default": 300.0,
      "q": null
    },
    {
      "name": "key_cache_block_size",
      "type": "uniform_float",
      "log": false,
      "lower": 512.0,
      "upper": 16384.0,
      "default": 1024.0,
      "q": null
    },
    {
      "name": "long_query_time",
      "type": "uniform_float",
      "log": false,
      "lower": 0.0,
      "upper": 20.0,
      "default": 10.0,
      "q": null
    },
    {
      "name": "max_binlog_size",
      "type": "uniform_float",
      "log": false,
      "lower": 4096.0,
      "upper": 1073741824.0,
      "default": 1073741824.0,
      "q": null
    },
    {
      "name": "max_binlog_stmt_cache_size",
      "type": "uniform_float",
      "log": false,
      "lower": 4096.0,
      "upper": 1.84467440737095e+19,
      "default": 1.8446744073709498e+19,
      "q": null
    },
    {
      "name": "max_heap_table_size",
      "type": "uniform_float",
      "log": false,
      "lower": 16384.0,
      "upper": 1073741824.0,
      "default": 16777216.0,
      "q": null
    },
    {
      "name": "max_user_connections",
      "type": "uniform_float",
      "log": false,
      "lower": 0.0,
      "upper": 4294967295.0,
      "default": 0.0,
      "q": null
    },
    {
      "name": "max_write_lock_count",
      "type": "uniform_float",
      "log": false,
      "lower": 1.0,
      "upper": 1.8446744073709552e+19,
      "default": 1.8446744073709498e+19,
      "q": null
    },
    {
      "name": "net_write_timeout",
      "type": "uniform_float",
      "log": false,
      "lower": 1.0,
      "upper": 120.0,
      "default": 60.0,
      "q": null
    },
    {
      "name": "ngram_token_size",
      "type": "uniform_float",
      "log": false,
      "lower": 1.0,
      "upper": 10.0,
      "default": 2.0,
      "q": null
    },
    {
      "name": "optimizer_search_depth",
      "type": "uniform_float",
      "log": false,
      "lower": 0.0,
      "upper": 62.0,
      "default": 62.0,
      "q": null
    },
    {
      "name": "query_cache_limit",
      "type": "uniform_float",
      "log": false,
      "lower": 0.0,
      "upper": 134217728.0,
      "default": 1048576.0,
      "q": null
    },
    {
      "name": "query_prealloc_size",
      "type": "uniform_float",
      "log": false,
      "lower": 8192.0,
      "upper": 134217728.0,
      "default": 8192.0,
      "q": null
    },
    {
      "name": "range_alloc_block_size",
      "type": "uniform_float",
      "log": false,
      "lower": 4096.0,
      "upper": 65536.0,
      "default": 4096.0,
      "q": null
    },
    {
      "name": "read_buffer_size",
      "type": "uniform_float",
      "log": false,
      "lower": 8192.0,
      "upper": 2147479552.0,
      "default": 131072.0,
      "q": null
    },
    {
      "name": "sort_buffer_size",
      "type": "uniform_float",
      "log": false,
      "lower": 32768.0,
      "upper": 134217728.0,
      "default": 262144.0,
      "q": null
    },
    {
      "name": "sync_binlog",
      "type": "uniform_float",
      "log": false,
      "lower": 0.0,
      "upper": 4294967295.0,
      "default": 1.0,
      "q": null
    },
    {
      "name": "table_definition_cache",
      "type": "uniform_float",
      "log": false,
      "lower": 400.0,
      "upper": 524288.0,
      "default": 1400.0,
      "q": null
    },
    {
      "name": "table_open_cache",
      "type": "uniform_float",
      "log": false,
      "lower": 1.0,
      "upper": 250000.0,
      "default": 2000.0,
      "q": null
    },
    {
      "name": "table_open_cache_instances",
      "type": "uniform_float",
      "log": false,
      "lower": 1.0,
      "upper": 64.0,
      "default": 16.0,
      "q": null
    },
    {
      "name": "tmp_table_size",
      "type": "uniform_float",
      "log": false,
      "lower": 1024.0,
      "upper": 1073741824.0,
      "default": 16777216.0,
      "q": null
    }
  ],
  "conditions": [],
  "forbiddens": [],
  "python_module_version": "0.6.1",
  "json_format_version": 0.4
}