{
  "incumbent_ids": [
    30
  ],
  "rejected_config_ids": [
    1,
    2,
    6,
    11
  ],
  "incumbents_changed": 5,
  "trajectory": [
    {
      "config_ids": [
        1
      ],
      "costs": [
        -287.08324472508986
      ],
      "trial": 1,
      "walltime": 74.97171473503113
    },
    {
      "config_ids": [
        2
      ],
      "costs": [
        -295.9998158781907
      ],
      "trial": 4,
      "walltime": 307.14238262176514
    },
    {
      "config_ids": [
        6
      ],
      "costs": [
        -402.24973237127193
      ],
      "trial": 17,
      "walltime": 1331.3465464115143
    },
    {
      "config_ids": [
        11
      ],
      "costs": [
        -516.8941621829595
      ],
      "trial": 32,
      "walltime": 2551.3664264678955
    },
    {
      "config_ids": [
        30
      ],
      "costs": [
        -628.759906674423
      ],
      "trial": 89,
      "walltime": 7075.927320718765
    }
  ],
  "state": {
    "queue": [
      [
        34,
        2
      ]
    ]
  }
}