{
 "scalefactor": "20",
 "Current Timestamp (milliseconds)": 1706603067565,
 "Benchmark Type": "tpcc",
 "isolation": "TRANSACTION_SERIALIZABLE",
 "DBMS Version": "5.7.44",
 "Goodput (requests/second)": 302.0499113382827,
 "terminals": "16",
 "DBMS Type": "MYSQL",
 "Latency Distribution": {
  "95th Percentile Latency (microseconds)": 142395,
  "Maximum Latency (microseconds)": 604056,
  "Median Latency (microseconds)": 38370,
  "Minimum Latency (microseconds)": 759,
  "25th Percentile Latency (microseconds)": 18643,
  "90th Percentile Latency (microseconds)": 112826,
  "99th Percentile Latency (microseconds)": 225009,
  "75th Percentile Latency (microseconds)": 72865,
  "Average Latency (microseconds)": 52751
 },
 "Throughput (requests/second)": 302.8999110887794
}
