{
 "scalefactor": "20",
 "Current Timestamp (milliseconds)": 1706608453496,
 "Benchmark Type": "tpcc",
 "isolation": "TRANSACTION_SERIALIZABLE",
 "DBMS Version": "5.7.44",
 "Goodput (requests/second)": 294.26641993898687,
 "terminals": "16",
 "DBMS Type": "MYSQL",
 "Latency Distribution": {
  "95th Percentile Latency (microseconds)": 151315,
  "Maximum Latency (microseconds)": 517550,
  "Median Latency (microseconds)": 40437,
  "Minimum Latency (microseconds)": 583,
  "25th Percentile Latency (microseconds)": 16884,
  "90th Percentile Latency (microseconds)": 118927,
  "99th Percentile Latency (microseconds)": 229719,
  "75th Percentile Latency (microseconds)": 75286,
  "Average Latency (microseconds)": 54120
 },
 "Throughput (requests/second)": 295.4164189747702
}
