{
 "scalefactor": "20",
 "Current Timestamp (milliseconds)": 1706603220558,
 "Benchmark Type": "tpcc",
 "isolation": "TRANSACTION_SERIALIZABLE",
 "DBMS Version": "5.7.44",
 "Goodput (requests/second)": 301.73321990175816,
 "terminals": "16",
 "DBMS Type": "MYSQL",
 "Latency Distribution": {
  "95th Percentile Latency (microseconds)": 141602,
  "Maximum Latency (microseconds)": 780687,
  "Median Latency (microseconds)": 40767,
  "Minimum Latency (microseconds)": 533,
  "25th Percentile Latency (microseconds)": 17594,
  "90th Percentile Latency (microseconds)": 113618,
  "99th Percentile Latency (microseconds)": 214697,
  "75th Percentile Latency (microseconds)": 73957,
  "Average Latency (microseconds)": 52799
 },
 "Throughput (requests/second)": 302.8165528278306
}
