{
 "scalefactor": "20",
 "Current Timestamp (milliseconds)": 1706609990977,
 "Benchmark Type": "tpcc",
 "isolation": "TRANSACTION_SERIALIZABLE",
 "DBMS Version": "5.7.44",
 "Goodput (requests/second)": 626.1814047989701,
 "terminals": "16",
 "DBMS Type": "MYSQL",
 "Latency Distribution": {
  "95th Percentile Latency (microseconds)": 71000,
  "Maximum Latency (microseconds)": 288155,
  "Median Latency (microseconds)": 18660,
  "Minimum Latency (microseconds)": 644,
  "25th Percentile Latency (microseconds)": 9881,
  "90th Percentile Latency (microseconds)": 53746,
  "99th Percentile Latency (microseconds)": 105824,
  "75th Percentile Latency (microseconds)": 33626,
  "Average Latency (microseconds)": 25443
 },
 "Throughput (requests/second)": 628.464731100039
}
