{
 "scalefactor": "20",
 "Current Timestamp (milliseconds)": 1706609366402,
 "Benchmark Type": "tpcc",
 "isolation": "TRANSACTION_SERIALIZABLE",
 "DBMS Version": "5.7.44",
 "Goodput (requests/second)": 376.93279039305986,
 "terminals": "16",
 "DBMS Type": "MYSQL",
 "Latency Distribution": {
  "95th Percentile Latency (microseconds)": 115338,
  "Maximum Latency (microseconds)": 588596,
  "Median Latency (microseconds)": 32005,
  "Minimum Latency (microseconds)": 545,
  "25th Percentile Latency (microseconds)": 13662,
  "90th Percentile Latency (microseconds)": 92310,
  "99th Percentile Latency (microseconds)": 174110,
  "75th Percentile Latency (microseconds)": 58713,
  "Average Latency (microseconds)": 42224
 },
 "Throughput (requests/second)": 378.66612122967456
}
