{
 "scalefactor": "20",
 "Current Timestamp (milliseconds)": 1706605694964,
 "Benchmark Type": "tpcc",
 "isolation": "TRANSACTION_SERIALIZABLE",
 "DBMS Version": "5.7.44",
 "Goodput (requests/second)": 188.3999015830314,
 "terminals": "16",
 "DBMS Type": "MYSQL",
 "Latency Distribution": {
  "95th Percentile Latency (microseconds)": 256977,
  "Maximum Latency (microseconds)": 967309,
  "Median Latency (microseconds)": 58446,
  "Minimum Latency (microseconds)": 615,
  "25th Percentile Latency (microseconds)": 23595,
  "90th Percentile Latency (microseconds)": 193742,
  "99th Percentile Latency (microseconds)": 403081,
  "75th Percentile Latency (microseconds)": 115177,
  "Average Latency (microseconds)": 84589
 },
 "Throughput (requests/second)": 188.88323466387962
}
