{
 "scalefactor": "20",
 "Current Timestamp (milliseconds)": 1706603608885,
 "Benchmark Type": "tpcc",
 "isolation": "TRANSACTION_SERIALIZABLE",
 "DBMS Version": "5.7.44",
 "Goodput (requests/second)": 221.71626907766242,
 "terminals": "16",
 "DBMS Type": "MYSQL",
 "Latency Distribution": {
  "95th Percentile Latency (microseconds)": 223583,
  "Maximum Latency (microseconds)": 948437,
  "Median Latency (microseconds)": 48092,
  "Minimum Latency (microseconds)": 570,
  "25th Percentile Latency (microseconds)": 19419,
  "90th Percentile Latency (microseconds)": 164780,
  "99th Percentile Latency (microseconds)": 352522,
  "75th Percentile Latency (microseconds)": 96947,
  "Average Latency (microseconds)": 71787
 },
 "Throughput (requests/second)": 222.7162672844323
}
