{
 "scalefactor": "20",
 "Current Timestamp (milliseconds)": 1706610372880,
 "Benchmark Type": "tpcc",
 "isolation": "TRANSACTION_SERIALIZABLE",
 "DBMS Version": "5.7.44",
 "Goodput (requests/second)": 193.69996720013887,
 "terminals": "16",
 "DBMS Type": "MYSQL",
 "Latency Distribution": {
  "95th Percentile Latency (microseconds)": 235767,
  "Maximum Latency (microseconds)": 873126,
  "Median Latency (microseconds)": 59999,
  "Minimum Latency (microseconds)": 640,
  "25th Percentile Latency (microseconds)": 26517,
  "90th Percentile Latency (microseconds)": 183488,
  "99th Percentile Latency (microseconds)": 342896,
  "75th Percentile Latency (microseconds)": 114584,
  "Average Latency (microseconds)": 82177
 },
 "Throughput (requests/second)": 194.34996709007225
}
