{
 "scalefactor": "20",
 "Current Timestamp (milliseconds)": 1706610067269,
 "Benchmark Type": "tpcc",
 "isolation": "TRANSACTION_SERIALIZABLE",
 "DBMS Version": "5.7.44",
 "Goodput (requests/second)": 629.5985458477186,
 "terminals": "16",
 "DBMS Type": "MYSQL",
 "Latency Distribution": {
  "95th Percentile Latency (microseconds)": 70110,
  "Maximum Latency (microseconds)": 280900,
  "Median Latency (microseconds)": 18749,
  "Minimum Latency (microseconds)": 673,
  "25th Percentile Latency (microseconds)": 9692,
  "90th Percentile Latency (microseconds)": 52900,
  "99th Percentile Latency (microseconds)": 110143,
  "75th Percentile Latency (microseconds)": 33191,
  "Average Latency (microseconds)": 25286
 },
 "Throughput (requests/second)": 632.2818729835054
}
