{
 "scalefactor": "20",
 "Current Timestamp (milliseconds)": 1706608724470,
 "Benchmark Type": "tpcc",
 "isolation": "TRANSACTION_SERIALIZABLE",
 "DBMS Version": "5.7.44",
 "Goodput (requests/second)": 294.116182835742,
 "terminals": "16",
 "DBMS Type": "MYSQL",
 "Latency Distribution": {
  "95th Percentile Latency (microseconds)": 145485,
  "Maximum Latency (microseconds)": 749238,
  "Median Latency (microseconds)": 40971,
  "Minimum Latency (microseconds)": 519,
  "25th Percentile Latency (microseconds)": 17375,
  "90th Percentile Latency (microseconds)": 114990,
  "99th Percentile Latency (microseconds)": 242642,
  "75th Percentile Latency (microseconds)": 74579,
  "Average Latency (microseconds)": 54033
 },
 "Throughput (requests/second)": 295.6328470074456
}
