{
 "scalefactor": "20",
 "Current Timestamp (milliseconds)": 1706605466658,
 "Benchmark Type": "tpcc",
 "isolation": "TRANSACTION_SERIALIZABLE",
 "DBMS Version": "5.7.44",
 "Goodput (requests/second)": 519.7161552919557,
 "terminals": "16",
 "DBMS Type": "MYSQL",
 "Latency Distribution": {
  "95th Percentile Latency (microseconds)": 82882,
  "Maximum Latency (microseconds)": 470824,
  "Median Latency (microseconds)": 23235,
  "Minimum Latency (microseconds)": 667,
  "25th Percentile Latency (microseconds)": 11894,
  "90th Percentile Latency (microseconds)": 64870,
  "99th Percentile Latency (microseconds)": 123441,
  "75th Percentile Latency (microseconds)": 41109,
  "Average Latency (microseconds)": 30657
 },
 "Throughput (requests/second)": 521.63282007272
}
