{
 "scalefactor": "20",
 "Current Timestamp (milliseconds)": 1706610601975,
 "Benchmark Type": "tpcc",
 "isolation": "TRANSACTION_SERIALIZABLE",
 "DBMS Version": "5.7.44",
 "Goodput (requests/second)": 400.76635463666236,
 "terminals": "16",
 "DBMS Type": "MYSQL",
 "Latency Distribution": {
  "95th Percentile Latency (microseconds)": 114577,
  "Maximum Latency (microseconds)": 324905,
  "Median Latency (microseconds)": 28710,
  "Minimum Latency (microseconds)": 594,
  "25th Percentile Latency (microseconds)": 13959,
  "90th Percentile Latency (microseconds)": 88864,
  "99th Percentile Latency (microseconds)": 168391,
  "75th Percentile Latency (microseconds)": 53569,
  "Average Latency (microseconds)": 39766
 },
 "Throughput (requests/second)": 402.18302020033684
}
