{
 "scalefactor": "20",
 "Current Timestamp (milliseconds)": 1706609443423,
 "Benchmark Type": "tpcc",
 "isolation": "TRANSACTION_SERIALIZABLE",
 "DBMS Version": "5.7.44",
 "Goodput (requests/second)": 384.88287230138474,
 "terminals": "16",
 "DBMS Type": "MYSQL",
 "Latency Distribution": {
  "95th Percentile Latency (microseconds)": 115542,
  "Maximum Latency (microseconds)": 590753,
  "Median Latency (microseconds)": 30562,
  "Minimum Latency (microseconds)": 545,
  "25th Percentile Latency (microseconds)": 12961,
  "90th Percentile Latency (microseconds)": 89649,
  "99th Percentile Latency (microseconds)": 181026,
  "75th Percentile Latency (microseconds)": 56583,
  "Average Latency (microseconds)": 41386
 },
 "Throughput (requests/second)": 386.3162039178018
}
