{
 "scalefactor": "20",
 "Current Timestamp (milliseconds)": 1706603526866,
 "Benchmark Type": "tpcc",
 "isolation": "TRANSACTION_SERIALIZABLE",
 "DBMS Version": "5.7.44",
 "Goodput (requests/second)": 199.02138771140437,
 "terminals": "16",
 "DBMS Type": "MYSQL",
 "Latency Distribution": {
  "95th Percentile Latency (microseconds)": 247513,
  "Maximum Latency (microseconds)": 735613,
  "Median Latency (microseconds)": 52125,
  "Minimum Latency (microseconds)": 525,
  "25th Percentile Latency (microseconds)": 20768,
  "90th Percentile Latency (microseconds)": 189244,
  "99th Percentile Latency (microseconds)": 375067,
  "75th Percentile Latency (microseconds)": 112802,
  "Average Latency (microseconds)": 79933
 },
 "Throughput (requests/second)": 199.75467703139282
}
