{
 "scalefactor": "20",
 "Current Timestamp (milliseconds)": 1706604898504,
 "Benchmark Type": "tpcc",
 "isolation": "TRANSACTION_SERIALIZABLE",
 "DBMS Version": "5.7.44",
 "Goodput (requests/second)": 312.9831996842907,
 "terminals": "16",
 "DBMS Type": "MYSQL",
 "Latency Distribution": {
  "95th Percentile Latency (microseconds)": 139787,
  "Maximum Latency (microseconds)": 552666,
  "Median Latency (microseconds)": 37419,
  "Minimum Latency (microseconds)": 533,
  "25th Percentile Latency (microseconds)": 17355,
  "90th Percentile Latency (microseconds)": 108598,
  "99th Percentile Latency (microseconds)": 234570,
  "75th Percentile Latency (microseconds)": 68653,
  "Average Latency (microseconds)": 50893
 },
 "Throughput (requests/second)": 313.91653261907527
}
