{
 "scalefactor": "20",
 "Current Timestamp (milliseconds)": 1706607240980,
 "Benchmark Type": "tpcc",
 "isolation": "TRANSACTION_SERIALIZABLE",
 "DBMS Version": "5.7.44",
 "Goodput (requests/second)": 224.11637442638494,
 "terminals": "16",
 "DBMS Type": "MYSQL",
 "Latency Distribution": {
  "95th Percentile Latency (microseconds)": 212913,
  "Maximum Latency (microseconds)": 843400,
  "Median Latency (microseconds)": 48846,
  "Minimum Latency (microseconds)": 575,
  "25th Percentile Latency (microseconds)": 19791,
  "90th Percentile Latency (microseconds)": 162122,
  "99th Percentile Latency (microseconds)": 337876,
  "75th Percentile Latency (microseconds)": 96969,
  "Average Latency (microseconds)": 71037
 },
 "Throughput (requests/second)": 224.78304022374166
}
