{
 "scalefactor": "20",
 "Current Timestamp (milliseconds)": 1706605312621,
 "Benchmark Type": "tpcc",
 "isolation": "TRANSACTION_SERIALIZABLE",
 "DBMS Version": "5.7.44",
 "Goodput (requests/second)": 107.81665058940712,
 "terminals": "16",
 "DBMS Type": "MYSQL",
 "Latency Distribution": {
  "95th Percentile Latency (microseconds)": 420514,
  "Maximum Latency (microseconds)": 1507754,
  "Median Latency (microseconds)": 104922,
  "Minimum Latency (microseconds)": 840,
  "25th Percentile Latency (microseconds)": 46642,
  "90th Percentile Latency (microseconds)": 327088,
  "99th Percentile Latency (microseconds)": 719441,
  "75th Percentile Latency (microseconds)": 201677,
  "Average Latency (microseconds)": 147907
 },
 "Throughput (requests/second)": 107.9999838954024
}
