{
 "scalefactor": "20",
 "Current Timestamp (milliseconds)": 1706608631939,
 "Benchmark Type": "tpcc",
 "isolation": "TRANSACTION_SERIALIZABLE",
 "DBMS Version": "5.7.44",
 "Goodput (requests/second)": 275.1331172804674,
 "terminals": "16",
 "DBMS Type": "MYSQL",
 "Latency Distribution": {
  "95th Percentile Latency (microseconds)": 157357,
  "Maximum Latency (microseconds)": 864128,
  "Median Latency (microseconds)": 42999,
  "Minimum Latency (microseconds)": 577,
  "25th Percentile Latency (microseconds)": 18075,
  "90th Percentile Latency (microseconds)": 125432,
  "99th Percentile Latency (microseconds)": 251916,
  "75th Percentile Latency (microseconds)": 80729,
  "Average Latency (microseconds)": 57893
 },
 "Throughput (requests/second)": 275.9831166129913
}
