{
 "scalefactor": "20",
 "Current Timestamp (milliseconds)": 1706603142578,
 "Benchmark Type": "tpcc",
 "isolation": "TRANSACTION_SERIALIZABLE",
 "DBMS Version": "5.7.44",
 "Goodput (requests/second)": 286.14991167982976,
 "terminals": "16",
 "DBMS Type": "MYSQL",
 "Latency Distribution": {
  "95th Percentile Latency (microseconds)": 154664,
  "Maximum Latency (microseconds)": 813291,
  "Median Latency (microseconds)": 42156,
  "Minimum Latency (microseconds)": 544,
  "25th Percentile Latency (microseconds)": 18247,
  "90th Percentile Latency (microseconds)": 119969,
  "99th Percentile Latency (microseconds)": 240872,
  "75th Percentile Latency (microseconds)": 76451,
  "Average Latency (microseconds)": 55690
 },
 "Throughput (requests/second)": 287.08324472508986
}
