{
 "scalefactor": "20",
 "Current Timestamp (milliseconds)": 1706604560154,
 "Benchmark Type": "tpcc",
 "isolation": "TRANSACTION_SERIALIZABLE",
 "DBMS Version": "5.7.44",
 "Goodput (requests/second)": 248.81638895025412,
 "terminals": "16",
 "DBMS Type": "MYSQL",
 "Latency Distribution": {
  "95th Percentile Latency (microseconds)": 186577,
  "Maximum Latency (microseconds)": 847289,
  "Median Latency (microseconds)": 46230,
  "Minimum Latency (microseconds)": 559,
  "25th Percentile Latency (microseconds)": 17052,
  "90th Percentile Latency (microseconds)": 144745,
  "99th Percentile Latency (microseconds)": 295017,
  "75th Percentile Latency (microseconds)": 89981,
  "Average Latency (microseconds)": 64039
 },
 "Throughput (requests/second)": 249.66638800152768
}
