{
 "scalefactor": "20",
 "Current Timestamp (milliseconds)": 1706609210192,
 "Benchmark Type": "tpcc",
 "isolation": "TRANSACTION_SERIALIZABLE",
 "DBMS Version": "5.7.44",
 "Goodput (requests/second)": 299.88328947540225,
 "terminals": "16",
 "DBMS Type": "MYSQL",
 "Latency Distribution": {
  "95th Percentile Latency (microseconds)": 146893,
  "Maximum Latency (microseconds)": 415240,
  "Median Latency (microseconds)": 40061,
  "Minimum Latency (microseconds)": 581,
  "25th Percentile Latency (microseconds)": 17067,
  "90th Percentile Latency (microseconds)": 119125,
  "99th Percentile Latency (microseconds)": 211104,
  "75th Percentile Latency (microseconds)": 74283,
  "Average Latency (microseconds)": 53100
 },
 "Throughput (requests/second)": 301.0832892999023
}
