{
 "scalefactor": "20",
 "Current Timestamp (milliseconds)": 1706609052024,
 "Benchmark Type": "tpcc",
 "isolation": "TRANSACTION_SERIALIZABLE",
 "DBMS Version": "5.7.44",
 "Goodput (requests/second)": 286.68319670489984,
 "terminals": "16",
 "DBMS Type": "MYSQL",
 "Latency Distribution": {
  "95th Percentile Latency (microseconds)": 152003,
  "Maximum Latency (microseconds)": 535058,
  "Median Latency (microseconds)": 41422,
  "Minimum Latency (microseconds)": 617,
  "25th Percentile Latency (microseconds)": 17432,
  "90th Percentile Latency (microseconds)": 121931,
  "99th Percentile Latency (microseconds)": 227478,
  "75th Percentile Latency (microseconds)": 78052,
  "Average Latency (microseconds)": 55613
 },
 "Throughput (requests/second)": 287.5498629585278
}
