{
 "scalefactor": "20",
 "Current Timestamp (milliseconds)": 1706609132126,
 "Benchmark Type": "tpcc",
 "isolation": "TRANSACTION_SERIALIZABLE",
 "DBMS Version": "5.7.44",
 "Goodput (requests/second)": 286.46632978226285,
 "terminals": "16",
 "DBMS Type": "MYSQL",
 "Latency Distribution": {
  "95th Percentile Latency (microseconds)": 151500,
  "Maximum Latency (microseconds)": 527390,
  "Median Latency (microseconds)": 41729,
  "Minimum Latency (microseconds)": 579,
  "25th Percentile Latency (microseconds)": 17550,
  "90th Percentile Latency (microseconds)": 122665,
  "99th Percentile Latency (microseconds)": 223894,
  "75th Percentile Latency (microseconds)": 78396,
  "Average Latency (microseconds)": 55597
 },
 "Throughput (requests/second)": 287.532995194531
}
