{
 "scalefactor": "20",
 "Current Timestamp (milliseconds)": 1706608042161,
 "Benchmark Type": "tpcc",
 "isolation": "TRANSACTION_SERIALIZABLE",
 "DBMS Version": "5.7.44",
 "Goodput (requests/second)": 224.51654055946778,
 "terminals": "16",
 "DBMS Type": "MYSQL",
 "Latency Distribution": {
  "95th Percentile Latency (microseconds)": 215422,
  "Maximum Latency (microseconds)": 791347,
  "Median Latency (microseconds)": 50776,
  "Minimum Latency (microseconds)": 526,
  "25th Percentile Latency (microseconds)": 19151,
  "90th Percentile Latency (microseconds)": 162576,
  "99th Percentile Latency (microseconds)": 327447,
  "75th Percentile Latency (microseconds)": 97751,
  "Average Latency (microseconds)": 71061
 },
 "Throughput (requests/second)": 225.04987359323684
}
