{
 "scalefactor": "20",
 "Current Timestamp (milliseconds)": 1706609911724,
 "Benchmark Type": "tpcc",
 "isolation": "TRANSACTION_SERIALIZABLE",
 "DBMS Version": "5.7.44",
 "Goodput (requests/second)": 367.34953324568306,
 "terminals": "16",
 "DBMS Type": "MYSQL",
 "Latency Distribution": {
  "95th Percentile Latency (microseconds)": 126801,
  "Maximum Latency (microseconds)": 524373,
  "Median Latency (microseconds)": 31797,
  "Minimum Latency (microseconds)": 664,
  "25th Percentile Latency (microseconds)": 15787,
  "90th Percentile Latency (microseconds)": 94928,
  "99th Percentile Latency (microseconds)": 192359,
  "75th Percentile Latency (microseconds)": 55531,
  "Average Latency (microseconds)": 43379
 },
 "Throughput (requests/second)": 368.6828648848852
}
