{
 "scalefactor": "20",
 "Current Timestamp (milliseconds)": 1706610850658,
 "Benchmark Type": "tpcc",
 "isolation": "TRANSACTION_SERIALIZABLE",
 "DBMS Version": "5.7.44",
 "Goodput (requests/second)": 254.0995810406108,
 "terminals": "16",
 "DBMS Type": "MYSQL",
 "Latency Distribution": {
  "95th Percentile Latency (microseconds)": 188344,
  "Maximum Latency (microseconds)": 896506,
  "Median Latency (microseconds)": 41267,
  "Minimum Latency (microseconds)": 564,
  "25th Percentile Latency (microseconds)": 17015,
  "90th Percentile Latency (microseconds)": 142211,
  "99th Percentile Latency (microseconds)": 333032,
  "75th Percentile Latency (microseconds)": 83396,
  "Average Latency (microseconds)": 62638
 },
 "Throughput (requests/second)": 255.03291283506664
}
