{
 "scalefactor": "20",
 "Current Timestamp (milliseconds)": 1706611013829,
 "Benchmark Type": "tpcc",
 "isolation": "TRANSACTION_SERIALIZABLE",
 "DBMS Version": "5.7.44",
 "Goodput (requests/second)": 194.18313715981904,
 "terminals": "16",
 "DBMS Type": "MYSQL",
 "Latency Distribution": {
  "95th Percentile Latency (microseconds)": 223064,
  "Maximum Latency (microseconds)": 1253700,
  "Median Latency (microseconds)": 59390,
  "Minimum Latency (microseconds)": 644,
  "25th Percentile Latency (microseconds)": 27082,
  "90th Percentile Latency (microseconds)": 171711,
  "99th Percentile Latency (microseconds)": 430173,
  "75th Percentile Latency (microseconds)": 111074,
  "Average Latency (microseconds)": 82028
 },
 "Throughput (requests/second)": 194.9164697523031
}
