{
 "scalefactor": "20",
 "Current Timestamp (milliseconds)": 1706608279434,
 "Benchmark Type": "tpcc",
 "isolation": "TRANSACTION_SERIALIZABLE",
 "DBMS Version": "5.7.44",
 "Goodput (requests/second)": 288.5829370223859,
 "terminals": "16",
 "DBMS Type": "MYSQL",
 "Latency Distribution": {
  "95th Percentile Latency (microseconds)": 152744,
  "Maximum Latency (microseconds)": 537368,
  "Median Latency (microseconds)": 42333,
  "Minimum Latency (microseconds)": 581,
  "25th Percentile Latency (microseconds)": 17447,
  "90th Percentile Latency (microseconds)": 120277,
  "99th Percentile Latency (microseconds)": 227849,
  "75th Percentile Latency (microseconds)": 76602,
  "Average Latency (microseconds)": 55240
 },
 "Throughput (requests/second)": 289.4329358550825
}
