{
 "scalefactor": "20",
 "Current Timestamp (milliseconds)": 1706606080213,
 "Benchmark Type": "tpcc",
 "isolation": "TRANSACTION_SERIALIZABLE",
 "DBMS Version": "5.7.44",
 "Goodput (requests/second)": 180.94990805332006,
 "terminals": "16",
 "DBMS Type": "MYSQL",
 "Latency Distribution": {
  "95th Percentile Latency (microseconds)": 252055,
  "Maximum Latency (microseconds)": 1177765,
  "Median Latency (microseconds)": 63159,
  "Minimum Latency (microseconds)": 664,
  "25th Percentile Latency (microseconds)": 27300,
  "90th Percentile Latency (microseconds)": 198847,
  "99th Percentile Latency (microseconds)": 388286,
  "75th Percentile Latency (microseconds)": 122174,
  "Average Latency (microseconds)": 88040
 },
 "Throughput (requests/second)": 181.49990777384687
}
