{
 "scalefactor": "20",
 "Current Timestamp (milliseconds)": 1706605069047,
 "Benchmark Type": "tpcc",
 "isolation": "TRANSACTION_SERIALIZABLE",
 "DBMS Version": "5.7.44",
 "Goodput (requests/second)": 309.08318519491405,
 "terminals": "16",
 "DBMS Type": "MYSQL",
 "Latency Distribution": {
  "95th Percentile Latency (microseconds)": 140175,
  "Maximum Latency (microseconds)": 603013,
  "Median Latency (microseconds)": 38629,
  "Minimum Latency (microseconds)": 564,
  "25th Percentile Latency (microseconds)": 18262,
  "90th Percentile Latency (microseconds)": 109740,
  "99th Percentile Latency (microseconds)": 217231,
  "75th Percentile Latency (microseconds)": 70688,
  "Average Latency (microseconds)": 51542
 },
 "Throughput (requests/second)": 310.14985135034544
}
