{
 "scalefactor": "20",
 "Current Timestamp (milliseconds)": 1706610525967,
 "Benchmark Type": "tpcc",
 "isolation": "TRANSACTION_SERIALIZABLE",
 "DBMS Version": "5.7.44",
 "Goodput (requests/second)": 386.81623529564797,
 "terminals": "16",
 "DBMS Type": "MYSQL",
 "Latency Distribution": {
  "95th Percentile Latency (microseconds)": 121606,
  "Maximum Latency (microseconds)": 446573,
  "Median Latency (microseconds)": 29212,
  "Minimum Latency (microseconds)": 646,
  "25th Percentile Latency (microseconds)": 14107,
  "90th Percentile Latency (microseconds)": 91473,
  "99th Percentile Latency (microseconds)": 175396,
  "75th Percentile Latency (microseconds)": 54676,
  "Average Latency (microseconds)": 41136
 },
 "Throughput (requests/second)": 388.3995668632764
}
