{
 "scalefactor": "20",
 "Current Timestamp (milliseconds)": 1706606856389,
 "Benchmark Type": "tpcc",
 "isolation": "TRANSACTION_SERIALIZABLE",
 "DBMS Version": "5.7.44",
 "Goodput (requests/second)": 228.79496711321693,
 "terminals": "16",
 "DBMS Type": "MYSQL",
 "Latency Distribution": {
  "95th Percentile Latency (microseconds)": 183629,
  "Maximum Latency (microseconds)": 523034,
  "Median Latency (microseconds)": 54994,
  "Minimum Latency (microseconds)": 565,
  "25th Percentile Latency (microseconds)": 23314,
  "90th Percentile Latency (microseconds)": 148744,
  "99th Percentile Latency (microseconds)": 265267,
  "75th Percentile Latency (microseconds)": 99910,
  "Average Latency (microseconds)": 69575
 },
 "Throughput (requests/second)": 229.79494511633413
}
