{
 "scalefactor": "20",
 "Current Timestamp (milliseconds)": 1706607165888,
 "Benchmark Type": "tpcc",
 "isolation": "TRANSACTION_SERIALIZABLE",
 "DBMS Version": "5.7.44",
 "Goodput (requests/second)": 232.49998045062665,
 "terminals": "16",
 "DBMS Type": "MYSQL",
 "Latency Distribution": {
  "95th Percentile Latency (microseconds)": 203836,
  "Maximum Latency (microseconds)": 791502,
  "Median Latency (microseconds)": 47921,
  "Minimum Latency (microseconds)": 510,
  "25th Percentile Latency (microseconds)": 19877,
  "90th Percentile Latency (microseconds)": 155972,
  "99th Percentile Latency (microseconds)": 323652,
  "75th Percentile Latency (microseconds)": 93677,
  "Average Latency (microseconds)": 68584
 },
 "Throughput (requests/second)": 233.08331373491137
}
