{
 "scalefactor": "20",
 "Current Timestamp (milliseconds)": 1706605618947,
 "Benchmark Type": "tpcc",
 "isolation": "TRANSACTION_SERIALIZABLE",
 "DBMS Version": "5.7.44",
 "Goodput (requests/second)": 507.0833014546965,
 "terminals": "16",
 "DBMS Type": "MYSQL",
 "Latency Distribution": {
  "95th Percentile Latency (microseconds)": 83527,
  "Maximum Latency (microseconds)": 323633,
  "Median Latency (microseconds)": 24125,
  "Minimum Latency (microseconds)": 559,
  "25th Percentile Latency (microseconds)": 12232,
  "90th Percentile Latency (microseconds)": 66923,
  "99th Percentile Latency (microseconds)": 121523,
  "75th Percentile Latency (microseconds)": 42330,
  "Average Latency (microseconds)": 31421
 },
 "Throughput (requests/second)": 508.9666346696309
}
