{
 "scalefactor": "20",
 "Current Timestamp (milliseconds)": 1706608821790,
 "Benchmark Type": "tpcc",
 "isolation": "TRANSACTION_SERIALIZABLE",
 "DBMS Version": "5.7.44",
 "Goodput (requests/second)": 324.8998370573167,
 "terminals": "16",
 "DBMS Type": "MYSQL",
 "Latency Distribution": {
  "95th Percentile Latency (microseconds)": 132125,
  "Maximum Latency (microseconds)": 532429,
  "Median Latency (microseconds)": 37650,
  "Minimum Latency (microseconds)": 502,
  "25th Percentile Latency (microseconds)": 16826,
  "90th Percentile Latency (microseconds)": 105447,
  "99th Percentile Latency (microseconds)": 198985,
  "75th Percentile Latency (microseconds)": 68518,
  "Average Latency (microseconds)": 49051
 },
 "Throughput (requests/second)": 325.9831698473406
}
