{
 "scalefactor": "20",
 "Current Timestamp (milliseconds)": 1706604729365,
 "Benchmark Type": "tpcc",
 "isolation": "TRANSACTION_SERIALIZABLE",
 "DBMS Version": "5.7.44",
 "Goodput (requests/second)": 314.14999351280267,
 "terminals": "16",
 "DBMS Type": "MYSQL",
 "Latency Distribution": {
  "95th Percentile Latency (microseconds)": 140540,
  "Maximum Latency (microseconds)": 834459,
  "Median Latency (microseconds)": 36845,
  "Minimum Latency (microseconds)": 518,
  "25th Percentile Latency (microseconds)": 17092,
  "90th Percentile Latency (microseconds)": 107369,
  "99th Percentile Latency (microseconds)": 242333,
  "75th Percentile Latency (microseconds)": 68360,
  "Average Latency (microseconds)": 50715
 },
 "Throughput (requests/second)": 315.23332682376514
}
