{
 "scalefactor": "20",
 "Current Timestamp (milliseconds)": 1706604813466,
 "Benchmark Type": "tpcc",
 "isolation": "TRANSACTION_SERIALIZABLE",
 "DBMS Version": "5.7.44",
 "Goodput (requests/second)": 312.6996200960199,
 "terminals": "16",
 "DBMS Type": "MYSQL",
 "Latency Distribution": {
  "95th Percentile Latency (microseconds)": 140101,
  "Maximum Latency (microseconds)": 576990,
  "Median Latency (microseconds)": 37407,
  "Minimum Latency (microseconds)": 539,
  "25th Percentile Latency (microseconds)": 17177,
  "90th Percentile Latency (microseconds)": 108989,
  "99th Percentile Latency (microseconds)": 234642,
  "75th Percentile Latency (microseconds)": 69478,
  "Average Latency (microseconds)": 50971
 },
 "Throughput (requests/second)": 313.6662855882685
}
