{
 "scalefactor": "20",
 "Current Timestamp (milliseconds)": 1706604475059,
 "Benchmark Type": "tpcc",
 "isolation": "TRANSACTION_SERIALIZABLE",
 "DBMS Version": "5.7.44",
 "Goodput (requests/second)": 239.61658969383083,
 "terminals": "16",
 "DBMS Type": "MYSQL",
 "Latency Distribution": {
  "95th Percentile Latency (microseconds)": 197589,
  "Maximum Latency (microseconds)": 775002,
  "Median Latency (microseconds)": 47379,
  "Minimum Latency (microseconds)": 542,
  "25th Percentile Latency (microseconds)": 18157,
  "90th Percentile Latency (microseconds)": 150787,
  "99th Percentile Latency (microseconds)": 299371,
  "75th Percentile Latency (microseconds)": 93059,
  "Average Latency (microseconds)": 66410
 },
 "Throughput (requests/second)": 240.63325603391038
}
