{
 "scalefactor": "20",
 "Current Timestamp (milliseconds)": 1706610936726,
 "Benchmark Type": "tpcc",
 "isolation": "TRANSACTION_SERIALIZABLE",
 "DBMS Version": "5.7.44",
 "Goodput (requests/second)": 186.8989335484552,
 "terminals": "16",
 "DBMS Type": "MYSQL",
 "Latency Distribution": {
  "95th Percentile Latency (microseconds)": 240961,
  "Maximum Latency (microseconds)": 1008467,
  "Median Latency (microseconds)": 61811,
  "Minimum Latency (microseconds)": 561,
  "25th Percentile Latency (microseconds)": 28050,
  "90th Percentile Latency (microseconds)": 181830,
  "99th Percentile Latency (microseconds)": 401313,
  "75th Percentile Latency (microseconds)": 114362,
  "Average Latency (microseconds)": 85278
 },
 "Throughput (requests/second)": 187.4489304101548
}
