{
 "scalefactor": "20",
 "Current Timestamp (milliseconds)": 1706604983646,
 "Benchmark Type": "tpcc",
 "isolation": "TRANSACTION_SERIALIZABLE",
 "DBMS Version": "5.7.44",
 "Goodput (requests/second)": 314.2831934458839,
 "terminals": "16",
 "DBMS Type": "MYSQL",
 "Latency Distribution": {
  "95th Percentile Latency (microseconds)": 138669,
  "Maximum Latency (microseconds)": 504072,
  "Median Latency (microseconds)": 38036,
  "Minimum Latency (microseconds)": 587,
  "25th Percentile Latency (microseconds)": 17940,
  "90th Percentile Latency (microseconds)": 108672,
  "99th Percentile Latency (microseconds)": 217907,
  "75th Percentile Latency (microseconds)": 68981,
  "Average Latency (microseconds)": 50677
 },
 "Throughput (requests/second)": 315.5498595487575
}
