{
 "scalefactor": "20",
 "Current Timestamp (milliseconds)": 1706605238639,
 "Benchmark Type": "tpcc",
 "isolation": "TRANSACTION_SERIALIZABLE",
 "DBMS Version": "5.7.44",
 "Goodput (requests/second)": 104.03329951210766,
 "terminals": "16",
 "DBMS Type": "MYSQL",
 "Latency Distribution": {
  "95th Percentile Latency (microseconds)": 430719,
  "Maximum Latency (microseconds)": 1450237,
  "Median Latency (microseconds)": 111457,
  "Minimum Latency (microseconds)": 741,
  "25th Percentile Latency (microseconds)": 51458,
  "90th Percentile Latency (microseconds)": 330163,
  "99th Percentile Latency (microseconds)": 734147,
  "75th Percentile Latency (microseconds)": 209396,
  "Average Latency (microseconds)": 152999
 },
 "Throughput (requests/second)": 104.34996607582603
}
