{
 "scalefactor": "20",
 "Current Timestamp (milliseconds)": 1706608366426,
 "Benchmark Type": "tpcc",
 "isolation": "TRANSACTION_SERIALIZABLE",
 "DBMS Version": "5.7.44",
 "Goodput (requests/second)": 287.4133911264231,
 "terminals": "16",
 "DBMS Type": "MYSQL",
 "Latency Distribution": {
  "95th Percentile Latency (microseconds)": 159445,
  "Maximum Latency (microseconds)": 604787,
  "Median Latency (microseconds)": 40369,
  "Minimum Latency (microseconds)": 493,
  "25th Percentile Latency (microseconds)": 16829,
  "90th Percentile Latency (microseconds)": 123597,
  "99th Percentile Latency (microseconds)": 243087,
  "75th Percentile Latency (microseconds)": 75859,
  "Average Latency (microseconds)": 55424
 },
 "Throughput (requests/second)": 288.46337916011197
}
