{
 "scalefactor": "20",
 "Current Timestamp (milliseconds)": 1706607627840,
 "Benchmark Type": "tpcc",
 "isolation": "TRANSACTION_SERIALIZABLE",
 "DBMS Version": "5.7.44",
 "Goodput (requests/second)": 480.93270136371706,
 "terminals": "16",
 "DBMS Type": "MYSQL",
 "Latency Distribution": {
  "95th Percentile Latency (microseconds)": 88045,
  "Maximum Latency (microseconds)": 647404,
  "Median Latency (microseconds)": 25189,
  "Minimum Latency (microseconds)": 613,
  "25th Percentile Latency (microseconds)": 12646,
  "90th Percentile Latency (microseconds)": 70065,
  "99th Percentile Latency (microseconds)": 123863,
  "75th Percentile Latency (microseconds)": 45161,
  "Average Latency (microseconds)": 33118
 },
 "Throughput (requests/second)": 482.9493653803864
}
