{
 "scalefactor": "20",
 "Current Timestamp (milliseconds)": 1706608200400,
 "Benchmark Type": "tpcc",
 "isolation": "TRANSACTION_SERIALIZABLE",
 "DBMS Version": "5.7.44",
 "Goodput (requests/second)": 238.99988261122434,
 "terminals": "16",
 "DBMS Type": "MYSQL",
 "Latency Distribution": {
  "95th Percentile Latency (microseconds)": 202357,
  "Maximum Latency (microseconds)": 632134,
  "Median Latency (microseconds)": 47018,
  "Minimum Latency (microseconds)": 539,
  "25th Percentile Latency (microseconds)": 18965,
  "90th Percentile Latency (microseconds)": 151553,
  "99th Percentile Latency (microseconds)": 311104,
  "75th Percentile Latency (microseconds)": 92081,
  "Average Latency (microseconds)": 66747
 },
 "Throughput (requests/second)": 239.5832156580439
}
