{
 "scalefactor": "20",
 "Current Timestamp (milliseconds)": 1706610763590,
 "Benchmark Type": "tpcc",
 "isolation": "TRANSACTION_SERIALIZABLE",
 "DBMS Version": "5.7.44",
 "Goodput (requests/second)": 254.63328540710512,
 "terminals": "16",
 "DBMS Type": "MYSQL",
 "Latency Distribution": {
  "95th Percentile Latency (microseconds)": 191498,
  "Maximum Latency (microseconds)": 761034,
  "Median Latency (microseconds)": 41501,
  "Minimum Latency (microseconds)": 538,
  "25th Percentile Latency (microseconds)": 18085,
  "90th Percentile Latency (microseconds)": 140833,
  "99th Percentile Latency (microseconds)": 321762,
  "75th Percentile Latency (microseconds)": 82170,
  "Average Latency (microseconds)": 62532
 },
 "Throughput (requests/second)": 255.4166185930021
}
