{
 "scalefactor": "20",
 "Current Timestamp (milliseconds)": 1706605387746,
 "Benchmark Type": "tpcc",
 "isolation": "TRANSACTION_SERIALIZABLE",
 "DBMS Version": "5.7.44",
 "Goodput (requests/second)": 106.83328079628696,
 "terminals": "16",
 "DBMS Type": "MYSQL",
 "Latency Distribution": {
  "95th Percentile Latency (microseconds)": 406154,
  "Maximum Latency (microseconds)": 1305715,
  "Median Latency (microseconds)": 114912,
  "Minimum Latency (microseconds)": 772,
  "25th Percentile Latency (microseconds)": 51602,
  "90th Percentile Latency (microseconds)": 320749,
  "99th Percentile Latency (microseconds)": 644464,
  "75th Percentile Latency (microseconds)": 206625,
  "Average Latency (microseconds)": 149504
 },
 "Throughput (requests/second)": 106.81661413781639
}
