{
 "scalefactor": "20",
 "Current Timestamp (milliseconds)": 1706607704962,
 "Benchmark Type": "tpcc",
 "isolation": "TRANSACTION_SERIALIZABLE",
 "DBMS Version": "5.7.44",
 "Goodput (requests/second)": 488.39939938269856,
 "terminals": "16",
 "DBMS Type": "MYSQL",
 "Latency Distribution": {
  "95th Percentile Latency (microseconds)": 87711,
  "Maximum Latency (microseconds)": 226348,
  "Median Latency (microseconds)": 24808,
  "Minimum Latency (microseconds)": 575,
  "25th Percentile Latency (microseconds)": 12608,
  "90th Percentile Latency (microseconds)": 69991,
  "99th Percentile Latency (microseconds)": 123098,
  "75th Percentile Latency (microseconds)": 44457,
  "Average Latency (microseconds)": 32601
 },
 "Throughput (requests/second)": 490.4827301540212
}
