{
 "scalefactor": "20",
 "Current Timestamp (milliseconds)": 1706609832654,
 "Benchmark Type": "tpcc",
 "isolation": "TRANSACTION_SERIALIZABLE",
 "DBMS Version": "5.7.44",
 "Goodput (requests/second)": 372.46652332913294,
 "terminals": "16",
 "DBMS Type": "MYSQL",
 "Latency Distribution": {
  "95th Percentile Latency (microseconds)": 125157,
  "Maximum Latency (microseconds)": 393069,
  "Median Latency (microseconds)": 30955,
  "Minimum Latency (microseconds)": 677,
  "25th Percentile Latency (microseconds)": 15114,
  "90th Percentile Latency (microseconds)": 94826,
  "99th Percentile Latency (microseconds)": 192466,
  "75th Percentile Latency (microseconds)": 54917,
  "Average Latency (microseconds)": 42737
 },
 "Throughput (requests/second)": 373.8331894698609
}
