{
 "scalefactor": "20",
 "Current Timestamp (milliseconds)": 1706610296655,
 "Benchmark Type": "tpcc",
 "isolation": "TRANSACTION_SERIALIZABLE",
 "DBMS Version": "5.7.44",
 "Goodput (requests/second)": 193.79966266907718,
 "terminals": "16",
 "DBMS Type": "MYSQL",
 "Latency Distribution": {
  "95th Percentile Latency (microseconds)": 238274,
  "Maximum Latency (microseconds)": 1719604,
  "Median Latency (microseconds)": 58290,
  "Minimum Latency (microseconds)": 585,
  "25th Percentile Latency (microseconds)": 25113,
  "90th Percentile Latency (microseconds)": 185981,
  "99th Percentile Latency (microseconds)": 367385,
  "75th Percentile Latency (microseconds)": 111605,
  "Average Latency (microseconds)": 82217
 },
 "Throughput (requests/second)": 194.51632808830405
}
