{
 "scalefactor": "20",
 "Current Timestamp (milliseconds)": 1706608540527,
 "Benchmark Type": "tpcc",
 "isolation": "TRANSACTION_SERIALIZABLE",
 "DBMS Version": "5.7.44",
 "Goodput (requests/second)": 113.7498598905059,
 "terminals": "16",
 "DBMS Type": "MYSQL",
 "Latency Distribution": {
  "95th Percentile Latency (microseconds)": 525899,
  "Maximum Latency (microseconds)": 1930146,
  "Median Latency (microseconds)": 68013,
  "Minimum Latency (microseconds)": 654,
  "25th Percentile Latency (microseconds)": 20384,
  "90th Percentile Latency (microseconds)": 372686,
  "99th Percentile Latency (microseconds)": 894387,
  "75th Percentile Latency (microseconds)": 178491,
  "Average Latency (microseconds)": 139936
 },
 "Throughput (requests/second)": 113.88319305960833
}
