{
 "scalefactor": "20",
 "Current Timestamp (milliseconds)": 1706609289370,
 "Benchmark Type": "tpcc",
 "isolation": "TRANSACTION_SERIALIZABLE",
 "DBMS Version": "5.7.44",
 "Goodput (requests/second)": 395.7164037988549,
 "terminals": "16",
 "DBMS Type": "MYSQL",
 "Latency Distribution": {
  "95th Percentile Latency (microseconds)": 110815,
  "Maximum Latency (microseconds)": 640310,
  "Median Latency (microseconds)": 29923,
  "Minimum Latency (microseconds)": 515,
  "25th Percentile Latency (microseconds)": 13201,
  "90th Percentile Latency (microseconds)": 86695,
  "99th Percentile Latency (microseconds)": 169063,
  "75th Percentile Latency (microseconds)": 55554,
  "Average Latency (microseconds)": 40274
 },
 "Throughput (requests/second)": 397.06640290207304
}
