{
 "scalefactor": "20",
 "Current Timestamp (milliseconds)": 1706607011590,
 "Benchmark Type": "tpcc",
 "isolation": "TRANSACTION_SERIALIZABLE",
 "DBMS Version": "5.7.44",
 "Goodput (requests/second)": 232.48310208626643,
 "terminals": "16",
 "DBMS Type": "MYSQL",
 "Latency Distribution": {
  "95th Percentile Latency (microseconds)": 182611,
  "Maximum Latency (microseconds)": 501528,
  "Median Latency (microseconds)": 53639,
  "Minimum Latency (microseconds)": 565,
  "25th Percentile Latency (microseconds)": 24058,
  "90th Percentile Latency (microseconds)": 146238,
  "99th Percentile Latency (microseconds)": 267664,
  "75th Percentile Latency (microseconds)": 97193,
  "Average Latency (microseconds)": 68590
 },
 "Throughput (requests/second)": 233.11643478963427
}
