{
 "scalefactor": "20",
 "Current Timestamp (milliseconds)": 1706606543042,
 "Benchmark Type": "tpcc",
 "isolation": "TRANSACTION_SERIALIZABLE",
 "DBMS Version": "5.7.44",
 "Goodput (requests/second)": 113.18332413530186,
 "terminals": "16",
 "DBMS Type": "MYSQL",
 "Latency Distribution": {
  "95th Percentile Latency (microseconds)": 398316,
  "Maximum Latency (microseconds)": 1412100,
  "Median Latency (microseconds)": 102871,
  "Minimum Latency (microseconds)": 719,
  "25th Percentile Latency (microseconds)": 46056,
  "90th Percentile Latency (microseconds)": 311573,
  "99th Percentile Latency (microseconds)": 634728,
  "75th Percentile Latency (microseconds)": 192028,
  "Average Latency (microseconds)": 140481
 },
 "Throughput (requests/second)": 113.36665745373631
}
