{
 "scalefactor": "20",
 "Current Timestamp (milliseconds)": 1706608121344,
 "Benchmark Type": "tpcc",
 "isolation": "TRANSACTION_SERIALIZABLE",
 "DBMS Version": "5.7.44",
 "Goodput (requests/second)": 225.08318719432268,
 "terminals": "16",
 "DBMS Type": "MYSQL",
 "Latency Distribution": {
  "95th Percentile Latency (microseconds)": 209534,
  "Maximum Latency (microseconds)": 838323,
  "Median Latency (microseconds)": 50916,
  "Minimum Latency (microseconds)": 516,
  "25th Percentile Latency (microseconds)": 19935,
  "90th Percentile Latency (microseconds)": 161302,
  "99th Percentile Latency (microseconds)": 321343,
  "75th Percentile Latency (microseconds)": 98230,
  "Average Latency (microseconds)": 70835
 },
 "Throughput (requests/second)": 225.6498534930718
}
