{
 "scalefactor": "20",
 "Current Timestamp (milliseconds)": 1706604010359,
 "Benchmark Type": "tpcc",
 "isolation": "TRANSACTION_SERIALIZABLE",
 "DBMS Version": "5.7.44",
 "Goodput (requests/second)": 228.23323404046485,
 "terminals": "16",
 "DBMS Type": "MYSQL",
 "Latency Distribution": {
  "95th Percentile Latency (microseconds)": 194219,
  "Maximum Latency (microseconds)": 1299789,
  "Median Latency (microseconds)": 51018,
  "Minimum Latency (microseconds)": 514,
  "25th Percentile Latency (microseconds)": 22724,
  "90th Percentile Latency (microseconds)": 151359,
  "99th Percentile Latency (microseconds)": 311440,
  "75th Percentile Latency (microseconds)": 95120,
  "Average Latency (microseconds)": 69908
 },
 "Throughput (requests/second)": 228.73323382293995
}
