{
 "scalefactor": "20",
 "Current Timestamp (milliseconds)": 1706610219648,
 "Benchmark Type": "tpcc",
 "isolation": "TRANSACTION_SERIALIZABLE",
 "DBMS Version": "5.7.44",
 "Goodput (requests/second)": 87.13324428751434,
 "terminals": "16",
 "DBMS Type": "MYSQL",
 "Latency Distribution": {
  "95th Percentile Latency (microseconds)": 903541,
  "Maximum Latency (microseconds)": 2584071,
  "Median Latency (microseconds)": 76661,
  "Minimum Latency (microseconds)": 843,
  "25th Percentile Latency (microseconds)": 30483,
  "90th Percentile Latency (microseconds)": 450310,
  "99th Percentile Latency (microseconds)": 1628888,
  "75th Percentile Latency (microseconds)": 166414,
  "Average Latency (microseconds)": 183142
 },
 "Throughput (requests/second)": 87.26657748458781
}
