{
 "scalefactor": "20",
 "Current Timestamp (milliseconds)": 1706608974932,
 "Benchmark Type": "tpcc",
 "isolation": "TRANSACTION_SERIALIZABLE",
 "DBMS Version": "5.7.44",
 "Goodput (requests/second)": 329.7164388545885,
 "terminals": "16",
 "DBMS Type": "MYSQL",
 "Latency Distribution": {
  "95th Percentile Latency (microseconds)": 128185,
  "Maximum Latency (microseconds)": 494663,
  "Median Latency (microseconds)": 37541,
  "Minimum Latency (microseconds)": 480,
  "25th Percentile Latency (microseconds)": 16189,
  "90th Percentile Latency (microseconds)": 102180,
  "99th Percentile Latency (microseconds)": 200833,
  "75th Percentile Latency (microseconds)": 67125,
  "Average Latency (microseconds)": 48310
 },
 "Throughput (requests/second)": 330.899771370318
}
