{
 "scalefactor": "20",
 "Current Timestamp (milliseconds)": 1706603768116,
 "Benchmark Type": "tpcc",
 "isolation": "TRANSACTION_SERIALIZABLE",
 "DBMS Version": "5.7.44",
 "Goodput (requests/second)": 270.716226955835,
 "terminals": "16",
 "DBMS Type": "MYSQL",
 "Latency Distribution": {
  "95th Percentile Latency (microseconds)": 176349,
  "Maximum Latency (microseconds)": 705932,
  "Median Latency (microseconds)": 40623,
  "Minimum Latency (microseconds)": 441,
  "25th Percentile Latency (microseconds)": 17445,
  "90th Percentile Latency (microseconds)": 132705,
  "99th Percentile Latency (microseconds)": 274935,
  "75th Percentile Latency (microseconds)": 78982,
  "Average Latency (microseconds)": 58751
 },
 "Throughput (requests/second)": 271.86622508795057
}
