{
 "scalefactor": "20",
 "Current Timestamp (milliseconds)": 1706605852040,
 "Benchmark Type": "tpcc",
 "isolation": "TRANSACTION_SERIALIZABLE",
 "DBMS Version": "5.7.44",
 "Goodput (requests/second)": 216.99989683824904,
 "terminals": "16",
 "DBMS Type": "MYSQL",
 "Latency Distribution": {
  "95th Percentile Latency (microseconds)": 220807,
  "Maximum Latency (microseconds)": 759034,
  "Median Latency (microseconds)": 51914,
  "Minimum Latency (microseconds)": 553,
  "25th Percentile Latency (microseconds)": 20975,
  "90th Percentile Latency (microseconds)": 165909,
  "99th Percentile Latency (microseconds)": 347770,
  "75th Percentile Latency (microseconds)": 99413,
  "Average Latency (microseconds)": 73417
 },
 "Throughput (requests/second)": 217.68322984672585
}
