{
 "scalefactor": "20",
 "Current Timestamp (milliseconds)": 1706605153386,
 "Benchmark Type": "tpcc",
 "isolation": "TRANSACTION_SERIALIZABLE",
 "DBMS Version": "5.7.44",
 "Goodput (requests/second)": 316.43310000083926,
 "terminals": "16",
 "DBMS Type": "MYSQL",
 "Latency Distribution": {
  "95th Percentile Latency (microseconds)": 138168,
  "Maximum Latency (microseconds)": 581102,
  "Median Latency (microseconds)": 37505,
  "Minimum Latency (microseconds)": 530,
  "25th Percentile Latency (microseconds)": 17802,
  "90th Percentile Latency (microseconds)": 106644,
  "99th Percentile Latency (microseconds)": 223989,
  "75th Percentile Latency (microseconds)": 67592,
  "Average Latency (microseconds)": 50284
 },
 "Throughput (requests/second)": 317.7497656966186
}
