{
 "scalefactor": "20",
 "Current Timestamp (milliseconds)": 1706608898826,
 "Benchmark Type": "tpcc",
 "isolation": "TRANSACTION_SERIALIZABLE",
 "DBMS Version": "5.7.44",
 "Goodput (requests/second)": 329.3655050145922,
 "terminals": "16",
 "DBMS Type": "MYSQL",
 "Latency Distribution": {
  "95th Percentile Latency (microseconds)": 128244,
  "Maximum Latency (microseconds)": 504104,
  "Median Latency (microseconds)": 37128,
  "Minimum Latency (microseconds)": 623,
  "25th Percentile Latency (microseconds)": 16006,
  "90th Percentile Latency (microseconds)": 103603,
  "99th Percentile Latency (microseconds)": 197051,
  "75th Percentile Latency (microseconds)": 68194,
  "Average Latency (microseconds)": 48338
 },
 "Throughput (requests/second)": 330.71543194401494
}
