{
 "scalefactor": "20",
 "Current Timestamp (milliseconds)": 1706603298627,
 "Benchmark Type": "tpcc",
 "isolation": "TRANSACTION_SERIALIZABLE",
 "DBMS Version": "5.7.44",
 "Goodput (requests/second)": 295.066542079737,
 "terminals": "16",
 "DBMS Type": "MYSQL",
 "Latency Distribution": {
  "95th Percentile Latency (microseconds)": 145494,
  "Maximum Latency (microseconds)": 632766,
  "Median Latency (microseconds)": 42170,
  "Minimum Latency (microseconds)": 550,
  "25th Percentile Latency (microseconds)": 17343,
  "90th Percentile Latency (microseconds)": 116143,
  "99th Percentile Latency (microseconds)": 216528,
  "75th Percentile Latency (microseconds)": 77206,
  "Average Latency (microseconds)": 53970
 },
 "Throughput (requests/second)": 296.2832082326867
}
