{
 "scalefactor": "20",
 "Current Timestamp (milliseconds)": 1706607868044,
 "Benchmark Type": "tpcc",
 "isolation": "TRANSACTION_SERIALIZABLE",
 "DBMS Version": "5.7.44",
 "Goodput (requests/second)": 301.3331301896036,
 "terminals": "16",
 "DBMS Type": "MYSQL",
 "Latency Distribution": {
  "95th Percentile Latency (microseconds)": 151051,
  "Maximum Latency (microseconds)": 617103,
  "Median Latency (microseconds)": 39026,
  "Minimum Latency (microseconds)": 556,
  "25th Percentile Latency (microseconds)": 16625,
  "90th Percentile Latency (microseconds)": 115179,
  "99th Percentile Latency (microseconds)": 240222,
  "75th Percentile Latency (microseconds)": 72437,
  "Average Latency (microseconds)": 52806
 },
 "Throughput (requests/second)": 302.59979600234755
}
