{
 "scalefactor": "20",
 "Current Timestamp (milliseconds)": 1706603850160,
 "Benchmark Type": "tpcc",
 "isolation": "TRANSACTION_SERIALIZABLE",
 "DBMS Version": "5.7.44",
 "Goodput (requests/second)": 288.2331845954023,
 "terminals": "16",
 "DBMS Type": "MYSQL",
 "Latency Distribution": {
  "95th Percentile Latency (microseconds)": 166807,
  "Maximum Latency (microseconds)": 690490,
  "Median Latency (microseconds)": 37536,
  "Minimum Latency (microseconds)": 553,
  "25th Percentile Latency (microseconds)": 16580,
  "90th Percentile Latency (microseconds)": 122694,
  "99th Percentile Latency (microseconds)": 273092,
  "75th Percentile Latency (microseconds)": 73835,
  "Average Latency (microseconds)": 55231
 },
 "Throughput (requests/second)": 289.3998506600304
}
