{
 "scalefactor": "20",
 "Current Timestamp (milliseconds)": 1706604321768,
 "Benchmark Type": "tpcc",
 "isolation": "TRANSACTION_SERIALIZABLE",
 "DBMS Version": "5.7.44",
 "Goodput (requests/second)": 400.8832692320986,
 "terminals": "16",
 "DBMS Type": "MYSQL",
 "Latency Distribution": {
  "95th Percentile Latency (microseconds)": 115051,
  "Maximum Latency (microseconds)": 411714,
  "Median Latency (microseconds)": 28715,
  "Minimum Latency (microseconds)": 608,
  "25th Percentile Latency (microseconds)": 14111,
  "90th Percentile Latency (microseconds)": 87961,
  "99th Percentile Latency (microseconds)": 166161,
  "75th Percentile Latency (microseconds)": 53395,
  "Average Latency (microseconds)": 39731
 },
 "Throughput (requests/second)": 402.51660230426194
}
