{
 "scalefactor": "20",
 "Current Timestamp (milliseconds)": 1706610448930,
 "Benchmark Type": "tpcc",
 "isolation": "TRANSACTION_SERIALIZABLE",
 "DBMS Version": "5.7.44",
 "Goodput (requests/second)": 392.56370409961823,
 "terminals": "16",
 "DBMS Type": "MYSQL",
 "Latency Distribution": {
  "95th Percentile Latency (microseconds)": 113085,
  "Maximum Latency (microseconds)": 598070,
  "Median Latency (microseconds)": 29548,
  "Minimum Latency (microseconds)": 617,
  "25th Percentile Latency (microseconds)": 14241,
  "90th Percentile Latency (microseconds)": 88777,
  "99th Percentile Latency (microseconds)": 171353,
  "75th Percentile Latency (microseconds)": 55443,
  "Average Latency (microseconds)": 40568
 },
 "Throughput (requests/second)": 394.1636920249627
}
