{
 "scalefactor": "20",
 "Current Timestamp (milliseconds)": 1706607323249,
 "Benchmark Type": "tpcc",
 "isolation": "TRANSACTION_SERIALIZABLE",
 "DBMS Version": "5.7.44",
 "Goodput (requests/second)": 504.7165223261532,
 "terminals": "16",
 "DBMS Type": "MYSQL",
 "Latency Distribution": {
  "95th Percentile Latency (microseconds)": 85782,
  "Maximum Latency (microseconds)": 416358,
  "Median Latency (microseconds)": 23944,
  "Minimum Latency (microseconds)": 627,
  "25th Percentile Latency (microseconds)": 12223,
  "90th Percentile Latency (microseconds)": 67209,
  "99th Percentile Latency (microseconds)": 123158,
  "75th Percentile Latency (microseconds)": 42574,
  "Average Latency (microseconds)": 31554
 },
 "Throughput (requests/second)": 506.8165217255884
}
