{
 "scalefactor": "20",
 "Current Timestamp (milliseconds)": 1706607781080,
 "Benchmark Type": "tpcc",
 "isolation": "TRANSACTION_SERIALIZABLE",
 "DBMS Version": "5.7.44",
 "Goodput (requests/second)": 294.71637128718356,
 "terminals": "16",
 "DBMS Type": "MYSQL",
 "Latency Distribution": {
  "95th Percentile Latency (microseconds)": 153167,
  "Maximum Latency (microseconds)": 485450,
  "Median Latency (microseconds)": 40505,
  "Minimum Latency (microseconds)": 554,
  "25th Percentile Latency (microseconds)": 16766,
  "90th Percentile Latency (microseconds)": 119339,
  "99th Percentile Latency (microseconds)": 235875,
  "75th Percentile Latency (microseconds)": 75411,
  "Average Latency (microseconds)": 54033
 },
 "Throughput (requests/second)": 295.7997035347471
}
