{
 "scalefactor": "20",
 "Current Timestamp (milliseconds)": 1706603374737,
 "Benchmark Type": "tpcc",
 "isolation": "TRANSACTION_SERIALIZABLE",
 "DBMS Version": "5.7.44",
 "Goodput (requests/second)": 294.66642438702144,
 "terminals": "16",
 "DBMS Type": "MYSQL",
 "Latency Distribution": {
  "95th Percentile Latency (microseconds)": 142594,
  "Maximum Latency (microseconds)": 495746,
  "Median Latency (microseconds)": 42671,
  "Minimum Latency (microseconds)": 551,
  "25th Percentile Latency (microseconds)": 18248,
  "90th Percentile Latency (microseconds)": 115157,
  "99th Percentile Latency (microseconds)": 212044,
  "75th Percentile Latency (microseconds)": 76771,
  "Average Latency (microseconds)": 54062
 },
 "Throughput (requests/second)": 295.71642352369463
}
