{
 "scalefactor": "20",
 "Current Timestamp (milliseconds)": 1706609601258,
 "Benchmark Type": "tpcc",
 "isolation": "TRANSACTION_SERIALIZABLE",
 "DBMS Version": "5.7.44",
 "Goodput (requests/second)": 481.21649860180446,
 "terminals": "16",
 "DBMS Type": "MYSQL",
 "Latency Distribution": {
  "95th Percentile Latency (microseconds)": 88962,
  "Maximum Latency (microseconds)": 456791,
  "Median Latency (microseconds)": 25199,
  "Minimum Latency (microseconds)": 559,
  "25th Percentile Latency (microseconds)": 12505,
  "90th Percentile Latency (microseconds)": 70173,
  "99th Percentile Latency (microseconds)": 128909,
  "75th Percentile Latency (microseconds)": 45333,
  "Average Latency (microseconds)": 33095
 },
 "Throughput (requests/second)": 483.2498312249964
}
