{
 "scalefactor": "20",
 "Current Timestamp (milliseconds)": 1706607089835,
 "Benchmark Type": "tpcc",
 "isolation": "TRANSACTION_SERIALIZABLE",
 "DBMS Version": "5.7.44",
 "Goodput (requests/second)": 234.6330091565468,
 "terminals": "16",
 "DBMS Type": "MYSQL",
 "Latency Distribution": {
  "95th Percentile Latency (microseconds)": 202334,
  "Maximum Latency (microseconds)": 930925,
  "Median Latency (microseconds)": 47931,
  "Minimum Latency (microseconds)": 580,
  "25th Percentile Latency (microseconds)": 19519,
  "90th Percentile Latency (microseconds)": 153125,
  "99th Percentile Latency (microseconds)": 325775,
  "75th Percentile Latency (microseconds)": 91622,
  "Average Latency (microseconds)": 67760
 },
 "Throughput (requests/second)": 235.5996744876364
}
