{
 "scalefactor": "20",
 "Current Timestamp (milliseconds)": 1706606156317,
 "Benchmark Type": "tpcc",
 "isolation": "TRANSACTION_SERIALIZABLE",
 "DBMS Version": "5.7.44",
 "Goodput (requests/second)": 285.4998072685968,
 "terminals": "16",
 "DBMS Type": "MYSQL",
 "Latency Distribution": {
  "95th Percentile Latency (microseconds)": 148677,
  "Maximum Latency (microseconds)": 917112,
  "Median Latency (microseconds)": 43914,
  "Minimum Latency (microseconds)": 535,
  "25th Percentile Latency (microseconds)": 19306,
  "90th Percentile Latency (microseconds)": 117632,
  "99th Percentile Latency (microseconds)": 219633,
  "75th Percentile Latency (microseconds)": 78237,
  "Average Latency (microseconds)": 55777
 },
 "Throughput (requests/second)": 286.6331398368551
}
