{
 "scalefactor": "20",
 "Current Timestamp (milliseconds)": 1706607551679,
 "Benchmark Type": "tpcc",
 "isolation": "TRANSACTION_SERIALIZABLE",
 "DBMS Version": "5.7.44",
 "Goodput (requests/second)": 481.16614653408163,
 "terminals": "16",
 "DBMS Type": "MYSQL",
 "Latency Distribution": {
  "95th Percentile Latency (microseconds)": 89852,
  "Maximum Latency (microseconds)": 312159,
  "Median Latency (microseconds)": 25116,
  "Minimum Latency (microseconds)": 650,
  "25th Percentile Latency (microseconds)": 12483,
  "90th Percentile Latency (microseconds)": 71190,
  "99th Percentile Latency (microseconds)": 128794,
  "75th Percentile Latency (microseconds)": 44730,
  "Average Latency (microseconds)": 33079
 },
 "Throughput (requests/second)": 483.28281091266945
}
