{
 "scalefactor": "20",
 "Current Timestamp (milliseconds)": 1706603930284,
 "Benchmark Type": "tpcc",
 "isolation": "TRANSACTION_SERIALIZABLE",
 "DBMS Version": "5.7.44",
 "Goodput (requests/second)": 288.63410960988807,
 "terminals": "16",
 "DBMS Type": "MYSQL",
 "Latency Distribution": {
  "95th Percentile Latency (microseconds)": 161249,
  "Maximum Latency (microseconds)": 568125,
  "Median Latency (microseconds)": 38764,
  "Minimum Latency (microseconds)": 549,
  "25th Percentile Latency (microseconds)": 17013,
  "90th Percentile Latency (microseconds)": 122624,
  "99th Percentile Latency (microseconds)": 273622,
  "75th Percentile Latency (microseconds)": 73596,
  "Average Latency (microseconds)": 55145
 },
 "Throughput (requests/second)": 289.8673750473343
}
