{
 "scalefactor": "20",
 "Current Timestamp (milliseconds)": 1706609525138,
 "Benchmark Type": "tpcc",
 "isolation": "TRANSACTION_SERIALIZABLE",
 "DBMS Version": "5.7.44",
 "Goodput (requests/second)": 459.33267806464585,
 "terminals": "16",
 "DBMS Type": "MYSQL",
 "Latency Distribution": {
  "95th Percentile Latency (microseconds)": 91884,
  "Maximum Latency (microseconds)": 768548,
  "Median Latency (microseconds)": 25986,
  "Minimum Latency (microseconds)": 647,
  "25th Percentile Latency (microseconds)": 12862,
  "90th Percentile Latency (microseconds)": 72829,
  "99th Percentile Latency (microseconds)": 140063,
  "75th Percentile Latency (microseconds)": 47159,
  "Average Latency (microseconds)": 34688
 },
 "Throughput (requests/second)": 461.06600892526717
}
