{
 "scalefactor": "20",
 "Current Timestamp (milliseconds)": 1706605772971,
 "Benchmark Type": "tpcc",
 "isolation": "TRANSACTION_SERIALIZABLE",
 "DBMS Version": "5.7.44",
 "Goodput (requests/second)": 221.68316047219423,
 "terminals": "16",
 "DBMS Type": "MYSQL",
 "Latency Distribution": {
  "95th Percentile Latency (microseconds)": 213076,
  "Maximum Latency (microseconds)": 649476,
  "Median Latency (microseconds)": 51957,
  "Minimum Latency (microseconds)": 560,
  "25th Percentile Latency (microseconds)": 20604,
  "90th Percentile Latency (microseconds)": 163166,
  "99th Percentile Latency (microseconds)": 327266,
  "75th Percentile Latency (microseconds)": 99924,
  "Average Latency (microseconds)": 71977
 },
 "Throughput (requests/second)": 222.19982673598176
}
