{
 "scalefactor": "20",
 "Current Timestamp (milliseconds)": 1706603450755,
 "Benchmark Type": "tpcc",
 "isolation": "TRANSACTION_SERIALIZABLE",
 "DBMS Version": "5.7.44",
 "Goodput (requests/second)": 294.06664515569156,
 "terminals": "16",
 "DBMS Type": "MYSQL",
 "Latency Distribution": {
  "95th Percentile Latency (microseconds)": 144417,
  "Maximum Latency (microseconds)": 651258,
  "Median Latency (microseconds)": 42378,
  "Minimum Latency (microseconds)": 518,
  "25th Percentile Latency (microseconds)": 18394,
  "90th Percentile Latency (microseconds)": 115928,
  "99th Percentile Latency (microseconds)": 213805,
  "75th Percentile Latency (microseconds)": 76357,
  "Average Latency (microseconds)": 54130
 },
 "Throughput (requests/second)": 295.04997841709405
}
