{
 "scalefactor": "20",
 "Current Timestamp (milliseconds)": 1706606468948,
 "Benchmark Type": "tpcc",
 "isolation": "TRANSACTION_SERIALIZABLE",
 "DBMS Version": "5.7.44",
 "Goodput (requests/second)": 111.29983280168118,
 "terminals": "16",
 "DBMS Type": "MYSQL",
 "Latency Distribution": {
  "95th Percentile Latency (microseconds)": 401510,
  "Maximum Latency (microseconds)": 1315162,
  "Median Latency (microseconds)": 103667,
  "Minimum Latency (microseconds)": 619,
  "25th Percentile Latency (microseconds)": 47341,
  "90th Percentile Latency (microseconds)": 312184,
  "99th Percentile Latency (microseconds)": 682568,
  "75th Percentile Latency (microseconds)": 191453,
  "Average Latency (microseconds)": 142846
 },
 "Throughput (requests/second)": 111.59983235101186
}
