{
 "scalefactor": "20",
 "Current Timestamp (milliseconds)": 1706609754620,
 "Benchmark Type": "tpcc",
 "isolation": "TRANSACTION_SERIALIZABLE",
 "DBMS Version": "5.7.44",
 "Goodput (requests/second)": 389.5828893971378,
 "terminals": "16",
 "DBMS Type": "MYSQL",
 "Latency Distribution": {
  "95th Percentile Latency (microseconds)": 119091,
  "Maximum Latency (microseconds)": 415838,
  "Median Latency (microseconds)": 29691,
  "Minimum Latency (microseconds)": 648,
  "25th Percentile Latency (microseconds)": 14578,
  "90th Percentile Latency (microseconds)": 87998,
  "99th Percentile Latency (microseconds)": 198338,
  "75th Percentile Latency (microseconds)": 51917,
  "Average Latency (microseconds)": 40865
 },
 "Throughput (requests/second)": 391.2162208692627
}
