{
 "scalefactor": "20",
 "Current Timestamp (milliseconds)": 1706606617078,
 "Benchmark Type": "tpcc",
 "isolation": "TRANSACTION_SERIALIZABLE",
 "DBMS Version": "5.7.44",
 "Goodput (requests/second)": 302.48330787432155,
 "terminals": "16",
 "DBMS Type": "MYSQL",
 "Latency Distribution": {
  "95th Percentile Latency (microseconds)": 137463,
  "Maximum Latency (microseconds)": 577857,
  "Median Latency (microseconds)": 41898,
  "Minimum Latency (microseconds)": 554,
  "25th Percentile Latency (microseconds)": 19132,
  "90th Percentile Latency (microseconds)": 111167,
  "99th Percentile Latency (microseconds)": 205390,
  "75th Percentile Latency (microseconds)": 73354,
  "Average Latency (microseconds)": 52697
 },
 "Throughput (requests/second)": 303.41664112909933
}
