{
 "scalefactor": "20",
 "Current Timestamp (milliseconds)": 1706607399333,
 "Benchmark Type": "tpcc",
 "isolation": "TRANSACTION_SERIALIZABLE",
 "DBMS Version": "5.7.44",
 "Goodput (requests/second)": 486.5162819620253,
 "terminals": "16",
 "DBMS Type": "MYSQL",
 "Latency Distribution": {
  "95th Percentile Latency (microseconds)": 87640,
  "Maximum Latency (microseconds)": 443300,
  "Median Latency (microseconds)": 24948,
  "Minimum Latency (microseconds)": 598,
  "25th Percentile Latency (microseconds)": 12709,
  "90th Percentile Latency (microseconds)": 69235,
  "99th Percentile Latency (microseconds)": 128062,
  "75th Percentile Latency (microseconds)": 44240,
  "Average Latency (microseconds)": 32745
 },
 "Throughput (requests/second)": 488.18294731080414
}
