{
 "scalefactor": "20",
 "Current Timestamp (milliseconds)": 1706606394858,
 "Benchmark Type": "tpcc",
 "isolation": "TRANSACTION_SERIALIZABLE",
 "DBMS Version": "5.7.44",
 "Goodput (requests/second)": 112.46585595466959,
 "terminals": "16",
 "DBMS Type": "MYSQL",
 "Latency Distribution": {
  "95th Percentile Latency (microseconds)": 383009,
  "Maximum Latency (microseconds)": 1309548,
  "Median Latency (microseconds)": 108792,
  "Minimum Latency (microseconds)": 738,
  "25th Percentile Latency (microseconds)": 50820,
  "90th Percentile Latency (microseconds)": 302910,
  "99th Percentile Latency (microseconds)": 587909,
  "75th Percentile Latency (microseconds)": 193815,
  "Average Latency (microseconds)": 141616
 },
 "Throughput (requests/second)": 112.63252141992547
}
