{
 "scalefactor": "20",
 "Current Timestamp (milliseconds)": 1706604645284,
 "Benchmark Type": "tpcc",
 "isolation": "TRANSACTION_SERIALIZABLE",
 "DBMS Version": "5.7.44",
 "Goodput (requests/second)": 237.0663926179168,
 "terminals": "16",
 "DBMS Type": "MYSQL",
 "Latency Distribution": {
  "95th Percentile Latency (microseconds)": 196811,
  "Maximum Latency (microseconds)": 607308,
  "Median Latency (microseconds)": 47859,
  "Minimum Latency (microseconds)": 537,
  "25th Percentile Latency (microseconds)": 18503,
  "90th Percentile Latency (microseconds)": 151848,
  "99th Percentile Latency (microseconds)": 303038,
  "75th Percentile Latency (microseconds)": 94641,
  "Average Latency (microseconds)": 67231
 },
 "Throughput (requests/second)": 237.69972521911765
}
