{
 "scalefactor": "20",
 "Current Timestamp (milliseconds)": 1706606005145,
 "Benchmark Type": "tpcc",
 "isolation": "TRANSACTION_SERIALIZABLE",
 "DBMS Version": "5.7.44",
 "Goodput (requests/second)": 194.19809593621886,
 "terminals": "16",
 "DBMS Type": "MYSQL",
 "Latency Distribution": {
  "95th Percentile Latency (microseconds)": 233303,
  "Maximum Latency (microseconds)": 997194,
  "Median Latency (microseconds)": 59519,
  "Minimum Latency (microseconds)": 607,
  "25th Percentile Latency (microseconds)": 25971,
  "90th Percentile Latency (microseconds)": 182890,
  "99th Percentile Latency (microseconds)": 350283,
  "75th Percentile Latency (microseconds)": 114564,
  "Average Latency (microseconds)": 82012
 },
 "Throughput (requests/second)": 194.74809054365923
}
