{
 "scalefactor": "20",
 "Current Timestamp (milliseconds)": 1706610677992,
 "Benchmark Type": "tpcc",
 "isolation": "TRANSACTION_SERIALIZABLE",
 "DBMS Version": "5.7.44",
 "Goodput (requests/second)": 264.5829358283403,
 "terminals": "16",
 "DBMS Type": "MYSQL",
 "Latency Distribution": {
  "95th Percentile Latency (microseconds)": 180431,
  "Maximum Latency (microseconds)": 764397,
  "Median Latency (microseconds)": 41495,
  "Minimum Latency (microseconds)": 634,
  "25th Percentile Latency (microseconds)": 17969,
  "90th Percentile Latency (microseconds)": 135649,
  "99th Percentile Latency (microseconds)": 296072,
  "75th Percentile Latency (microseconds)": 80331,
  "Average Latency (microseconds)": 60186
 },
 "Throughput (requests/second)": 265.61626760921314
}
