{
 "scalefactor": "20",
 "Current Timestamp (milliseconds)": 1706604167560,
 "Benchmark Type": "tpcc",
 "isolation": "TRANSACTION_SERIALIZABLE",
 "DBMS Version": "5.7.44",
 "Goodput (requests/second)": 237.13323370180518,
 "terminals": "16",
 "DBMS Type": "MYSQL",
 "Latency Distribution": {
  "95th Percentile Latency (microseconds)": 183978,
  "Maximum Latency (microseconds)": 934614,
  "Median Latency (microseconds)": 50824,
  "Minimum Latency (microseconds)": 520,
  "25th Percentile Latency (microseconds)": 22188,
  "90th Percentile Latency (microseconds)": 143329,
  "99th Percentile Latency (microseconds)": 284671,
  "75th Percentile Latency (microseconds)": 92472,
  "Average Latency (microseconds)": 67178
 },
 "Throughput (requests/second)": 237.86656672702867
}
