{
 "scalefactor": "20",
 "Current Timestamp (milliseconds)": 1706606313624,
 "Benchmark Type": "tpcc",
 "isolation": "TRANSACTION_SERIALIZABLE",
 "DBMS Version": "5.7.44",
 "Goodput (requests/second)": 309.11616075685413,
 "terminals": "16",
 "DBMS Type": "MYSQL",
 "Latency Distribution": {
  "95th Percentile Latency (microseconds)": 137326,
  "Maximum Latency (microseconds)": 539901,
  "Median Latency (microseconds)": 40504,
  "Minimum Latency (microseconds)": 537,
  "25th Percentile Latency (microseconds)": 18246,
  "90th Percentile Latency (microseconds)": 109569,
  "99th Percentile Latency (microseconds)": 199813,
  "75th Percentile Latency (microseconds)": 71638,
  "Average Latency (microseconds)": 51519
 },
 "Throughput (requests/second)": 310.16615903839187
}
