{
 "scalefactor": "20",
 "Current Timestamp (milliseconds)": 1706603689003,
 "Benchmark Type": "tpcc",
 "isolation": "TRANSACTION_SERIALIZABLE",
 "DBMS Version": "5.7.44",
 "Goodput (requests/second)": 234.8332355566018,
 "terminals": "16",
 "DBMS Type": "MYSQL",
 "Latency Distribution": {
  "95th Percentile Latency (microseconds)": 201220,
  "Maximum Latency (microseconds)": 1007846,
  "Median Latency (microseconds)": 45880,
  "Minimum Latency (microseconds)": 594,
  "25th Percentile Latency (microseconds)": 19140,
  "90th Percentile Latency (microseconds)": 153487,
  "99th Percentile Latency (microseconds)": 336899,
  "75th Percentile Latency (microseconds)": 91661,
  "Average Latency (microseconds)": 67731
 },
 "Throughput (requests/second)": 235.69990186241753
}
