{
 "scalefactor": "20",
 "Current Timestamp (milliseconds)": 1706610143508,
 "Benchmark Type": "tpcc",
 "isolation": "TRANSACTION_SERIALIZABLE",
 "DBMS Version": "5.7.44",
 "Goodput (requests/second)": 622.3664503735796,
 "terminals": "16",
 "DBMS Type": "MYSQL",
 "Latency Distribution": {
  "95th Percentile Latency (microseconds)": 71008,
  "Maximum Latency (microseconds)": 274317,
  "Median Latency (microseconds)": 18995,
  "Minimum Latency (microseconds)": 598,
  "25th Percentile Latency (microseconds)": 9891,
  "90th Percentile Latency (microseconds)": 53448,
  "99th Percentile Latency (microseconds)": 107713,
  "75th Percentile Latency (microseconds)": 33526,
  "Average Latency (microseconds)": 25550
 },
 "Throughput (requests/second)": 625.5331159397244
}
