{
 "scalefactor": "20",
 "Current Timestamp (milliseconds)": 1706606934503,
 "Benchmark Type": "tpcc",
 "isolation": "TRANSACTION_SERIALIZABLE",
 "DBMS Version": "5.7.44",
 "Goodput (requests/second)": 237.03295130337514,
 "terminals": "16",
 "DBMS Type": "MYSQL",
 "Latency Distribution": {
  "95th Percentile Latency (microseconds)": 179151,
  "Maximum Latency (microseconds)": 517919,
  "Median Latency (microseconds)": 52399,
  "Minimum Latency (microseconds)": 602,
  "25th Percentile Latency (microseconds)": 22638,
  "90th Percentile Latency (microseconds)": 144914,
  "99th Percentile Latency (microseconds)": 265857,
  "75th Percentile Latency (microseconds)": 95214,
  "Average Latency (microseconds)": 67160
 },
 "Throughput (requests/second)": 237.7996167343944
}
