{
 "scalefactor": "20",
 "Current Timestamp (milliseconds)": 1706606696154,
 "Benchmark Type": "tpcc",
 "isolation": "TRANSACTION_SERIALIZABLE",
 "DBMS Version": "5.7.44",
 "Goodput (requests/second)": 314.8831954722223,
 "terminals": "16",
 "DBMS Type": "MYSQL",
 "Latency Distribution": {
  "95th Percentile Latency (microseconds)": 134491,
  "Maximum Latency (microseconds)": 544714,
  "Median Latency (microseconds)": 40055,
  "Minimum Latency (microseconds)": 552,
  "25th Percentile Latency (microseconds)": 18022,
  "90th Percentile Latency (microseconds)": 107039,
  "99th Percentile Latency (microseconds)": 198727,
  "75th Percentile Latency (microseconds)": 70625,
  "Average Latency (microseconds)": 50626
 },
 "Throughput (requests/second)": 315.8498617156664
}
