{
 "scalefactor": "20",
 "Current Timestamp (milliseconds)": 1706606235498,
 "Benchmark Type": "tpcc",
 "isolation": "TRANSACTION_SERIALIZABLE",
 "DBMS Version": "5.7.44",
 "Goodput (requests/second)": 302.98318949711387,
 "terminals": "16",
 "DBMS Type": "MYSQL",
 "Latency Distribution": {
  "95th Percentile Latency (microseconds)": 138042,
  "Maximum Latency (microseconds)": 379108,
  "Median Latency (microseconds)": 41411,
  "Minimum Latency (microseconds)": 521,
  "25th Percentile Latency (microseconds)": 18259,
  "90th Percentile Latency (microseconds)": 111425,
  "99th Percentile Latency (microseconds)": 202268,
  "75th Percentile Latency (microseconds)": 74103,
  "Average Latency (microseconds)": 52575
 },
 "Throughput (requests/second)": 303.9331890461174
}
