{
 "scalefactor": "20",
 "Current Timestamp (milliseconds)": 1706605929066,
 "Benchmark Type": "tpcc",
 "isolation": "TRANSACTION_SERIALIZABLE",
 "DBMS Version": "5.7.44",
 "Goodput (requests/second)": 204.11637064690012,
 "terminals": "16",
 "DBMS Type": "MYSQL",
 "Latency Distribution": {
  "95th Percentile Latency (microseconds)": 227150,
  "Maximum Latency (microseconds)": 710550,
  "Median Latency (microseconds)": 56258,
  "Minimum Latency (microseconds)": 652,
  "25th Percentile Latency (microseconds)": 23737,
  "90th Percentile Latency (microseconds)": 177084,
  "99th Percentile Latency (microseconds)": 345094,
  "75th Percentile Latency (microseconds)": 107999,
  "Average Latency (microseconds)": 78056
 },
 "Throughput (requests/second)": 204.74970306174313
}
