{
 "scalefactor": "20",
 "Current Timestamp (milliseconds)": 1706604245634,
 "Benchmark Type": "tpcc",
 "isolation": "TRANSACTION_SERIALIZABLE",
 "DBMS Version": "5.7.44",
 "Goodput (requests/second)": 402.11650018373365,
 "terminals": "16",
 "DBMS Type": "MYSQL",
 "Latency Distribution": {
  "95th Percentile Latency (microseconds)": 111129,
  "Maximum Latency (microseconds)": 301733,
  "Median Latency (microseconds)": 28945,
  "Minimum Latency (microseconds)": 595,
  "25th Percentile Latency (microseconds)": 14012,
  "90th Percentile Latency (microseconds)": 87869,
  "99th Percentile Latency (microseconds)": 159370,
  "75th Percentile Latency (microseconds)": 54197,
  "Average Latency (microseconds)": 39623
 },
 "Throughput (requests/second)": 403.51649960411055
}
