{
 "scalefactor": "20",
 "Current Timestamp (milliseconds)": 1706605542771,
 "Benchmark Type": "tpcc",
 "isolation": "TRANSACTION_SERIALIZABLE",
 "DBMS Version": "5.7.44",
 "Goodput (requests/second)": 517.9996996810407,
 "terminals": "16",
 "DBMS Type": "MYSQL",
 "Latency Distribution": {
  "95th Percentile Latency (microseconds)": 84560,
  "Maximum Latency (microseconds)": 397069,
  "Median Latency (microseconds)": 23087,
  "Minimum Latency (microseconds)": 630,
  "25th Percentile Latency (microseconds)": 11636,
  "90th Percentile Latency (microseconds)": 65404,
  "99th Percentile Latency (microseconds)": 125656,
  "75th Percentile Latency (microseconds)": 41255,
  "Average Latency (microseconds)": 30746
 },
 "Throughput (requests/second)": 520.0830318065276
}
