{
 "scalefactor": "20",
 "Current Timestamp (milliseconds)": 1706604398929,
 "Benchmark Type": "tpcc",
 "isolation": "TRANSACTION_SERIALIZABLE",
 "DBMS Version": "5.7.44",
 "Goodput (requests/second)": 399.16609741589514,
 "terminals": "16",
 "DBMS Type": "MYSQL",
 "Latency Distribution": {
  "95th Percentile Latency (microseconds)": 112716,
  "Maximum Latency (microseconds)": 354154,
  "Median Latency (microseconds)": 29201,
  "Minimum Latency (microseconds)": 532,
  "25th Percentile Latency (microseconds)": 14359,
  "90th Percentile Latency (microseconds)": 89147,
  "99th Percentile Latency (microseconds)": 160303,
  "75th Percentile Latency (microseconds)": 54276,
  "Average Latency (microseconds)": 39902
 },
 "Throughput (requests/second)": 400.7160952054433
}
