{
 "scalefactor": "20",
 "Current Timestamp (milliseconds)": 1706604088462,
 "Benchmark Type": "tpcc",
 "isolation": "TRANSACTION_SERIALIZABLE",
 "DBMS Version": "5.7.44",
 "Goodput (requests/second)": 232.73322786251336,
 "terminals": "16",
 "DBMS Type": "MYSQL",
 "Latency Distribution": {
  "95th Percentile Latency (microseconds)": 188440,
  "Maximum Latency (microseconds)": 1002214,
  "Median Latency (microseconds)": 52268,
  "Minimum Latency (microseconds)": 631,
  "25th Percentile Latency (microseconds)": 22011,
  "90th Percentile Latency (microseconds)": 146901,
  "99th Percentile Latency (microseconds)": 296973,
  "75th Percentile Latency (microseconds)": 94257,
  "Average Latency (microseconds)": 68448
 },
 "Throughput (requests/second)": 233.54989415908048
}
