{
 "scalefactor": "20",
 "Current Timestamp (milliseconds)": 1706606776247,
 "Benchmark Type": "tpcc",
 "isolation": "TRANSACTION_SERIALIZABLE",
 "DBMS Version": "5.7.44",
 "Goodput (requests/second)": 304.4828851598999,
 "terminals": "16",
 "DBMS Type": "MYSQL",
 "Latency Distribution": {
  "95th Percentile Latency (microseconds)": 140832,
  "Maximum Latency (microseconds)": 661951,
  "Median Latency (microseconds)": 40264,
  "Minimum Latency (microseconds)": 620,
  "25th Percentile Latency (microseconds)": 18197,
  "90th Percentile Latency (microseconds)": 110869,
  "99th Percentile Latency (microseconds)": 207093,
  "75th Percentile Latency (microseconds)": 73690,
  "Average Latency (microseconds)": 52211
 },
 "Throughput (requests/second)": 306.132882731241
}
