{
 "scalefactor": "20",
 "Current Timestamp (milliseconds)": 1706609677459,
 "Benchmark Type": "tpcc",
 "isolation": "TRANSACTION_SERIALIZABLE",
 "DBMS Version": "5.7.44",
 "Goodput (requests/second)": 459.6493916770126,
 "terminals": "16",
 "DBMS Type": "MYSQL",
 "Latency Distribution": {
  "95th Percentile Latency (microseconds)": 91422,
  "Maximum Latency (microseconds)": 1138360,
  "Median Latency (microseconds)": 25446,
  "Minimum Latency (microseconds)": 582,
  "25th Percentile Latency (microseconds)": 12446,
  "90th Percentile Latency (microseconds)": 71654,
  "99th Percentile Latency (microseconds)": 137685,
  "75th Percentile Latency (microseconds)": 46296,
  "Average Latency (microseconds)": 34641
 },
 "Throughput (requests/second)": 461.6327223855069
}
