{
 "scalefactor": "20",
 "Current Timestamp (milliseconds)": 1706607475533,
 "Benchmark Type": "tpcc",
 "isolation": "TRANSACTION_SERIALIZABLE",
 "DBMS Version": "5.7.44",
 "Goodput (requests/second)": 478.56626924928446,
 "terminals": "16",
 "DBMS Type": "MYSQL",
 "Latency Distribution": {
  "95th Percentile Latency (microseconds)": 89120,
  "Maximum Latency (microseconds)": 613864,
  "Median Latency (microseconds)": 25227,
  "Minimum Latency (microseconds)": 597,
  "25th Percentile Latency (microseconds)": 12469,
  "90th Percentile Latency (microseconds)": 70521,
  "99th Percentile Latency (microseconds)": 127211,
  "75th Percentile Latency (microseconds)": 45092,
  "Average Latency (microseconds)": 33270
 },
 "Throughput (requests/second)": 480.6829341582021
}
