{
 "scalefactor": "20",
 "Current Timestamp (milliseconds)": 1706607955133,
 "Benchmark Type": "tpcc",
 "isolation": "TRANSACTION_SERIALIZABLE",
 "DBMS Version": "5.7.44",
 "Goodput (requests/second)": 300.7829078207667,
 "terminals": "16",
 "DBMS Type": "MYSQL",
 "Latency Distribution": {
  "95th Percentile Latency (microseconds)": 146535,
  "Maximum Latency (microseconds)": 567619,
  "Median Latency (microseconds)": 39608,
  "Minimum Latency (microseconds)": 531,
  "25th Percentile Latency (microseconds)": 16688,
  "90th Percentile Latency (microseconds)": 114822,
  "99th Percentile Latency (microseconds)": 227934,
  "75th Percentile Latency (microseconds)": 74063,
  "Average Latency (microseconds)": 52942
 },
 "Throughput (requests/second)": 301.8329063353513
}
