{
  "incumbent_ids": [
    30
  ],
  "rejected_config_ids": [
    1,
    4,
    6,
    12,
    20,
    23,
    29
  ],
  "incumbents_changed": 8,
  "trajectory": [
    {
      "config_ids": [
        1
      ],
      "costs": [
        -287.6498310488717
      ],
      "trial": 1,
      "walltime": 74.08058524131775
    },
    {
      "config_ids": [
        4
      ],
      "costs": [
        -273.57266534217524
      ],
      "trial": 11,
      "walltime": 857.6364436149597
    },
    {
      "config_ids": [
        6
      ],
      "costs": [
        -394.4937190628204
      ],
      "trial": 17,
      "walltime": 1327.0769584178925
    },
    {
      "config_ids": [
        12
      ],
      "costs": [
        -443.92753485103276
      ],
      "trial": 35,
      "walltime": 2786.7577164173126
    },
    {
      "config_ids": [
        20
      ],
      "costs": [
        -447.5774469042626
      ],
      "trial": 59,
      "walltime": 4674.616931676865
    },
    {
      "config_ids": [
        23
      ],
      "costs": [
        -589.6490679821212
      ],
      "trial": 68,
      "walltime": 5364.996643066406
    },
    {
      "config_ids": [
        29
      ],
      "costs": [
        -712.8109166083827
      ],
      "trial": 86,
      "walltime": 6792.769777774811
    },
    {
      "config_ids": [
        30
      ],
      "costs": [
        -807.5546063486191
      ],
      "trial": 89,
      "walltime": 7030.970388412476
    }
  ],
  "state": {
    "queue": [
      [
        34,
        2
      ]
    ]
  }
}