{
  "incumbent_ids": [
    32
  ],
  "rejected_config_ids": [
    1,
    4,
    6,
    14,
    15
  ],
  "incumbents_changed": 6,
  "trajectory": [
    {
      "config_ids": [
        1
      ],
      "costs": [
        -301.26656433143586
      ],
      "trial": 1,
      "walltime": 74.04241824150085
    },
    {
      "config_ids": [
        4
      ],
      "costs": [
        -277.70542321638163
      ],
      "trial": 11,
      "walltime": 855.7724678516388
    },
    {
      "config_ids": [
        6
      ],
      "costs": [
        -381.48869520426996
      ],
      "trial": 17,
      "walltime": 1327.4441356658936
    },
    {
      "config_ids": [
        14
      ],
      "costs": [
        -391.3242354532049
      ],
      "trial": 41,
      "walltime": 3255.41730093956
    },
    {
      "config_ids": [
        15
      ],
      "costs": [
        -536.1272599194468
      ],
      "trial": 44,
      "walltime": 3489.791652202606
    },
    {
      "config_ids": [
        32
      ],
      "costs": [
        -587.2993101584592
      ],
      "trial": 95,
      "walltime": 7558.248871564865
    }
  ],
  "state": {
    "queue": [
      [
        34,
        2
      ]
    ]
  }
}