{
 "scalefactor": "20",
 "Current Timestamp (milliseconds)": 1706669344939,
 "Benchmark Type": "tpcc",
 "isolation": "TRANSACTION_SERIALIZABLE",
 "DBMS Version": "5.7.44",
 "Goodput (requests/second)": 478.4994179214081,
 "terminals": "16",
 "DBMS Type": "MYSQL",
 "Latency Distribution": {
  "95th Percentile Latency (microseconds)": 93406,
  "Maximum Latency (microseconds)": 276819,
  "Median Latency (microseconds)": 24554,
  "Minimum Latency (microseconds)": 554,
  "25th Percentile Latency (microseconds)": 12221,
  "90th Percentile Latency (microseconds)": 73480,
  "99th Percentile Latency (microseconds)": 134695,
  "75th Percentile Latency (microseconds)": 44746,
  "Average Latency (microseconds)": 33292
 },
 "Throughput (requests/second)": 480.3494156709475
}
