{
 "scalefactor": "20",
 "Current Timestamp (milliseconds)": 1706670305102,
 "Benchmark Type": "tpcc",
 "isolation": "TRANSACTION_SERIALIZABLE",
 "DBMS Version": "5.7.44",
 "Goodput (requests/second)": 113.2332822537997,
 "terminals": "16",
 "DBMS Type": "MYSQL",
 "Latency Distribution": {
  "95th Percentile Latency (microseconds)": 388906,
  "Maximum Latency (microseconds)": 1438828,
  "Median Latency (microseconds)": 103751,
  "Minimum Latency (microseconds)": 726,
  "25th Percentile Latency (microseconds)": 46928,
  "90th Percentile Latency (microseconds)": 310221,
  "99th Percentile Latency (microseconds)": 662433,
  "75th Percentile Latency (microseconds)": 189156,
  "Average Latency (microseconds)": 140807
 },
 "Throughput (requests/second)": 113.39994884528308
}
