{
 "scalefactor": "20",
 "Current Timestamp (milliseconds)": 1706672648883,
 "Benchmark Type": "tpcc",
 "isolation": "TRANSACTION_SERIALIZABLE",
 "DBMS Version": "5.7.44",
 "Goodput (requests/second)": 505.4158499230768,
 "terminals": "16",
 "DBMS Type": "MYSQL",
 "Latency Distribution": {
  "95th Percentile Latency (microseconds)": 84914,
  "Maximum Latency (microseconds)": 313067,
  "Median Latency (microseconds)": 23673,
  "Minimum Latency (microseconds)": 541,
  "25th Percentile Latency (microseconds)": 11554,
  "90th Percentile Latency (microseconds)": 68162,
  "99th Percentile Latency (microseconds)": 126580,
  "75th Percentile Latency (microseconds)": 42782,
  "Average Latency (microseconds)": 31500
 },
 "Throughput (requests/second)": 507.58251308845183
}
