{
 "scalefactor": "20",
 "Current Timestamp (milliseconds)": 1706671153801,
 "Benchmark Type": "tpcc",
 "isolation": "TRANSACTION_SERIALIZABLE",
 "DBMS Version": "5.7.44",
 "Goodput (requests/second)": 216.56661007781148,
 "terminals": "16",
 "DBMS Type": "MYSQL",
 "Latency Distribution": {
  "95th Percentile Latency (microseconds)": 207981,
  "Maximum Latency (microseconds)": 662122,
  "Median Latency (microseconds)": 54798,
  "Minimum Latency (microseconds)": 573,
  "25th Percentile Latency (microseconds)": 23678,
  "90th Percentile Latency (microseconds)": 161342,
  "99th Percentile Latency (microseconds)": 309030,
  "75th Percentile Latency (microseconds)": 102848,
  "Average Latency (microseconds)": 73477
 },
 "Throughput (requests/second)": 217.43327651801818
}
