{
 "scalefactor": "20",
 "Current Timestamp (milliseconds)": 1706673047579,
 "Benchmark Type": "tpcc",
 "isolation": "TRANSACTION_SERIALIZABLE",
 "DBMS Version": "5.7.44",
 "Goodput (requests/second)": 265.516546223936,
 "terminals": "16",
 "DBMS Type": "MYSQL",
 "Latency Distribution": {
  "95th Percentile Latency (microseconds)": 168221,
  "Maximum Latency (microseconds)": 1386871,
  "Median Latency (microseconds)": 40039,
  "Minimum Latency (microseconds)": 521,
  "25th Percentile Latency (microseconds)": 16678,
  "90th Percentile Latency (microseconds)": 122408,
  "99th Percentile Latency (microseconds)": 381185,
  "75th Percentile Latency (microseconds)": 75852,
  "Average Latency (microseconds)": 60063
 },
 "Throughput (requests/second)": 266.1665459290853
}
