{
 "scalefactor": "20",
 "Current Timestamp (milliseconds)": 1706672014610,
 "Benchmark Type": "tpcc",
 "isolation": "TRANSACTION_SERIALIZABLE",
 "DBMS Version": "5.7.44",
 "Goodput (requests/second)": 214.34777470213493,
 "terminals": "16",
 "DBMS Type": "MYSQL",
 "Latency Distribution": {
  "95th Percentile Latency (microseconds)": 220751,
  "Maximum Latency (microseconds)": 865517,
  "Median Latency (microseconds)": 51971,
  "Minimum Latency (microseconds)": 592,
  "25th Percentile Latency (microseconds)": 22626,
  "90th Percentile Latency (microseconds)": 168976,
  "99th Percentile Latency (microseconds)": 345641,
  "75th Percentile Latency (microseconds)": 100850,
  "Average Latency (microseconds)": 74264
 },
 "Throughput (requests/second)": 214.93110197952973
}
