{
 "scalefactor": "20",
 "Current Timestamp (milliseconds)": 1706675214019,
 "Benchmark Type": "tpcc",
 "isolation": "TRANSACTION_SERIALIZABLE",
 "DBMS Version": "5.7.44",
 "Goodput (requests/second)": 374.0662851003525,
 "terminals": "16",
 "DBMS Type": "MYSQL",
 "Latency Distribution": {
  "95th Percentile Latency (microseconds)": 114914,
  "Maximum Latency (microseconds)": 467168,
  "Median Latency (microseconds)": 32772,
  "Minimum Latency (microseconds)": 551,
  "25th Percentile Latency (microseconds)": 14923,
  "90th Percentile Latency (microseconds)": 91953,
  "99th Percentile Latency (microseconds)": 169441,
  "75th Percentile Latency (microseconds)": 58916,
  "Average Latency (microseconds)": 42614
 },
 "Throughput (requests/second)": 375.2162839272963
}
