{
 "scalefactor": "20",
 "Current Timestamp (milliseconds)": 1706669579130,
 "Benchmark Type": "tpcc",
 "isolation": "TRANSACTION_SERIALIZABLE",
 "DBMS Version": "5.7.44",
 "Goodput (requests/second)": 237.64980882657213,
 "terminals": "16",
 "DBMS Type": "MYSQL",
 "Latency Distribution": {
  "95th Percentile Latency (microseconds)": 193830,
  "Maximum Latency (microseconds)": 628899,
  "Median Latency (microseconds)": 48693,
  "Minimum Latency (microseconds)": 523,
  "25th Percentile Latency (microseconds)": 18726,
  "90th Percentile Latency (microseconds)": 150898,
  "99th Percentile Latency (microseconds)": 310513,
  "75th Percentile Latency (microseconds)": 93522,
  "Average Latency (microseconds)": 67032
 },
 "Throughput (requests/second)": 238.53314144932327
}
