{
 "scalefactor": "20",
 "Current Timestamp (milliseconds)": 1706674912627,
 "Benchmark Type": "tpcc",
 "isolation": "TRANSACTION_SERIALIZABLE",
 "DBMS Version": "5.7.44",
 "Goodput (requests/second)": 297.59981956522944,
 "terminals": "16",
 "DBMS Type": "MYSQL",
 "Latency Distribution": {
  "95th Percentile Latency (microseconds)": 136487,
  "Maximum Latency (microseconds)": 2697659,
  "Median Latency (microseconds)": 37828,
  "Minimum Latency (microseconds)": 608,
  "25th Percentile Latency (microseconds)": 18611,
  "90th Percentile Latency (microseconds)": 105672,
  "99th Percentile Latency (microseconds)": 265319,
  "75th Percentile Latency (microseconds)": 67077,
  "Average Latency (microseconds)": 53526
 },
 "Throughput (requests/second)": 298.6164856154914
}
