{
 "scalefactor": "20",
 "Current Timestamp (milliseconds)": 1706674528060,
 "Benchmark Type": "tpcc",
 "isolation": "TRANSACTION_SERIALIZABLE",
 "DBMS Version": "5.7.44",
 "Goodput (requests/second)": 278.16631809181735,
 "terminals": "16",
 "DBMS Type": "MYSQL",
 "Latency Distribution": {
  "95th Percentile Latency (microseconds)": 168521,
  "Maximum Latency (microseconds)": 625064,
  "Median Latency (microseconds)": 40016,
  "Minimum Latency (microseconds)": 583,
  "25th Percentile Latency (microseconds)": 19177,
  "90th Percentile Latency (microseconds)": 129157,
  "99th Percentile Latency (microseconds)": 270564,
  "75th Percentile Latency (microseconds)": 75458,
  "Average Latency (microseconds)": 57220
 },
 "Throughput (requests/second)": 279.28298335917214
}
