{
 "scalefactor": "20",
 "Current Timestamp (milliseconds)": 1706671308906,
 "Benchmark Type": "tpcc",
 "isolation": "TRANSACTION_SERIALIZABLE",
 "DBMS Version": "5.7.44",
 "Goodput (requests/second)": 208.28323793613896,
 "terminals": "16",
 "DBMS Type": "MYSQL",
 "Latency Distribution": {
  "95th Percentile Latency (microseconds)": 221080,
  "Maximum Latency (microseconds)": 1283166,
  "Median Latency (microseconds)": 54755,
  "Minimum Latency (microseconds)": 598,
  "25th Percentile Latency (microseconds)": 24510,
  "90th Percentile Latency (microseconds)": 171740,
  "99th Percentile Latency (microseconds)": 332092,
  "75th Percentile Latency (microseconds)": 104195,
  "Average Latency (microseconds)": 76316
 },
 "Throughput (requests/second)": 208.8332376842299
}
