{
 "scalefactor": "20",
 "Current Timestamp (milliseconds)": 1706671385949,
 "Benchmark Type": "tpcc",
 "isolation": "TRANSACTION_SERIALIZABLE",
 "DBMS Version": "5.7.44",
 "Goodput (requests/second)": 266.16631338411895,
 "terminals": "16",
 "DBMS Type": "MYSQL",
 "Latency Distribution": {
  "95th Percentile Latency (microseconds)": 159463,
  "Maximum Latency (microseconds)": 778147,
  "Median Latency (microseconds)": 46346,
  "Minimum Latency (microseconds)": 447,
  "25th Percentile Latency (microseconds)": 21430,
  "90th Percentile Latency (microseconds)": 126858,
  "99th Percentile Latency (microseconds)": 245780,
  "75th Percentile Latency (microseconds)": 82486,
  "Average Latency (microseconds)": 59777
 },
 "Throughput (requests/second)": 267.31631185772596
}
