{
 "scalefactor": "20",
 "Current Timestamp (milliseconds)": 1706672725016,
 "Benchmark Type": "tpcc",
 "isolation": "TRANSACTION_SERIALIZABLE",
 "DBMS Version": "5.7.44",
 "Goodput (requests/second)": 495.94967583076027,
 "terminals": "16",
 "DBMS Type": "MYSQL",
 "Latency Distribution": {
  "95th Percentile Latency (microseconds)": 87923,
  "Maximum Latency (microseconds)": 430096,
  "Median Latency (microseconds)": 24134,
  "Minimum Latency (microseconds)": 550,
  "25th Percentile Latency (microseconds)": 11771,
  "90th Percentile Latency (microseconds)": 69382,
  "99th Percentile Latency (microseconds)": 130296,
  "75th Percentile Latency (microseconds)": 43660,
  "Average Latency (microseconds)": 32104
 },
 "Throughput (requests/second)": 497.78300796576656
}
