{
 "scalefactor": "20",
 "Current Timestamp (milliseconds)": 1706668177093,
 "Benchmark Type": "tpcc",
 "isolation": "TRANSACTION_SERIALIZABLE",
 "DBMS Version": "5.7.44",
 "Goodput (requests/second)": 279.3830148460092,
 "terminals": "16",
 "DBMS Type": "MYSQL",
 "Latency Distribution": {
  "95th Percentile Latency (microseconds)": 157617,
  "Maximum Latency (microseconds)": 517773,
  "Median Latency (microseconds)": 43078,
  "Minimum Latency (microseconds)": 564,
  "25th Percentile Latency (microseconds)": 18233,
  "90th Percentile Latency (microseconds)": 122785,
  "99th Percentile Latency (microseconds)": 250150,
  "75th Percentile Latency (microseconds)": 78709,
  "Average Latency (microseconds)": 57021
 },
 "Throughput (requests/second)": 280.43301364904556
}
