{
 "scalefactor": "20",
 "Current Timestamp (milliseconds)": 1706668482134,
 "Benchmark Type": "tpcc",
 "isolation": "TRANSACTION_SERIALIZABLE",
 "DBMS Version": "5.7.44",
 "Goodput (requests/second)": 294.6828171030629,
 "terminals": "16",
 "DBMS Type": "MYSQL",
 "Latency Distribution": {
  "95th Percentile Latency (microseconds)": 152591,
  "Maximum Latency (microseconds)": 1087002,
  "Median Latency (microseconds)": 39528,
  "Minimum Latency (microseconds)": 526,
  "25th Percentile Latency (microseconds)": 16842,
  "90th Percentile Latency (microseconds)": 117491,
  "99th Percentile Latency (microseconds)": 259970,
  "75th Percentile Latency (microseconds)": 72340,
  "Average Latency (microseconds)": 54032
 },
 "Throughput (requests/second)": 295.9494815507657
}
