{
 "scalefactor": "20",
 "Current Timestamp (milliseconds)": 1706668955557,
 "Benchmark Type": "tpcc",
 "isolation": "TRANSACTION_SERIALIZABLE",
 "DBMS Version": "5.7.44",
 "Goodput (requests/second)": 302.04996394026847,
 "terminals": "16",
 "DBMS Type": "MYSQL",
 "Latency Distribution": {
  "95th Percentile Latency (microseconds)": 163401,
  "Maximum Latency (microseconds)": 777425,
  "Median Latency (microseconds)": 35401,
  "Minimum Latency (microseconds)": 593,
  "25th Percentile Latency (microseconds)": 15506,
  "90th Percentile Latency (microseconds)": 118783,
  "99th Percentile Latency (microseconds)": 269699,
  "75th Percentile Latency (microseconds)": 69395,
  "Average Latency (microseconds)": 52750
 },
 "Throughput (requests/second)": 303.09996381491595
}
