{
 "scalefactor": "20",
 "Current Timestamp (milliseconds)": 1706669191654,
 "Benchmark Type": "tpcc",
 "isolation": "TRANSACTION_SERIALIZABLE",
 "DBMS Version": "5.7.44",
 "Goodput (requests/second)": 273.06642983615205,
 "terminals": "16",
 "DBMS Type": "MYSQL",
 "Latency Distribution": {
  "95th Percentile Latency (microseconds)": 167960,
  "Maximum Latency (microseconds)": 747335,
  "Median Latency (microseconds)": 41390,
  "Minimum Latency (microseconds)": 550,
  "25th Percentile Latency (microseconds)": 17646,
  "90th Percentile Latency (microseconds)": 126489,
  "99th Percentile Latency (microseconds)": 275403,
  "75th Percentile Latency (microseconds)": 78407,
  "Average Latency (microseconds)": 58312
 },
 "Throughput (requests/second)": 274.1830955343346
}
