{
 "scalefactor": "20",
 "Current Timestamp (milliseconds)": 1706674214849,
 "Benchmark Type": "tpcc",
 "isolation": "TRANSACTION_SERIALIZABLE",
 "DBMS Version": "5.7.44",
 "Goodput (requests/second)": 389.21616816508543,
 "terminals": "16",
 "DBMS Type": "MYSQL",
 "Latency Distribution": {
  "95th Percentile Latency (microseconds)": 113611,
  "Maximum Latency (microseconds)": 511464,
  "Median Latency (microseconds)": 30916,
  "Minimum Latency (microseconds)": 540,
  "25th Percentile Latency (microseconds)": 13322,
  "90th Percentile Latency (microseconds)": 89012,
  "99th Percentile Latency (microseconds)": 172639,
  "75th Percentile Latency (microseconds)": 56605,
  "Average Latency (microseconds)": 40959
 },
 "Throughput (requests/second)": 390.3661666921865
}
