{
 "scalefactor": "20",
 "Current Timestamp (milliseconds)": 1706673515015,
 "Benchmark Type": "tpcc",
 "isolation": "TRANSACTION_SERIALIZABLE",
 "DBMS Version": "5.7.44",
 "Goodput (requests/second)": 300.9997830995563,
 "terminals": "16",
 "DBMS Type": "MYSQL",
 "Latency Distribution": {
  "95th Percentile Latency (microseconds)": 141587,
  "Maximum Latency (microseconds)": 655576,
  "Median Latency (microseconds)": 41147,
  "Minimum Latency (microseconds)": 532,
  "25th Percentile Latency (microseconds)": 17392,
  "90th Percentile Latency (microseconds)": 112289,
  "99th Percentile Latency (microseconds)": 214751,
  "75th Percentile Latency (microseconds)": 74895,
  "Average Latency (microseconds)": 52929
 },
 "Throughput (requests/second)": 302.04978234292685
}
