{
 "scalefactor": "20",
 "Current Timestamp (milliseconds)": 1706670457193,
 "Benchmark Type": "tpcc",
 "isolation": "TRANSACTION_SERIALIZABLE",
 "DBMS Version": "5.7.44",
 "Goodput (requests/second)": 472.1830496851057,
 "terminals": "16",
 "DBMS Type": "MYSQL",
 "Latency Distribution": {
  "95th Percentile Latency (microseconds)": 94981,
  "Maximum Latency (microseconds)": 296600,
  "Median Latency (microseconds)": 24752,
  "Minimum Latency (microseconds)": 547,
  "25th Percentile Latency (microseconds)": 12244,
  "90th Percentile Latency (microseconds)": 73576,
  "99th Percentile Latency (microseconds)": 142315,
  "75th Percentile Latency (microseconds)": 45445,
  "Average Latency (microseconds)": 33712
 },
 "Throughput (requests/second)": 473.9830486038163
}
