{
 "scalefactor": "20",
 "Current Timestamp (milliseconds)": 1706670147676,
 "Benchmark Type": "tpcc",
 "isolation": "TRANSACTION_SERIALIZABLE",
 "DBMS Version": "5.7.44",
 "Goodput (requests/second)": 383.81634662780294,
 "terminals": "16",
 "DBMS Type": "MYSQL",
 "Latency Distribution": {
  "95th Percentile Latency (microseconds)": 114144,
  "Maximum Latency (microseconds)": 561552,
  "Median Latency (microseconds)": 29910,
  "Minimum Latency (microseconds)": 515,
  "25th Percentile Latency (microseconds)": 17411,
  "90th Percentile Latency (microseconds)": 84415,
  "99th Percentile Latency (microseconds)": 198554,
  "75th Percentile Latency (microseconds)": 52616,
  "Average Latency (microseconds)": 41499
 },
 "Throughput (requests/second)": 385.2330121132067
}
