{
 "scalefactor": "20",
 "Current Timestamp (milliseconds)": 1706668794602,
 "Benchmark Type": "tpcc",
 "isolation": "TRANSACTION_SERIALIZABLE",
 "DBMS Version": "5.7.44",
 "Goodput (requests/second)": 296.41632346102654,
 "terminals": "16",
 "DBMS Type": "MYSQL",
 "Latency Distribution": {
  "95th Percentile Latency (microseconds)": 163813,
  "Maximum Latency (microseconds)": 664092,
  "Median Latency (microseconds)": 36717,
  "Minimum Latency (microseconds)": 546,
  "25th Percentile Latency (microseconds)": 15870,
  "90th Percentile Latency (microseconds)": 120401,
  "99th Percentile Latency (microseconds)": 265789,
  "75th Percentile Latency (microseconds)": 71791,
  "Average Latency (microseconds)": 53724
 },
 "Throughput (requests/second)": 297.5496554821314
}
