{
 "scalefactor": "20",
 "Current Timestamp (milliseconds)": 1706668716516,
 "Benchmark Type": "tpcc",
 "isolation": "TRANSACTION_SERIALIZABLE",
 "DBMS Version": "5.7.44",
 "Goodput (requests/second)": 236.18294180893432,
 "terminals": "16",
 "DBMS Type": "MYSQL",
 "Latency Distribution": {
  "95th Percentile Latency (microseconds)": 201921,
  "Maximum Latency (microseconds)": 833927,
  "Median Latency (microseconds)": 44751,
  "Minimum Latency (microseconds)": 574,
  "25th Percentile Latency (microseconds)": 18279,
  "90th Percentile Latency (microseconds)": 151061,
  "99th Percentile Latency (microseconds)": 390887,
  "75th Percentile Latency (microseconds)": 88163,
  "Average Latency (microseconds)": 67420
 },
 "Throughput (requests/second)": 237.11627359506798
}
