{
 "scalefactor": "20",
 "Current Timestamp (milliseconds)": 1706674760476,
 "Benchmark Type": "tpcc",
 "isolation": "TRANSACTION_SERIALIZABLE",
 "DBMS Version": "5.7.44",
 "Goodput (requests/second)": 380.9160491192192,
 "terminals": "16",
 "DBMS Type": "MYSQL",
 "Latency Distribution": {
  "95th Percentile Latency (microseconds)": 111846,
  "Maximum Latency (microseconds)": 473873,
  "Median Latency (microseconds)": 31474,
  "Minimum Latency (microseconds)": 492,
  "25th Percentile Latency (microseconds)": 15421,
  "90th Percentile Latency (microseconds)": 87753,
  "99th Percentile Latency (microseconds)": 177163,
  "75th Percentile Latency (microseconds)": 56748,
  "Average Latency (microseconds)": 41826
 },
 "Throughput (requests/second)": 382.3660467684589
}
