{
 "scalefactor": "20",
 "Current Timestamp (milliseconds)": 1706674987682,
 "Benchmark Type": "tpcc",
 "isolation": "TRANSACTION_SERIALIZABLE",
 "DBMS Version": "5.7.44",
 "Goodput (requests/second)": 326.0661703015701,
 "terminals": "16",
 "DBMS Type": "MYSQL",
 "Latency Distribution": {
  "95th Percentile Latency (microseconds)": 133843,
  "Maximum Latency (microseconds)": 558108,
  "Median Latency (microseconds)": 36099,
  "Minimum Latency (microseconds)": 631,
  "25th Percentile Latency (microseconds)": 17998,
  "90th Percentile Latency (microseconds)": 105164,
  "99th Percentile Latency (microseconds)": 206815,
  "75th Percentile Latency (microseconds)": 65551,
  "Average Latency (microseconds)": 48856
 },
 "Throughput (requests/second)": 327.2661684748328
}
