{
 "scalefactor": "20",
 "Current Timestamp (milliseconds)": 1706670229950,
 "Benchmark Type": "tpcc",
 "isolation": "TRANSACTION_SERIALIZABLE",
 "DBMS Version": "5.7.44",
 "Goodput (requests/second)": 113.98327339902845,
 "terminals": "16",
 "DBMS Type": "MYSQL",
 "Latency Distribution": {
  "95th Percentile Latency (microseconds)": 382829,
  "Maximum Latency (microseconds)": 1459402,
  "Median Latency (microseconds)": 102873,
  "Minimum Latency (microseconds)": 760,
  "25th Percentile Latency (microseconds)": 45811,
  "90th Percentile Latency (microseconds)": 306005,
  "99th Percentile Latency (microseconds)": 690593,
  "75th Percentile Latency (microseconds)": 190375,
  "Average Latency (microseconds)": 139516
 },
 "Throughput (requests/second)": 114.39993984660497
}
