{
 "scalefactor": "20",
 "Current Timestamp (milliseconds)": 1706674448972,
 "Benchmark Type": "tpcc",
 "isolation": "TRANSACTION_SERIALIZABLE",
 "DBMS Version": "5.7.44",
 "Goodput (requests/second)": 273.0664149449431,
 "terminals": "16",
 "DBMS Type": "MYSQL",
 "Latency Distribution": {
  "95th Percentile Latency (microseconds)": 181647,
  "Maximum Latency (microseconds)": 623921,
  "Median Latency (microseconds)": 40005,
  "Minimum Latency (microseconds)": 596,
  "25th Percentile Latency (microseconds)": 18612,
  "90th Percentile Latency (microseconds)": 131430,
  "99th Percentile Latency (microseconds)": 286337,
  "75th Percentile Latency (microseconds)": 74972,
  "Average Latency (microseconds)": 58190
 },
 "Throughput (requests/second)": 274.1830805822302
}
