{
 "scalefactor": "20",
 "Current Timestamp (milliseconds)": 1706675289108,
 "Benchmark Type": "tpcc",
 "isolation": "TRANSACTION_SERIALIZABLE",
 "DBMS Version": "5.7.44",
 "Goodput (requests/second)": 375.5328306701217,
 "terminals": "16",
 "DBMS Type": "MYSQL",
 "Latency Distribution": {
  "95th Percentile Latency (microseconds)": 114734,
  "Maximum Latency (microseconds)": 442813,
  "Median Latency (microseconds)": 32933,
  "Minimum Latency (microseconds)": 568,
  "25th Percentile Latency (microseconds)": 15011,
  "90th Percentile Latency (microseconds)": 90732,
  "99th Percentile Latency (microseconds)": 167218,
  "75th Percentile Latency (microseconds)": 58635,
  "Average Latency (microseconds)": 42430
 },
 "Throughput (requests/second)": 376.9161621518198
}
