{
 "scalefactor": "20",
 "Current Timestamp (milliseconds)": 1706671696202,
 "Benchmark Type": "tpcc",
 "isolation": "TRANSACTION_SERIALIZABLE",
 "DBMS Version": "5.7.44",
 "Goodput (requests/second)": 333.6497647435509,
 "terminals": "16",
 "DBMS Type": "MYSQL",
 "Latency Distribution": {
  "95th Percentile Latency (microseconds)": 125142,
  "Maximum Latency (microseconds)": 1195424,
  "Median Latency (microseconds)": 36628,
  "Minimum Latency (microseconds)": 545,
  "25th Percentile Latency (microseconds)": 16153,
  "90th Percentile Latency (microseconds)": 100766,
  "99th Percentile Latency (microseconds)": 188771,
  "75th Percentile Latency (microseconds)": 66033,
  "Average Latency (microseconds)": 47755
 },
 "Throughput (requests/second)": 334.84976389743144
}
