{
 "scalefactor": "20",
 "Current Timestamp (milliseconds)": 1706672176849,
 "Benchmark Type": "tpcc",
 "isolation": "TRANSACTION_SERIALIZABLE",
 "DBMS Version": "5.7.44",
 "Goodput (requests/second)": 330.9995179378187,
 "terminals": "16",
 "DBMS Type": "MYSQL",
 "Latency Distribution": {
  "95th Percentile Latency (microseconds)": 137627,
  "Maximum Latency (microseconds)": 628322,
  "Median Latency (microseconds)": 34028,
  "Minimum Latency (microseconds)": 492,
  "25th Percentile Latency (microseconds)": 15623,
  "90th Percentile Latency (microseconds)": 104723,
  "99th Percentile Latency (microseconds)": 234538,
  "75th Percentile Latency (microseconds)": 64211,
  "Average Latency (microseconds)": 48144
 },
 "Throughput (requests/second)": 332.0661830510121
}
