{
 "scalefactor": "20",
 "Current Timestamp (milliseconds)": 1706672572788,
 "Benchmark Type": "tpcc",
 "isolation": "TRANSACTION_SERIALIZABLE",
 "DBMS Version": "5.7.44",
 "Goodput (requests/second)": 467.4328998983864,
 "terminals": "16",
 "DBMS Type": "MYSQL",
 "Latency Distribution": {
  "95th Percentile Latency (microseconds)": 94383,
  "Maximum Latency (microseconds)": 345177,
  "Median Latency (microseconds)": 25182,
  "Minimum Latency (microseconds)": 477,
  "25th Percentile Latency (microseconds)": 12204,
  "90th Percentile Latency (microseconds)": 75200,
  "99th Percentile Latency (microseconds)": 134407,
  "75th Percentile Latency (microseconds)": 46348,
  "Average Latency (microseconds)": 34069
 },
 "Throughput (requests/second)": 469.21623157809563
}
