{
 "scalefactor": "20",
 "Current Timestamp (milliseconds)": 1706672344360,
 "Benchmark Type": "tpcc",
 "isolation": "TRANSACTION_SERIALIZABLE",
 "DBMS Version": "5.7.44",
 "Goodput (requests/second)": 481.4164030831624,
 "terminals": "16",
 "DBMS Type": "MYSQL",
 "Latency Distribution": {
  "95th Percentile Latency (microseconds)": 84308,
  "Maximum Latency (microseconds)": 3937317,
  "Median Latency (microseconds)": 23509,
  "Minimum Latency (microseconds)": 538,
  "25th Percentile Latency (microseconds)": 11626,
  "90th Percentile Latency (microseconds)": 65849,
  "99th Percentile Latency (microseconds)": 129768,
  "75th Percentile Latency (microseconds)": 42087,
  "Average Latency (microseconds)": 33075
 },
 "Throughput (requests/second)": 483.1164021523846
}
