{
 "scalefactor": "20",
 "Current Timestamp (milliseconds)": 1706672965541,
 "Benchmark Type": "tpcc",
 "isolation": "TRANSACTION_SERIALIZABLE",
 "DBMS Version": "5.7.44",
 "Goodput (requests/second)": 300.5328432343904,
 "terminals": "16",
 "DBMS Type": "MYSQL",
 "Latency Distribution": {
  "95th Percentile Latency (microseconds)": 146964,
  "Maximum Latency (microseconds)": 706400,
  "Median Latency (microseconds)": 39708,
  "Minimum Latency (microseconds)": 492,
  "25th Percentile Latency (microseconds)": 16573,
  "90th Percentile Latency (microseconds)": 115452,
  "99th Percentile Latency (microseconds)": 227561,
  "75th Percentile Latency (microseconds)": 73661,
  "Average Latency (microseconds)": 52945
 },
 "Throughput (requests/second)": 301.86617439337164
}
