{
 "scalefactor": "20",
 "Current Timestamp (milliseconds)": 1706669268836,
 "Benchmark Type": "tpcc",
 "isolation": "TRANSACTION_SERIALIZABLE",
 "DBMS Version": "5.7.44",
 "Goodput (requests/second)": 478.4494014279022,
 "terminals": "16",
 "DBMS Type": "MYSQL",
 "Latency Distribution": {
  "95th Percentile Latency (microseconds)": 92043,
  "Maximum Latency (microseconds)": 301530,
  "Median Latency (microseconds)": 24644,
  "Minimum Latency (microseconds)": 570,
  "25th Percentile Latency (microseconds)": 12104,
  "90th Percentile Latency (microseconds)": 73792,
  "99th Percentile Latency (microseconds)": 129518,
  "75th Percentile Latency (microseconds)": 45359,
  "Average Latency (microseconds)": 33260
 },
 "Throughput (requests/second)": 480.3993989883253
}
