{
 "scalefactor": "20",
 "Current Timestamp (milliseconds)": 1706671463008,
 "Benchmark Type": "tpcc",
 "isolation": "TRANSACTION_SERIALIZABLE",
 "DBMS Version": "5.7.44",
 "Goodput (requests/second)": 266.2829466328002,
 "terminals": "16",
 "DBMS Type": "MYSQL",
 "Latency Distribution": {
  "95th Percentile Latency (microseconds)": 163292,
  "Maximum Latency (microseconds)": 700513,
  "Median Latency (microseconds)": 46297,
  "Minimum Latency (microseconds)": 557,
  "25th Percentile Latency (microseconds)": 19790,
  "90th Percentile Latency (microseconds)": 128125,
  "99th Percentile Latency (microseconds)": 238545,
  "75th Percentile Latency (microseconds)": 83651,
  "Average Latency (microseconds)": 59809
 },
 "Throughput (requests/second)": 267.23294525319636
}
