{
 "scalefactor": "20",
 "Current Timestamp (milliseconds)": 1706673823336,
 "Benchmark Type": "tpcc",
 "isolation": "TRANSACTION_SERIALIZABLE",
 "DBMS Version": "5.7.44",
 "Goodput (requests/second)": 312.53293719262655,
 "terminals": "16",
 "DBMS Type": "MYSQL",
 "Latency Distribution": {
  "95th Percentile Latency (microseconds)": 137901,
  "Maximum Latency (microseconds)": 509914,
  "Median Latency (microseconds)": 38813,
  "Minimum Latency (microseconds)": 534,
  "25th Percentile Latency (microseconds)": 16683,
  "90th Percentile Latency (microseconds)": 107930,
  "99th Percentile Latency (microseconds)": 232462,
  "75th Percentile Latency (microseconds)": 69990,
  "Average Latency (microseconds)": 50976
 },
 "Throughput (requests/second)": 313.68293573498426
}
