{
 "scalefactor": "20",
 "Current Timestamp (milliseconds)": 1706669658170,
 "Benchmark Type": "tpcc",
 "isolation": "TRANSACTION_SERIALIZABLE",
 "DBMS Version": "5.7.44",
 "Goodput (requests/second)": 238.69960072717785,
 "terminals": "16",
 "DBMS Type": "MYSQL",
 "Latency Distribution": {
  "95th Percentile Latency (microseconds)": 199088,
  "Maximum Latency (microseconds)": 723341,
  "Median Latency (microseconds)": 47149,
  "Minimum Latency (microseconds)": 550,
  "25th Percentile Latency (microseconds)": 18965,
  "90th Percentile Latency (microseconds)": 150734,
  "99th Percentile Latency (microseconds)": 313695,
  "75th Percentile Latency (microseconds)": 90751,
  "Average Latency (microseconds)": 66645
 },
 "Throughput (requests/second)": 239.84959880357607
}
