{
 "scalefactor": "20",
 "Current Timestamp (milliseconds)": 1706673207701,
 "Benchmark Type": "tpcc",
 "isolation": "TRANSACTION_SERIALIZABLE",
 "DBMS Version": "5.7.44",
 "Goodput (requests/second)": 325.21657822401824,
 "terminals": "16",
 "DBMS Type": "MYSQL",
 "Latency Distribution": {
  "95th Percentile Latency (microseconds)": 134182,
  "Maximum Latency (microseconds)": 662525,
  "Median Latency (microseconds)": 37407,
  "Minimum Latency (microseconds)": 528,
  "25th Percentile Latency (microseconds)": 15652,
  "90th Percentile Latency (microseconds)": 106138,
  "99th Percentile Latency (microseconds)": 201822,
  "75th Percentile Latency (microseconds)": 68906,
  "Average Latency (microseconds)": 48947
 },
 "Throughput (requests/second)": 326.51657787048333
}
