{
 "scalefactor": "20",
 "Current Timestamp (milliseconds)": 1706675918532,
 "Benchmark Type": "tpcc",
 "isolation": "TRANSACTION_SERIALIZABLE",
 "DBMS Version": "5.7.44",
 "Goodput (requests/second)": 276.79968141279335,
 "terminals": "16",
 "DBMS Type": "MYSQL",
 "Latency Distribution": {
  "95th Percentile Latency (microseconds)": 164557,
  "Maximum Latency (microseconds)": 561896,
  "Median Latency (microseconds)": 42100,
  "Minimum Latency (microseconds)": 500,
  "25th Percentile Latency (microseconds)": 18049,
  "90th Percentile Latency (microseconds)": 127177,
  "99th Percentile Latency (microseconds)": 257667,
  "75th Percentile Latency (microseconds)": 79535,
  "Average Latency (microseconds)": 57513
 },
 "Throughput (requests/second)": 277.98301338415104
}
