{
 "scalefactor": "20",
 "Current Timestamp (milliseconds)": 1706673363857,
 "Benchmark Type": "tpcc",
 "isolation": "TRANSACTION_SERIALIZABLE",
 "DBMS Version": "5.7.44",
 "Goodput (requests/second)": 309.5497690088032,
 "terminals": "16",
 "DBMS Type": "MYSQL",
 "Latency Distribution": {
  "95th Percentile Latency (microseconds)": 144076,
  "Maximum Latency (microseconds)": 585804,
  "Median Latency (microseconds)": 38845,
  "Minimum Latency (microseconds)": 531,
  "25th Percentile Latency (microseconds)": 16295,
  "90th Percentile Latency (microseconds)": 114007,
  "99th Percentile Latency (microseconds)": 211956,
  "75th Percentile Latency (microseconds)": 72104,
  "Average Latency (microseconds)": 51431
 },
 "Throughput (requests/second)": 310.76643476757357
}
