{
 "scalefactor": "20",
 "Current Timestamp (milliseconds)": 1706675062786,
 "Benchmark Type": "tpcc",
 "isolation": "TRANSACTION_SERIALIZABLE",
 "DBMS Version": "5.7.44",
 "Goodput (requests/second)": 327.0328423044217,
 "terminals": "16",
 "DBMS Type": "MYSQL",
 "Latency Distribution": {
  "95th Percentile Latency (microseconds)": 129225,
  "Maximum Latency (microseconds)": 376592,
  "Median Latency (microseconds)": 37040,
  "Minimum Latency (microseconds)": 606,
  "25th Percentile Latency (microseconds)": 18121,
  "90th Percentile Latency (microseconds)": 102928,
  "99th Percentile Latency (microseconds)": 194270,
  "75th Percentile Latency (microseconds)": 67526,
  "Average Latency (microseconds)": 48697
 },
 "Throughput (requests/second)": 328.39950691908706
}
