{
 "scalefactor": "20",
 "Current Timestamp (milliseconds)": 1706670688558,
 "Benchmark Type": "tpcc",
 "isolation": "TRANSACTION_SERIALIZABLE",
 "DBMS Version": "5.7.44",
 "Goodput (requests/second)": 245.5497209204647,
 "terminals": "16",
 "DBMS Type": "MYSQL",
 "Latency Distribution": {
  "95th Percentile Latency (microseconds)": 194201,
  "Maximum Latency (microseconds)": 799335,
  "Median Latency (microseconds)": 46271,
  "Minimum Latency (microseconds)": 526,
  "25th Percentile Latency (microseconds)": 18195,
  "90th Percentile Latency (microseconds)": 148181,
  "99th Percentile Latency (microseconds)": 301123,
  "75th Percentile Latency (microseconds)": 88464,
  "Average Latency (microseconds)": 64877
 },
 "Throughput (requests/second)": 246.34972001122568
}
