{
 "scalefactor": "20",
 "Current Timestamp (milliseconds)": 1706675444238,
 "Benchmark Type": "tpcc",
 "isolation": "TRANSACTION_SERIALIZABLE",
 "DBMS Version": "5.7.44",
 "Goodput (requests/second)": 471.9662475449066,
 "terminals": "16",
 "DBMS Type": "MYSQL",
 "Latency Distribution": {
  "95th Percentile Latency (microseconds)": 89413,
  "Maximum Latency (microseconds)": 384445,
  "Median Latency (microseconds)": 25276,
  "Minimum Latency (microseconds)": 540,
  "25th Percentile Latency (microseconds)": 14185,
  "90th Percentile Latency (microseconds)": 68051,
  "99th Percentile Latency (microseconds)": 155489,
  "75th Percentile Latency (microseconds)": 43594,
  "Average Latency (microseconds)": 33747
 },
 "Throughput (requests/second)": 473.8662458576448
}
