{
 "scalefactor": "20",
 "Current Timestamp (milliseconds)": 1706673747220,
 "Benchmark Type": "tpcc",
 "isolation": "TRANSACTION_SERIALIZABLE",
 "DBMS Version": "5.7.44",
 "Goodput (requests/second)": 315.1999290379893,
 "terminals": "16",
 "DBMS Type": "MYSQL",
 "Latency Distribution": {
  "95th Percentile Latency (microseconds)": 137159,
  "Maximum Latency (microseconds)": 675014,
  "Median Latency (microseconds)": 37887,
  "Minimum Latency (microseconds)": 538,
  "25th Percentile Latency (microseconds)": 16530,
  "90th Percentile Latency (microseconds)": 104691,
  "99th Percentile Latency (microseconds)": 229128,
  "75th Percentile Latency (microseconds)": 68277,
  "Average Latency (microseconds)": 50490
 },
 "Throughput (requests/second)": 316.649928711546
}
