{
 "scalefactor": "20",
 "Current Timestamp (milliseconds)": 1706674836550,
 "Benchmark Type": "tpcc",
 "isolation": "TRANSACTION_SERIALIZABLE",
 "DBMS Version": "5.7.44",
 "Goodput (requests/second)": 387.76663279525127,
 "terminals": "16",
 "DBMS Type": "MYSQL",
 "Latency Distribution": {
  "95th Percentile Latency (microseconds)": 109579,
  "Maximum Latency (microseconds)": 459000,
  "Median Latency (microseconds)": 31413,
  "Minimum Latency (microseconds)": 588,
  "25th Percentile Latency (microseconds)": 15266,
  "90th Percentile Latency (microseconds)": 86958,
  "99th Percentile Latency (microseconds)": 160661,
  "75th Percentile Latency (microseconds)": 56746,
  "Average Latency (microseconds)": 41074
 },
 "Throughput (requests/second)": 389.34996599028045
}
