{
 "scalefactor": "20",
 "Current Timestamp (milliseconds)": 1706669113651,
 "Benchmark Type": "tpcc",
 "isolation": "TRANSACTION_SERIALIZABLE",
 "DBMS Version": "5.7.44",
 "Goodput (requests/second)": 279.23290589756266,
 "terminals": "16",
 "DBMS Type": "MYSQL",
 "Latency Distribution": {
  "95th Percentile Latency (microseconds)": 160050,
  "Maximum Latency (microseconds)": 882578,
  "Median Latency (microseconds)": 40796,
  "Minimum Latency (microseconds)": 469,
  "25th Percentile Latency (microseconds)": 17527,
  "90th Percentile Latency (microseconds)": 123943,
  "99th Percentile Latency (microseconds)": 272240,
  "75th Percentile Latency (microseconds)": 76533,
  "Average Latency (microseconds)": 56984
 },
 "Throughput (requests/second)": 280.4162374195113
}
