{
 "scalefactor": "20",
 "Current Timestamp (milliseconds)": 1706673977550,
 "Benchmark Type": "tpcc",
 "isolation": "TRANSACTION_SERIALIZABLE",
 "DBMS Version": "5.7.44",
 "Goodput (requests/second)": 303.6998808079201,
 "terminals": "16",
 "DBMS Type": "MYSQL",
 "Latency Distribution": {
  "95th Percentile Latency (microseconds)": 144365,
  "Maximum Latency (microseconds)": 691994,
  "Median Latency (microseconds)": 39512,
  "Minimum Latency (microseconds)": 508,
  "25th Percentile Latency (microseconds)": 16291,
  "90th Percentile Latency (microseconds)": 113479,
  "99th Percentile Latency (microseconds)": 216375,
  "75th Percentile Latency (microseconds)": 74150,
  "Average Latency (microseconds)": 52411
 },
 "Throughput (requests/second)": 304.89988033696034
}
