{
 "scalefactor": "20",
 "Current Timestamp (milliseconds)": 1706668254100,
 "Benchmark Type": "tpcc",
 "isolation": "TRANSACTION_SERIALIZABLE",
 "DBMS Version": "5.7.44",
 "Goodput (requests/second)": 296.9330831672108,
 "terminals": "16",
 "DBMS Type": "MYSQL",
 "Latency Distribution": {
  "95th Percentile Latency (microseconds)": 149011,
  "Maximum Latency (microseconds)": 442354,
  "Median Latency (microseconds)": 40910,
  "Minimum Latency (microseconds)": 530,
  "25th Percentile Latency (microseconds)": 17044,
  "90th Percentile Latency (microseconds)": 117390,
  "99th Percentile Latency (microseconds)": 222840,
  "75th Percentile Latency (microseconds)": 75420,
  "Average Latency (microseconds)": 53637
 },
 "Throughput (requests/second)": 297.9997489352115
}
