{
 "scalefactor": "20",
 "Current Timestamp (milliseconds)": 1706673592098,
 "Benchmark Type": "tpcc",
 "isolation": "TRANSACTION_SERIALIZABLE",
 "DBMS Version": "5.7.44",
 "Goodput (requests/second)": 306.3331750918262,
 "terminals": "16",
 "DBMS Type": "MYSQL",
 "Latency Distribution": {
  "95th Percentile Latency (microseconds)": 143265,
  "Maximum Latency (microseconds)": 428306,
  "Median Latency (microseconds)": 39836,
  "Minimum Latency (microseconds)": 541,
  "25th Percentile Latency (microseconds)": 17186,
  "90th Percentile Latency (microseconds)": 111966,
  "99th Percentile Latency (microseconds)": 217802,
  "75th Percentile Latency (microseconds)": 72268,
  "Average Latency (microseconds)": 52022
 },
 "Throughput (requests/second)": 307.34984123331697
}
