{
 "scalefactor": "20",
 "Current Timestamp (milliseconds)": 1706670611410,
 "Benchmark Type": "tpcc",
 "isolation": "TRANSACTION_SERIALIZABLE",
 "DBMS Version": "5.7.44",
 "Goodput (requests/second)": 463.2485417785194,
 "terminals": "16",
 "DBMS Type": "MYSQL",
 "Latency Distribution": {
  "95th Percentile Latency (microseconds)": 96359,
  "Maximum Latency (microseconds)": 321048,
  "Median Latency (microseconds)": 25452,
  "Minimum Latency (microseconds)": 593,
  "25th Percentile Latency (microseconds)": 12388,
  "90th Percentile Latency (microseconds)": 76264,
  "99th Percentile Latency (microseconds)": 135448,
  "75th Percentile Latency (microseconds)": 46767,
  "Average Latency (microseconds)": 34414
 },
 "Throughput (requests/second)": 464.6318707573867
}
