{
 "scalefactor": "20",
 "Current Timestamp (milliseconds)": 1706671618086,
 "Benchmark Type": "tpcc",
 "isolation": "TRANSACTION_SERIALIZABLE",
 "DBMS Version": "5.7.44",
 "Goodput (requests/second)": 335.766107828749,
 "terminals": "16",
 "DBMS Type": "MYSQL",
 "Latency Distribution": {
  "95th Percentile Latency (microseconds)": 124042,
  "Maximum Latency (microseconds)": 566069,
  "Median Latency (microseconds)": 37666,
  "Minimum Latency (microseconds)": 511,
  "25th Percentile Latency (microseconds)": 16372,
  "90th Percentile Latency (microseconds)": 101162,
  "99th Percentile Latency (microseconds)": 178372,
  "75th Percentile Latency (microseconds)": 67776,
  "Average Latency (microseconds)": 47448
 },
 "Throughput (requests/second)": 337.0661056650759
}
