{
 "scalefactor": "20",
 "Current Timestamp (milliseconds)": 1706670065574,
 "Benchmark Type": "tpcc",
 "isolation": "TRANSACTION_SERIALIZABLE",
 "DBMS Version": "5.7.44",
 "Goodput (requests/second)": 384.2997957510635,
 "terminals": "16",
 "DBMS Type": "MYSQL",
 "Latency Distribution": {
  "95th Percentile Latency (microseconds)": 111081,
  "Maximum Latency (microseconds)": 497064,
  "Median Latency (microseconds)": 30501,
  "Minimum Latency (microseconds)": 524,
  "25th Percentile Latency (microseconds)": 17283,
  "90th Percentile Latency (microseconds)": 83422,
  "99th Percentile Latency (microseconds)": 196029,
  "75th Percentile Latency (microseconds)": 54139,
  "Average Latency (microseconds)": 41443
 },
 "Throughput (requests/second)": 385.7831282960304
}
