{
 "scalefactor": "20",
 "Current Timestamp (milliseconds)": 1706674606220,
 "Benchmark Type": "tpcc",
 "isolation": "TRANSACTION_SERIALIZABLE",
 "DBMS Version": "5.7.44",
 "Goodput (requests/second)": 282.8495839518328,
 "terminals": "16",
 "DBMS Type": "MYSQL",
 "Latency Distribution": {
  "95th Percentile Latency (microseconds)": 165531,
  "Maximum Latency (microseconds)": 658487,
  "Median Latency (microseconds)": 40035,
  "Minimum Latency (microseconds)": 645,
  "25th Percentile Latency (microseconds)": 18501,
  "90th Percentile Latency (microseconds)": 125182,
  "99th Percentile Latency (microseconds)": 274755,
  "75th Percentile Latency (microseconds)": 74321,
  "Average Latency (microseconds)": 56335
 },
 "Throughput (requests/second)": 283.64958277510124
}
