{
 "scalefactor": "20",
 "Current Timestamp (milliseconds)": 1706668638429,
 "Benchmark Type": "tpcc",
 "isolation": "TRANSACTION_SERIALIZABLE",
 "DBMS Version": "5.7.44",
 "Goodput (requests/second)": 246.48009604731988,
 "terminals": "16",
 "DBMS Type": "MYSQL",
 "Latency Distribution": {
  "95th Percentile Latency (microseconds)": 196426,
  "Maximum Latency (microseconds)": 881905,
  "Median Latency (microseconds)": 42685,
  "Minimum Latency (microseconds)": 458,
  "25th Percentile Latency (microseconds)": 17877,
  "90th Percentile Latency (microseconds)": 145135,
  "99th Percentile Latency (microseconds)": 359884,
  "75th Percentile Latency (microseconds)": 84552,
  "Average Latency (microseconds)": 64606
 },
 "Throughput (requests/second)": 247.18008685359393
}
