{
 "scalefactor": "20",
 "Current Timestamp (milliseconds)": 1706669818323,
 "Benchmark Type": "tpcc",
 "isolation": "TRANSACTION_SERIALIZABLE",
 "DBMS Version": "5.7.44",
 "Goodput (requests/second)": 320.8496787813441,
 "terminals": "16",
 "DBMS Type": "MYSQL",
 "Latency Distribution": {
  "95th Percentile Latency (microseconds)": 132185,
  "Maximum Latency (microseconds)": 626438,
  "Median Latency (microseconds)": 37103,
  "Minimum Latency (microseconds)": 528,
  "25th Percentile Latency (microseconds)": 17921,
  "90th Percentile Latency (microseconds)": 103278,
  "99th Percentile Latency (microseconds)": 229679,
  "75th Percentile Latency (microseconds)": 67359,
  "Average Latency (microseconds)": 49621
 },
 "Throughput (requests/second)": 321.86634443017596
}
