{
 "scalefactor": "20",
 "Current Timestamp (milliseconds)": 1706673901413,
 "Benchmark Type": "tpcc",
 "isolation": "TRANSACTION_SERIALIZABLE",
 "DBMS Version": "5.7.44",
 "Goodput (requests/second)": 324.7831238590445,
 "terminals": "16",
 "DBMS Type": "MYSQL",
 "Latency Distribution": {
  "95th Percentile Latency (microseconds)": 129035,
  "Maximum Latency (microseconds)": 414737,
  "Median Latency (microseconds)": 39121,
  "Minimum Latency (microseconds)": 522,
  "25th Percentile Latency (microseconds)": 17427,
  "90th Percentile Latency (microseconds)": 102759,
  "99th Percentile Latency (microseconds)": 192591,
  "75th Percentile Latency (microseconds)": 68792,
  "Average Latency (microseconds)": 49062
 },
 "Throughput (requests/second)": 325.9497897732506
}
