{
 "scalefactor": "20",
 "Current Timestamp (milliseconds)": 1706670919670,
 "Benchmark Type": "tpcc",
 "isolation": "TRANSACTION_SERIALIZABLE",
 "DBMS Version": "5.7.44",
 "Goodput (requests/second)": 320.8496064619152,
 "terminals": "16",
 "DBMS Type": "MYSQL",
 "Latency Distribution": {
  "95th Percentile Latency (microseconds)": 146053,
  "Maximum Latency (microseconds)": 566591,
  "Median Latency (microseconds)": 34492,
  "Minimum Latency (microseconds)": 519,
  "25th Percentile Latency (microseconds)": 14520,
  "90th Percentile Latency (microseconds)": 111077,
  "99th Percentile Latency (microseconds)": 245435,
  "75th Percentile Latency (microseconds)": 66685,
  "Average Latency (microseconds)": 49616
 },
 "Throughput (requests/second)": 322.1996048060747
}
