{
 "scalefactor": "20",
 "Current Timestamp (milliseconds)": 1706671774271,
 "Benchmark Type": "tpcc",
 "isolation": "TRANSACTION_SERIALIZABLE",
 "DBMS Version": "5.7.44",
 "Goodput (requests/second)": 333.1495526800956,
 "terminals": "16",
 "DBMS Type": "MYSQL",
 "Latency Distribution": {
  "95th Percentile Latency (microseconds)": 126856,
  "Maximum Latency (microseconds)": 494670,
  "Median Latency (microseconds)": 37493,
  "Minimum Latency (microseconds)": 554,
  "25th Percentile Latency (microseconds)": 16584,
  "90th Percentile Latency (microseconds)": 101273,
  "99th Percentile Latency (microseconds)": 187610,
  "75th Percentile Latency (microseconds)": 67121,
  "Average Latency (microseconds)": 47779
 },
 "Throughput (requests/second)": 334.66621731033666
}
