{
 "scalefactor": "20",
 "Current Timestamp (milliseconds)": 1706674290876,
 "Benchmark Type": "tpcc",
 "isolation": "TRANSACTION_SERIALIZABLE",
 "DBMS Version": "5.7.44",
 "Goodput (requests/second)": 411.39973086915273,
 "terminals": "16",
 "DBMS Type": "MYSQL",
 "Latency Distribution": {
  "95th Percentile Latency (microseconds)": 106803,
  "Maximum Latency (microseconds)": 404678,
  "Median Latency (microseconds)": 29053,
  "Minimum Latency (microseconds)": 542,
  "25th Percentile Latency (microseconds)": 12608,
  "90th Percentile Latency (microseconds)": 83406,
  "99th Percentile Latency (microseconds)": 165231,
  "75th Percentile Latency (microseconds)": 53185,
  "Average Latency (microseconds)": 38696
 },
 "Throughput (requests/second)": 413.14972972433264
}
