{
 "scalefactor": "20",
 "Current Timestamp (milliseconds)": 1706673287727,
 "Benchmark Type": "tpcc",
 "isolation": "TRANSACTION_SERIALIZABLE",
 "DBMS Version": "5.7.44",
 "Goodput (requests/second)": 301.69964858527766,
 "terminals": "16",
 "DBMS Type": "MYSQL",
 "Latency Distribution": {
  "95th Percentile Latency (microseconds)": 146268,
  "Maximum Latency (microseconds)": 603583,
  "Median Latency (microseconds)": 40352,
  "Minimum Latency (microseconds)": 539,
  "25th Percentile Latency (microseconds)": 16259,
  "90th Percentile Latency (microseconds)": 116282,
  "99th Percentile Latency (microseconds)": 219619,
  "75th Percentile Latency (microseconds)": 73808,
  "Average Latency (microseconds)": 52824
 },
 "Throughput (requests/second)": 302.69964742049564
}
