{
 "scalefactor": "20",
 "Current Timestamp (milliseconds)": 1706669737165,
 "Benchmark Type": "tpcc",
 "isolation": "TRANSACTION_SERIALIZABLE",
 "DBMS Version": "5.7.44",
 "Goodput (requests/second)": 314.94981331349817,
 "terminals": "16",
 "DBMS Type": "MYSQL",
 "Latency Distribution": {
  "95th Percentile Latency (microseconds)": 135219,
  "Maximum Latency (microseconds)": 658156,
  "Median Latency (microseconds)": 37678,
  "Minimum Latency (microseconds)": 531,
  "25th Percentile Latency (microseconds)": 18584,
  "90th Percentile Latency (microseconds)": 105477,
  "99th Percentile Latency (microseconds)": 236654,
  "75th Percentile Latency (microseconds)": 67783,
  "Average Latency (microseconds)": 50544
 },
 "Throughput (requests/second)": 316.2331458861361
}
