{
 "scalefactor": "20",
 "Current Timestamp (milliseconds)": 1706669984447,
 "Benchmark Type": "tpcc",
 "isolation": "TRANSACTION_SERIALIZABLE",
 "DBMS Version": "5.7.44",
 "Goodput (requests/second)": 390.16650636025474,
 "terminals": "16",
 "DBMS Type": "MYSQL",
 "Latency Distribution": {
  "95th Percentile Latency (microseconds)": 110669,
  "Maximum Latency (microseconds)": 468933,
  "Median Latency (microseconds)": 29692,
  "Minimum Latency (microseconds)": 560,
  "25th Percentile Latency (microseconds)": 17185,
  "90th Percentile Latency (microseconds)": 83516,
  "99th Percentile Latency (microseconds)": 187802,
  "75th Percentile Latency (microseconds)": 52973,
  "Average Latency (microseconds)": 40774
 },
 "Throughput (requests/second)": 391.89983898141946
}
