{
 "scalefactor": "20",
 "Current Timestamp (milliseconds)": 1706675841525,
 "Benchmark Type": "tpcc",
 "isolation": "TRANSACTION_SERIALIZABLE",
 "DBMS Version": "5.7.44",
 "Goodput (requests/second)": 273.316640309832,
 "terminals": "16",
 "DBMS Type": "MYSQL",
 "Latency Distribution": {
  "95th Percentile Latency (microseconds)": 163555,
  "Maximum Latency (microseconds)": 931595,
  "Median Latency (microseconds)": 44048,
  "Minimum Latency (microseconds)": 515,
  "25th Percentile Latency (microseconds)": 18838,
  "90th Percentile Latency (microseconds)": 127037,
  "99th Percentile Latency (microseconds)": 247323,
  "75th Percentile Latency (microseconds)": 80605,
  "Average Latency (microseconds)": 58337
 },
 "Throughput (requests/second)": 274.1333068977448
}
