{
 "scalefactor": "20",
 "Current Timestamp (milliseconds)": 1706669035550,
 "Benchmark Type": "tpcc",
 "isolation": "TRANSACTION_SERIALIZABLE",
 "DBMS Version": "5.7.44",
 "Goodput (requests/second)": 244.28309575173716,
 "terminals": "16",
 "DBMS Type": "MYSQL",
 "Latency Distribution": {
  "95th Percentile Latency (microseconds)": 193437,
  "Maximum Latency (microseconds)": 1393045,
  "Median Latency (microseconds)": 44874,
  "Minimum Latency (microseconds)": 603,
  "25th Percentile Latency (microseconds)": 18703,
  "90th Percentile Latency (microseconds)": 144941,
  "99th Percentile Latency (microseconds)": 330800,
  "75th Percentile Latency (microseconds)": 85939,
  "Average Latency (microseconds)": 65230
 },
 "Throughput (requests/second)": 245.0830949736846
}
