{
 "scalefactor": "20",
 "Current Timestamp (milliseconds)": 1706673669160,
 "Benchmark Type": "tpcc",
 "isolation": "TRANSACTION_SERIALIZABLE",
 "DBMS Version": "5.7.44",
 "Goodput (requests/second)": 299.8332737464674,
 "terminals": "16",
 "DBMS Type": "MYSQL",
 "Latency Distribution": {
  "95th Percentile Latency (microseconds)": 145111,
  "Maximum Latency (microseconds)": 479075,
  "Median Latency (microseconds)": 40680,
  "Minimum Latency (microseconds)": 509,
  "25th Percentile Latency (microseconds)": 17558,
  "90th Percentile Latency (microseconds)": 114198,
  "99th Percentile Latency (microseconds)": 237123,
  "75th Percentile Latency (microseconds)": 73799,
  "Average Latency (microseconds)": 53175
 },
 "Throughput (requests/second)": 300.6166069241263
}
