{
 "scalefactor": "20",
 "Current Timestamp (milliseconds)": 1706675524305,
 "Benchmark Type": "tpcc",
 "isolation": "TRANSACTION_SERIALIZABLE",
 "DBMS Version": "5.7.44",
 "Goodput (requests/second)": 470.16666480950835,
 "terminals": "16",
 "DBMS Type": "MYSQL",
 "Latency Distribution": {
  "95th Percentile Latency (microseconds)": 91121,
  "Maximum Latency (microseconds)": 448696,
  "Median Latency (microseconds)": 25090,
  "Minimum Latency (microseconds)": 497,
  "25th Percentile Latency (microseconds)": 14170,
  "90th Percentile Latency (microseconds)": 69219,
  "99th Percentile Latency (microseconds)": 150628,
  "75th Percentile Latency (microseconds)": 44200,
  "Average Latency (microseconds)": 33835
 },
 "Throughput (requests/second)": 472.3333314676167
}
