{
 "scalefactor": "20",
 "Current Timestamp (milliseconds)": 1706672883310,
 "Benchmark Type": "tpcc",
 "isolation": "TRANSACTION_SERIALIZABLE",
 "DBMS Version": "5.7.44",
 "Goodput (requests/second)": 288.58321772689635,
 "terminals": "16",
 "DBMS Type": "MYSQL",
 "Latency Distribution": {
  "95th Percentile Latency (microseconds)": 158327,
  "Maximum Latency (microseconds)": 780161,
  "Median Latency (microseconds)": 39802,
  "Minimum Latency (microseconds)": 467,
  "25th Percentile Latency (microseconds)": 16464,
  "90th Percentile Latency (microseconds)": 120935,
  "99th Percentile Latency (microseconds)": 253553,
  "75th Percentile Latency (microseconds)": 76344,
  "Average Latency (microseconds)": 55181
 },
 "Throughput (requests/second)": 289.61655064627644
}
