{
 "scalefactor": "20",
 "Current Timestamp (milliseconds)": 1706672801147,
 "Benchmark Type": "tpcc",
 "isolation": "TRANSACTION_SERIALIZABLE",
 "DBMS Version": "5.7.44",
 "Goodput (requests/second)": 284.13281260786323,
 "terminals": "16",
 "DBMS Type": "MYSQL",
 "Latency Distribution": {
  "95th Percentile Latency (microseconds)": 159290,
  "Maximum Latency (microseconds)": 744482,
  "Median Latency (microseconds)": 40940,
  "Minimum Latency (microseconds)": 564,
  "25th Percentile Latency (microseconds)": 16881,
  "90th Percentile Latency (microseconds)": 123027,
  "99th Percentile Latency (microseconds)": 259755,
  "75th Percentile Latency (microseconds)": 77103,
  "Average Latency (microseconds)": 56099
 },
 "Throughput (requests/second)": 284.9828110500853
}
