{
 "scalefactor": "20",
 "Current Timestamp (milliseconds)": 1706671541018,
 "Benchmark Type": "tpcc",
 "isolation": "TRANSACTION_SERIALIZABLE",
 "DBMS Version": "5.7.44",
 "Goodput (requests/second)": 269.99989526254063,
 "terminals": "16",
 "DBMS Type": "MYSQL",
 "Latency Distribution": {
  "95th Percentile Latency (microseconds)": 158497,
  "Maximum Latency (microseconds)": 679817,
  "Median Latency (microseconds)": 45749,
  "Minimum Latency (microseconds)": 571,
  "25th Percentile Latency (microseconds)": 20041,
  "90th Percentile Latency (microseconds)": 127038,
  "99th Percentile Latency (microseconds)": 243356,
  "75th Percentile Latency (microseconds)": 81770,
  "Average Latency (microseconds)": 58998
 },
 "Throughput (requests/second)": 271.01656153482554
}
