{
 "scalefactor": "20",
 "Current Timestamp (milliseconds)": 1706670765586,
 "Benchmark Type": "tpcc",
 "isolation": "TRANSACTION_SERIALIZABLE",
 "DBMS Version": "5.7.44",
 "Goodput (requests/second)": 233.4831694709536,
 "terminals": "16",
 "DBMS Type": "MYSQL",
 "Latency Distribution": {
  "95th Percentile Latency (microseconds)": 209304,
  "Maximum Latency (microseconds)": 1139753,
  "Median Latency (microseconds)": 47102,
  "Minimum Latency (microseconds)": 556,
  "25th Percentile Latency (microseconds)": 18407,
  "90th Percentile Latency (microseconds)": 156328,
  "99th Percentile Latency (microseconds)": 333047,
  "75th Percentile Latency (microseconds)": 92696,
  "Average Latency (microseconds)": 68210
 },
 "Throughput (requests/second)": 234.2831689095007
}
