{
 "scalefactor": "20",
 "Current Timestamp (milliseconds)": 1706675766490,
 "Benchmark Type": "tpcc",
 "isolation": "TRANSACTION_SERIALIZABLE",
 "DBMS Version": "5.7.44",
 "Goodput (requests/second)": 139.31651636968687,
 "terminals": "16",
 "DBMS Type": "MYSQL",
 "Latency Distribution": {
  "95th Percentile Latency (microseconds)": 329375,
  "Maximum Latency (microseconds)": 904168,
  "Median Latency (microseconds)": 82521,
  "Minimum Latency (microseconds)": 572,
  "25th Percentile Latency (microseconds)": 35390,
  "90th Percentile Latency (microseconds)": 254693,
  "99th Percentile Latency (microseconds)": 511356,
  "75th Percentile Latency (microseconds)": 160477,
  "Average Latency (microseconds)": 114256
 },
 "Throughput (requests/second)": 139.68318264078786
}
