{
 "scalefactor": "20",
 "Current Timestamp (milliseconds)": 1706674367940,
 "Benchmark Type": "tpcc",
 "isolation": "TRANSACTION_SERIALIZABLE",
 "DBMS Version": "5.7.44",
 "Goodput (requests/second)": 383.9993688714373,
 "terminals": "16",
 "DBMS Type": "MYSQL",
 "Latency Distribution": {
  "95th Percentile Latency (microseconds)": 113735,
  "Maximum Latency (microseconds)": 467589,
  "Median Latency (microseconds)": 31681,
  "Minimum Latency (microseconds)": 512,
  "25th Percentile Latency (microseconds)": 13131,
  "90th Percentile Latency (microseconds)": 90513,
  "99th Percentile Latency (microseconds)": 170795,
  "75th Percentile Latency (microseconds)": 58030,
  "Average Latency (microseconds)": 41449
 },
 "Throughput (requests/second)": 385.6326995202828
}
