{
 "scalefactor": "20",
 "Current Timestamp (milliseconds)": 1706670842639,
 "Benchmark Type": "tpcc",
 "isolation": "TRANSACTION_SERIALIZABLE",
 "DBMS Version": "5.7.44",
 "Goodput (requests/second)": 232.76549479261942,
 "terminals": "16",
 "DBMS Type": "MYSQL",
 "Latency Distribution": {
  "95th Percentile Latency (microseconds)": 205832,
  "Maximum Latency (microseconds)": 789866,
  "Median Latency (microseconds)": 47840,
  "Minimum Latency (microseconds)": 542,
  "25th Percentile Latency (microseconds)": 19192,
  "90th Percentile Latency (microseconds)": 156525,
  "99th Percentile Latency (microseconds)": 318831,
  "75th Percentile Latency (microseconds)": 93734,
  "Average Latency (microseconds)": 68348
 },
 "Throughput (requests/second)": 233.73201818164947
}
