{
 "scalefactor": "20",
 "Current Timestamp (milliseconds)": 1706669422046,
 "Benchmark Type": "tpcc",
 "isolation": "TRANSACTION_SERIALIZABLE",
 "DBMS Version": "5.7.44",
 "Goodput (requests/second)": 458.3661003935468,
 "terminals": "16",
 "DBMS Type": "MYSQL",
 "Latency Distribution": {
  "95th Percentile Latency (microseconds)": 98378,
  "Maximum Latency (microseconds)": 362418,
  "Median Latency (microseconds)": 25087,
  "Minimum Latency (microseconds)": 524,
  "25th Percentile Latency (microseconds)": 12939,
  "90th Percentile Latency (microseconds)": 74318,
  "99th Percentile Latency (microseconds)": 154625,
  "75th Percentile Latency (microseconds)": 45796,
  "Average Latency (microseconds)": 34768
 },
 "Throughput (requests/second)": 459.96609841688263
}
