{
 "scalefactor": "20",
 "Current Timestamp (milliseconds)": 1706668874592,
 "Benchmark Type": "tpcc",
 "isolation": "TRANSACTION_SERIALIZABLE",
 "DBMS Version": "5.7.44",
 "Goodput (requests/second)": 299.7163153441971,
 "terminals": "16",
 "DBMS Type": "MYSQL",
 "Latency Distribution": {
  "95th Percentile Latency (microseconds)": 163415,
  "Maximum Latency (microseconds)": 777718,
  "Median Latency (microseconds)": 36065,
  "Minimum Latency (microseconds)": 525,
  "25th Percentile Latency (microseconds)": 15266,
  "90th Percentile Latency (microseconds)": 119612,
  "99th Percentile Latency (microseconds)": 266406,
  "75th Percentile Latency (microseconds)": 70627,
  "Average Latency (microseconds)": 53150
 },
 "Throughput (requests/second)": 300.6829808777545
}
