{
 "scalefactor": "20",
 "Current Timestamp (milliseconds)": 1706674684342,
 "Benchmark Type": "tpcc",
 "isolation": "TRANSACTION_SERIALIZABLE",
 "DBMS Version": "5.7.44",
 "Goodput (requests/second)": 385.1829822262056,
 "terminals": "16",
 "DBMS Type": "MYSQL",
 "Latency Distribution": {
  "95th Percentile Latency (microseconds)": 110908,
  "Maximum Latency (microseconds)": 470900,
  "Median Latency (microseconds)": 31608,
  "Minimum Latency (microseconds)": 609,
  "25th Percentile Latency (microseconds)": 15494,
  "90th Percentile Latency (microseconds)": 87663,
  "99th Percentile Latency (microseconds)": 164054,
  "75th Percentile Latency (microseconds)": 56823,
  "Average Latency (microseconds)": 41369
 },
 "Throughput (requests/second)": 386.58298095006006
}
