{
 "scalefactor": "20",
 "Current Timestamp (milliseconds)": 1706675365176,
 "Benchmark Type": "tpcc",
 "isolation": "TRANSACTION_SERIALIZABLE",
 "DBMS Version": "5.7.44",
 "Goodput (requests/second)": 463.8979618256466,
 "terminals": "16",
 "DBMS Type": "MYSQL",
 "Latency Distribution": {
  "95th Percentile Latency (microseconds)": 93025,
  "Maximum Latency (microseconds)": 815977,
  "Median Latency (microseconds)": 25263,
  "Minimum Latency (microseconds)": 518,
  "25th Percentile Latency (microseconds)": 13929,
  "90th Percentile Latency (microseconds)": 69812,
  "99th Percentile Latency (microseconds)": 166354,
  "75th Percentile Latency (microseconds)": 43785,
  "Average Latency (microseconds)": 34353
 },
 "Throughput (requests/second)": 465.53128798282535
}
