{
 "scalefactor": "20",
 "Current Timestamp (milliseconds)": 1706670997770,
 "Benchmark Type": "tpcc",
 "isolation": "TRANSACTION_SERIALIZABLE",
 "DBMS Version": "5.7.44",
 "Goodput (requests/second)": 326.29958348402,
 "terminals": "16",
 "DBMS Type": "MYSQL",
 "Latency Distribution": {
  "95th Percentile Latency (microseconds)": 145270,
  "Maximum Latency (microseconds)": 716208,
  "Median Latency (microseconds)": 34715,
  "Minimum Latency (microseconds)": 527,
  "25th Percentile Latency (microseconds)": 14752,
  "90th Percentile Latency (microseconds)": 107922,
  "99th Percentile Latency (microseconds)": 233187,
  "75th Percentile Latency (microseconds)": 65086,
  "Average Latency (microseconds)": 48807
 },
 "Throughput (requests/second)": 327.59958182459377
}
