{
 "scalefactor": "20",
 "Current Timestamp (milliseconds)": 1706674056618,
 "Benchmark Type": "tpcc",
 "isolation": "TRANSACTION_SERIALIZABLE",
 "DBMS Version": "5.7.44",
 "Goodput (requests/second)": 334.6828365803331,
 "terminals": "16",
 "DBMS Type": "MYSQL",
 "Latency Distribution": {
  "95th Percentile Latency (microseconds)": 133494,
  "Maximum Latency (microseconds)": 489820,
  "Median Latency (microseconds)": 35943,
  "Minimum Latency (microseconds)": 535,
  "25th Percentile Latency (microseconds)": 15144,
  "90th Percentile Latency (microseconds)": 104479,
  "99th Percentile Latency (microseconds)": 196551,
  "75th Percentile Latency (microseconds)": 66401,
  "Average Latency (microseconds)": 47571
 },
 "Throughput (requests/second)": 336.0328345765986
}
