{
 "scalefactor": "20",
 "Current Timestamp (milliseconds)": 1706671852264,
 "Benchmark Type": "tpcc",
 "isolation": "TRANSACTION_SERIALIZABLE",
 "DBMS Version": "5.7.44",
 "Goodput (requests/second)": 210.21634758627988,
 "terminals": "16",
 "DBMS Type": "MYSQL",
 "Latency Distribution": {
  "95th Percentile Latency (microseconds)": 228224,
  "Maximum Latency (microseconds)": 761943,
  "Median Latency (microseconds)": 51999,
  "Minimum Latency (microseconds)": 561,
  "25th Percentile Latency (microseconds)": 22512,
  "90th Percentile Latency (microseconds)": 174954,
  "99th Percentile Latency (microseconds)": 361494,
  "75th Percentile Latency (microseconds)": 103121,
  "Average Latency (microseconds)": 75776
 },
 "Throughput (requests/second)": 210.99967973061948
}
