{
 "scalefactor": "20",
 "Current Timestamp (milliseconds)": 1706670379328,
 "Benchmark Type": "tpcc",
 "isolation": "TRANSACTION_SERIALIZABLE",
 "DBMS Version": "5.7.44",
 "Goodput (requests/second)": 116.28331302251466,
 "terminals": "16",
 "DBMS Type": "MYSQL",
 "Latency Distribution": {
  "95th Percentile Latency (microseconds)": 374861,
  "Maximum Latency (microseconds)": 1292631,
  "Median Latency (microseconds)": 104089,
  "Minimum Latency (microseconds)": 778,
  "25th Percentile Latency (microseconds)": 44725,
  "90th Percentile Latency (microseconds)": 297009,
  "99th Percentile Latency (microseconds)": 608018,
  "75th Percentile Latency (microseconds)": 193392,
  "Average Latency (microseconds)": 136943
 },
 "Throughput (requests/second)": 116.58331297011466
}
