{
 "scalefactor": "20",
 "Current Timestamp (milliseconds)": 1706673439948,
 "Benchmark Type": "tpcc",
 "isolation": "TRANSACTION_SERIALIZABLE",
 "DBMS Version": "5.7.44",
 "Goodput (requests/second)": 304.3830419373012,
 "terminals": "16",
 "DBMS Type": "MYSQL",
 "Latency Distribution": {
  "95th Percentile Latency (microseconds)": 147522,
  "Maximum Latency (microseconds)": 664986,
  "Median Latency (microseconds)": 38788,
  "Minimum Latency (microseconds)": 533,
  "25th Percentile Latency (microseconds)": 16131,
  "90th Percentile Latency (microseconds)": 116049,
  "99th Percentile Latency (microseconds)": 220781,
  "75th Percentile Latency (microseconds)": 73227,
  "Average Latency (microseconds)": 52339
 },
 "Throughput (requests/second)": 305.4497075828133
}
