{
 "scalefactor": "20",
 "Current Timestamp (milliseconds)": 1706672420591,
 "Benchmark Type": "tpcc",
 "isolation": "TRANSACTION_SERIALIZABLE",
 "DBMS Version": "5.7.44",
 "Goodput (requests/second)": 493.1496258720363,
 "terminals": "16",
 "DBMS Type": "MYSQL",
 "Latency Distribution": {
  "95th Percentile Latency (microseconds)": 90462,
  "Maximum Latency (microseconds)": 279256,
  "Median Latency (microseconds)": 24014,
  "Minimum Latency (microseconds)": 578,
  "25th Percentile Latency (microseconds)": 11448,
  "90th Percentile Latency (microseconds)": 70248,
  "99th Percentile Latency (microseconds)": 129654,
  "75th Percentile Latency (microseconds)": 43870,
  "Average Latency (microseconds)": 32302
 },
 "Throughput (requests/second)": 495.0829577386474
}
