{
 "scalefactor": "20",
 "Current Timestamp (milliseconds)": 1706672495695,
 "Benchmark Type": "tpcc",
 "isolation": "TRANSACTION_SERIALIZABLE",
 "DBMS Version": "5.7.44",
 "Goodput (requests/second)": 509.43332000316144,
 "terminals": "16",
 "DBMS Type": "MYSQL",
 "Latency Distribution": {
  "95th Percentile Latency (microseconds)": 87245,
  "Maximum Latency (microseconds)": 330905,
  "Median Latency (microseconds)": 23339,
  "Minimum Latency (microseconds)": 579,
  "25th Percentile Latency (microseconds)": 11428,
  "90th Percentile Latency (microseconds)": 67273,
  "99th Percentile Latency (microseconds)": 128627,
  "75th Percentile Latency (microseconds)": 42118,
  "Average Latency (microseconds)": 31238
 },
 "Throughput (requests/second)": 511.7999866079004
}
