{
 "scalefactor": "20",
 "Current Timestamp (milliseconds)": 1706673127589,
 "Benchmark Type": "tpcc",
 "isolation": "TRANSACTION_SERIALIZABLE",
 "DBMS Version": "5.7.44",
 "Goodput (requests/second)": 316.349771511105,
 "terminals": "16",
 "DBMS Type": "MYSQL",
 "Latency Distribution": {
  "95th Percentile Latency (microseconds)": 138401,
  "Maximum Latency (microseconds)": 478485,
  "Median Latency (microseconds)": 38603,
  "Minimum Latency (microseconds)": 473,
  "25th Percentile Latency (microseconds)": 15760,
  "90th Percentile Latency (microseconds)": 109728,
  "99th Percentile Latency (microseconds)": 214521,
  "75th Percentile Latency (microseconds)": 70733,
  "Average Latency (microseconds)": 50328
 },
 "Throughput (requests/second)": 317.4831040258701
}
