{
 "scalefactor": "20",
 "Current Timestamp (milliseconds)": 1706668406135,
 "Benchmark Type": "tpcc",
 "isolation": "TRANSACTION_SERIALIZABLE",
 "DBMS Version": "5.7.44",
 "Goodput (requests/second)": 285.14980731001776,
 "terminals": "16",
 "DBMS Type": "MYSQL",
 "Latency Distribution": {
  "95th Percentile Latency (microseconds)": 149996,
  "Maximum Latency (microseconds)": 420484,
  "Median Latency (microseconds)": 44330,
  "Minimum Latency (microseconds)": 507,
  "25th Percentile Latency (microseconds)": 19120,
  "90th Percentile Latency (microseconds)": 120689,
  "99th Percentile Latency (microseconds)": 211841,
  "75th Percentile Latency (microseconds)": 79813,
  "Average Latency (microseconds)": 55908
 },
 "Throughput (requests/second)": 285.8831401478014
}
