{
 "scalefactor": "20",
 "Current Timestamp (milliseconds)": 1706671230877,
 "Benchmark Type": "tpcc",
 "isolation": "TRANSACTION_SERIALIZABLE",
 "DBMS Version": "5.7.44",
 "Goodput (requests/second)": 203.86011082109982,
 "terminals": "16",
 "DBMS Type": "MYSQL",
 "Latency Distribution": {
  "95th Percentile Latency (microseconds)": 219558,
  "Maximum Latency (microseconds)": 906508,
  "Median Latency (microseconds)": 57309,
  "Minimum Latency (microseconds)": 553,
  "25th Percentile Latency (microseconds)": 24906,
  "90th Percentile Latency (microseconds)": 173117,
  "99th Percentile Latency (microseconds)": 311984,
  "75th Percentile Latency (microseconds)": 110477,
  "Average Latency (microseconds)": 78013
 },
 "Throughput (requests/second)": 204.67675122579521
}
