{
 "scalefactor": "20",
 "Current Timestamp (milliseconds)": 1706669901315,
 "Benchmark Type": "tpcc",
 "isolation": "TRANSACTION_SERIALIZABLE",
 "DBMS Version": "5.7.44",
 "Goodput (requests/second)": 321.8662751324363,
 "terminals": "16",
 "DBMS Type": "MYSQL",
 "Latency Distribution": {
  "95th Percentile Latency (microseconds)": 133769,
  "Maximum Latency (microseconds)": 609183,
  "Median Latency (microseconds)": 36181,
  "Minimum Latency (microseconds)": 490,
  "25th Percentile Latency (microseconds)": 18098,
  "90th Percentile Latency (microseconds)": 104822,
  "99th Percentile Latency (microseconds)": 219113,
  "75th Percentile Latency (microseconds)": 67364,
  "Average Latency (microseconds)": 49480
 },
 "Throughput (requests/second)": 323.09960696548313
}
