{
 "scalefactor": "20",
 "Current Timestamp (milliseconds)": 1706672258892,
 "Benchmark Type": "tpcc",
 "isolation": "TRANSACTION_SERIALIZABLE",
 "DBMS Version": "5.7.44",
 "Goodput (requests/second)": 321.1496015871567,
 "terminals": "16",
 "DBMS Type": "MYSQL",
 "Latency Distribution": {
  "95th Percentile Latency (microseconds)": 142236,
  "Maximum Latency (microseconds)": 679743,
  "Median Latency (microseconds)": 35602,
  "Minimum Latency (microseconds)": 528,
  "25th Percentile Latency (microseconds)": 15954,
  "90th Percentile Latency (microseconds)": 106686,
  "99th Percentile Latency (microseconds)": 249480,
  "75th Percentile Latency (microseconds)": 66062,
  "Average Latency (microseconds)": 49582
 },
 "Throughput (requests/second)": 322.13293370058466
}
