{
 "scalefactor": "20",
 "Current Timestamp (milliseconds)": 1706668560194,
 "Benchmark Type": "tpcc",
 "isolation": "TRANSACTION_SERIALIZABLE",
 "DBMS Version": "5.7.44",
 "Goodput (requests/second)": 246.78307755912564,
 "terminals": "16",
 "DBMS Type": "MYSQL",
 "Latency Distribution": {
  "95th Percentile Latency (microseconds)": 198559,
  "Maximum Latency (microseconds)": 910875,
  "Median Latency (microseconds)": 42320,
  "Minimum Latency (microseconds)": 533,
  "25th Percentile Latency (microseconds)": 17494,
  "90th Percentile Latency (microseconds)": 143897,
  "99th Percentile Latency (microseconds)": 377136,
  "75th Percentile Latency (microseconds)": 83541,
  "Average Latency (microseconds)": 64527
 },
 "Throughput (requests/second)": 247.6830766263366
}
