{
 "scalefactor": "20",
 "Current Timestamp (milliseconds)": 1706670534299,
 "Benchmark Type": "tpcc",
 "isolation": "TRANSACTION_SERIALIZABLE",
 "DBMS Version": "5.7.44",
 "Goodput (requests/second)": 467.59952742833093,
 "terminals": "16",
 "DBMS Type": "MYSQL",
 "Latency Distribution": {
  "95th Percentile Latency (microseconds)": 94315,
  "Maximum Latency (microseconds)": 393687,
  "Median Latency (microseconds)": 25393,
  "Minimum Latency (microseconds)": 562,
  "25th Percentile Latency (microseconds)": 12641,
  "90th Percentile Latency (microseconds)": 74766,
  "99th Percentile Latency (microseconds)": 134823,
  "75th Percentile Latency (microseconds)": 45670,
  "Average Latency (microseconds)": 34055
 },
 "Throughput (requests/second)": 469.54952545759795
}
