{
 "scalefactor": "20",
 "Current Timestamp (milliseconds)": 1706671933455,
 "Benchmark Type": "tpcc",
 "isolation": "TRANSACTION_SERIALIZABLE",
 "DBMS Version": "5.7.44",
 "Goodput (requests/second)": 205.633104638476,
 "terminals": "16",
 "DBMS Type": "MYSQL",
 "Latency Distribution": {
  "95th Percentile Latency (microseconds)": 232415,
  "Maximum Latency (microseconds)": 1016705,
  "Median Latency (microseconds)": 52830,
  "Minimum Latency (microseconds)": 666,
  "25th Percentile Latency (microseconds)": 23726,
  "90th Percentile Latency (microseconds)": 178153,
  "99th Percentile Latency (microseconds)": 359307,
  "75th Percentile Latency (microseconds)": 105563,
  "Average Latency (microseconds)": 77439
 },
 "Throughput (requests/second)": 206.29977056371015
}
