{
 "scalefactor": "20",
 "Current Timestamp (milliseconds)": 1706675606231,
 "Benchmark Type": "tpcc",
 "isolation": "TRANSACTION_SERIALIZABLE",
 "DBMS Version": "5.7.44",
 "Goodput (requests/second)": 72.31663466896639,
 "terminals": "16",
 "DBMS Type": "MYSQL",
 "Latency Distribution": {
  "95th Percentile Latency (microseconds)": 827579,
  "Maximum Latency (microseconds)": 3277885,
  "Median Latency (microseconds)": 104380,
  "Minimum Latency (microseconds)": 614,
  "25th Percentile Latency (microseconds)": 28079,
  "90th Percentile Latency (microseconds)": 583053,
  "99th Percentile Latency (microseconds)": 1513751,
  "75th Percentile Latency (microseconds)": 276453,
  "Average Latency (microseconds)": 219493
 },
 "Throughput (requests/second)": 72.36663464684307
}
