{
 "scalefactor": "20",
 "Current Timestamp (milliseconds)": 1706668330129,
 "Benchmark Type": "tpcc",
 "isolation": "TRANSACTION_SERIALIZABLE",
 "DBMS Version": "5.7.44",
 "Goodput (requests/second)": 277.64962095736496,
 "terminals": "16",
 "DBMS Type": "MYSQL",
 "Latency Distribution": {
  "95th Percentile Latency (microseconds)": 155120,
  "Maximum Latency (microseconds)": 608954,
  "Median Latency (microseconds)": 44914,
  "Minimum Latency (microseconds)": 516,
  "25th Percentile Latency (microseconds)": 18423,
  "90th Percentile Latency (microseconds)": 124125,
  "99th Percentile Latency (microseconds)": 231046,
  "75th Percentile Latency (microseconds)": 81731,
  "Average Latency (microseconds)": 57422
 },
 "Throughput (requests/second)": 278.4662865091334
}
