{
 "scalefactor": "20",
 "Current Timestamp (milliseconds)": 1706668101984,
 "Benchmark Type": "tpcc",
 "isolation": "TRANSACTION_SERIALIZABLE",
 "DBMS Version": "5.7.44",
 "Goodput (requests/second)": 305.8330868522542,
 "terminals": "16",
 "DBMS Type": "MYSQL",
 "Latency Distribution": {
  "95th Percentile Latency (microseconds)": 139607,
  "Maximum Latency (microseconds)": 442954,
  "Median Latency (microseconds)": 39089,
  "Minimum Latency (microseconds)": 707,
  "25th Percentile Latency (microseconds)": 19091,
  "90th Percentile Latency (microseconds)": 112413,
  "99th Percentile Latency (microseconds)": 204940,
  "75th Percentile Latency (microseconds)": 72435,
  "Average Latency (microseconds)": 52106
 },
 "Throughput (requests/second)": 306.71641947368033
}
