{
 "scalefactor": "20",
 "Current Timestamp (milliseconds)": 1706669498110,
 "Benchmark Type": "tpcc",
 "isolation": "TRANSACTION_SERIALIZABLE",
 "DBMS Version": "5.7.44",
 "Goodput (requests/second)": 242.0165461343595,
 "terminals": "16",
 "DBMS Type": "MYSQL",
 "Latency Distribution": {
  "95th Percentile Latency (microseconds)": 192262,
  "Maximum Latency (microseconds)": 735461,
  "Median Latency (microseconds)": 48162,
  "Minimum Latency (microseconds)": 539,
  "25th Percentile Latency (microseconds)": 18926,
  "90th Percentile Latency (microseconds)": 150008,
  "99th Percentile Latency (microseconds)": 288060,
  "75th Percentile Latency (microseconds)": 91030,
  "Average Latency (microseconds)": 65815
 },
 "Throughput (requests/second)": 242.84987905266524
}
