{
 "scalefactor": "20",
 "Current Timestamp (milliseconds)": 1706675137908,
 "Benchmark Type": "tpcc",
 "isolation": "TRANSACTION_SERIALIZABLE",
 "DBMS Version": "5.7.44",
 "Goodput (requests/second)": 367.54946487860826,
 "terminals": "16",
 "DBMS Type": "MYSQL",
 "Latency Distribution": {
  "95th Percentile Latency (microseconds)": 117396,
  "Maximum Latency (microseconds)": 575738,
  "Median Latency (microseconds)": 32022,
  "Minimum Latency (microseconds)": 552,
  "25th Percentile Latency (microseconds)": 14994,
  "90th Percentile Latency (microseconds)": 90610,
  "99th Percentile Latency (microseconds)": 193847,
  "75th Percentile Latency (microseconds)": 58009,
  "Average Latency (microseconds)": 43310
 },
 "Throughput (requests/second)": 368.98279612513073
}
