{
 "scalefactor": "20",
 "Current Timestamp (milliseconds)": 1706674135664,
 "Benchmark Type": "tpcc",
 "isolation": "TRANSACTION_SERIALIZABLE",
 "DBMS Version": "5.7.44",
 "Goodput (requests/second)": 333.9329105019165,
 "terminals": "16",
 "DBMS Type": "MYSQL",
 "Latency Distribution": {
  "95th Percentile Latency (microseconds)": 132526,
  "Maximum Latency (microseconds)": 398413,
  "Median Latency (microseconds)": 36099,
  "Minimum Latency (microseconds)": 554,
  "25th Percentile Latency (microseconds)": 15483,
  "90th Percentile Latency (microseconds)": 103609,
  "99th Percentile Latency (microseconds)": 203204,
  "75th Percentile Latency (microseconds)": 66107,
  "Average Latency (microseconds)": 47664
 },
 "Throughput (requests/second)": 335.28290879252614
}
