{
 "scalefactor": "20",
 "Current Timestamp (milliseconds)": 1706672094771,
 "Benchmark Type": "tpcc",
 "isolation": "TRANSACTION_SERIALIZABLE",
 "DBMS Version": "5.7.44",
 "Goodput (requests/second)": 325.8164406260807,
 "terminals": "16",
 "DBMS Type": "MYSQL",
 "Latency Distribution": {
  "95th Percentile Latency (microseconds)": 143481,
  "Maximum Latency (microseconds)": 616133,
  "Median Latency (microseconds)": 34372,
  "Minimum Latency (microseconds)": 488,
  "25th Percentile Latency (microseconds)": 15406,
  "90th Percentile Latency (microseconds)": 106749,
  "99th Percentile Latency (microseconds)": 242961,
  "75th Percentile Latency (microseconds)": 64979,
  "Average Latency (microseconds)": 48821
 },
 "Throughput (requests/second)": 327.23310630991193
}
