{
 "scalefactor": "20",
 "Current Timestamp (milliseconds)": 1706675692435,
 "Benchmark Type": "tpcc",
 "isolation": "TRANSACTION_SERIALIZABLE",
 "DBMS Version": "5.7.44",
 "Goodput (requests/second)": 143.26646389925256,
 "terminals": "16",
 "DBMS Type": "MYSQL",
 "Latency Distribution": {
  "95th Percentile Latency (microseconds)": 313236,
  "Maximum Latency (microseconds)": 1025917,
  "Median Latency (microseconds)": 83909,
  "Minimum Latency (microseconds)": 646,
  "25th Percentile Latency (microseconds)": 37160,
  "90th Percentile Latency (microseconds)": 245571,
  "99th Percentile Latency (microseconds)": 469317,
  "75th Percentile Latency (microseconds)": 154385,
  "Average Latency (microseconds)": 111251
 },
 "Throughput (requests/second)": 143.59979676081431
}
