{
 "scalefactor": "20",
 "Current Timestamp (milliseconds)": 1706671075792,
 "Benchmark Type": "tpcc",
 "isolation": "TRANSACTION_SERIALIZABLE",
 "DBMS Version": "5.7.44",
 "Goodput (requests/second)": 325.6221346144786,
 "terminals": "16",
 "DBMS Type": "MYSQL",
 "Latency Distribution": {
  "95th Percentile Latency (microseconds)": 143405,
  "Maximum Latency (microseconds)": 630097,
  "Median Latency (microseconds)": 35095,
  "Minimum Latency (microseconds)": 546,
  "25th Percentile Latency (microseconds)": 14892,
  "90th Percentile Latency (microseconds)": 108059,
  "99th Percentile Latency (microseconds)": 231864,
  "75th Percentile Latency (microseconds)": 65807,
  "Average Latency (microseconds)": 48914
 },
 "Throughput (requests/second)": 326.9053581348898
}
