{
 "scalefactor": "20",
 "Current Timestamp (milliseconds)": 1706680806481,
 "Benchmark Type": "tpcc",
 "isolation": "TRANSACTION_SERIALIZABLE",
 "DBMS Version": "5.7.44",
 "Goodput (requests/second)": 425.416632555343,
 "terminals": "16",
 "DBMS Type": "MYSQL",
 "Latency Distribution": {
  "95th Percentile Latency (microseconds)": 98598,
  "Maximum Latency (microseconds)": 386372,
  "Median Latency (microseconds)": 29343,
  "Minimum Latency (microseconds)": 553,
  "25th Percentile Latency (microseconds)": 13369,
  "90th Percentile Latency (microseconds)": 78503,
  "99th Percentile Latency (microseconds)": 146369,
  "75th Percentile Latency (microseconds)": 52148,
  "Average Latency (microseconds)": 37424
 },
 "Throughput (requests/second)": 427.18329908035247
}
