{
 "scalefactor": "20",
 "Current Timestamp (milliseconds)": 1706676853640,
 "Benchmark Type": "tpcc",
 "isolation": "TRANSACTION_SERIALIZABLE",
 "DBMS Version": "5.7.44",
 "Goodput (requests/second)": 303.44972437661534,
 "terminals": "16",
 "DBMS Type": "MYSQL",
 "Latency Distribution": {
  "95th Percentile Latency (microseconds)": 153475,
  "Maximum Latency (microseconds)": 781911,
  "Median Latency (microseconds)": 36291,
  "Minimum Latency (microseconds)": 520,
  "25th Percentile Latency (microseconds)": 16331,
  "90th Percentile Latency (microseconds)": 114335,
  "99th Percentile Latency (microseconds)": 265423,
  "75th Percentile Latency (microseconds)": 68323,
  "Average Latency (microseconds)": 52285
 },
 "Throughput (requests/second)": 304.4330568167878
}
