{
 "scalefactor": "20",
 "Current Timestamp (milliseconds)": 1706677091087,
 "Benchmark Type": "tpcc",
 "isolation": "TRANSACTION_SERIALIZABLE",
 "DBMS Version": "5.7.44",
 "Goodput (requests/second)": 252.63321374519106,
 "terminals": "16",
 "DBMS Type": "MYSQL",
 "Latency Distribution": {
  "95th Percentile Latency (microseconds)": 174351,
  "Maximum Latency (microseconds)": 808041,
  "Median Latency (microseconds)": 47212,
  "Minimum Latency (microseconds)": 557,
  "25th Percentile Latency (microseconds)": 19954,
  "90th Percentile Latency (microseconds)": 138785,
  "99th Percentile Latency (microseconds)": 271382,
  "75th Percentile Latency (microseconds)": 87017,
  "Average Latency (microseconds)": 63053
 },
 "Throughput (requests/second)": 253.51654666038402
}
