{
 "scalefactor": "20",
 "Current Timestamp (milliseconds)": 1706678141631,
 "Benchmark Type": "tpcc",
 "isolation": "TRANSACTION_SERIALIZABLE",
 "DBMS Version": "5.7.44",
 "Goodput (requests/second)": 114.12372690585299,
 "terminals": "16",
 "DBMS Type": "MYSQL",
 "Latency Distribution": {
  "95th Percentile Latency (microseconds)": 388532,
  "Maximum Latency (microseconds)": 1437747,
  "Median Latency (microseconds)": 102212,
  "Minimum Latency (microseconds)": 643,
  "25th Percentile Latency (microseconds)": 44792,
  "90th Percentile Latency (microseconds)": 311901,
  "99th Percentile Latency (microseconds)": 606469,
  "75th Percentile Latency (microseconds)": 194597,
  "Average Latency (microseconds)": 139778
 },
 "Throughput (requests/second)": 114.27371428058322
}
