{
 "scalefactor": "20",
 "Current Timestamp (milliseconds)": 1706676934707,
 "Benchmark Type": "tpcc",
 "isolation": "TRANSACTION_SERIALIZABLE",
 "DBMS Version": "5.7.44",
 "Goodput (requests/second)": 214.58302837508617,
 "terminals": "16",
 "DBMS Type": "MYSQL",
 "Latency Distribution": {
  "95th Percentile Latency (microseconds)": 209667,
  "Maximum Latency (microseconds)": 1635973,
  "Median Latency (microseconds)": 51583,
  "Minimum Latency (microseconds)": 571,
  "25th Percentile Latency (microseconds)": 21441,
  "90th Percentile Latency (microseconds)": 162888,
  "99th Percentile Latency (microseconds)": 365675,
  "75th Percentile Latency (microseconds)": 100594,
  "Average Latency (microseconds)": 74247
 },
 "Throughput (requests/second)": 215.2996940232515
}
