{
 "scalefactor": "20",
 "Current Timestamp (milliseconds)": 1706678919185,
 "Benchmark Type": "tpcc",
 "isolation": "TRANSACTION_SERIALIZABLE",
 "DBMS Version": "5.7.44",
 "Goodput (requests/second)": 387.816490384681,
 "terminals": "16",
 "DBMS Type": "MYSQL",
 "Latency Distribution": {
  "95th Percentile Latency (microseconds)": 112257,
  "Maximum Latency (microseconds)": 561079,
  "Median Latency (microseconds)": 30956,
  "Minimum Latency (microseconds)": 516,
  "25th Percentile Latency (microseconds)": 13764,
  "90th Percentile Latency (microseconds)": 88938,
  "99th Percentile Latency (microseconds)": 169933,
  "75th Percentile Latency (microseconds)": 56461,
  "Average Latency (microseconds)": 41086
 },
 "Throughput (requests/second)": 389.23315640740213
}
