{
 "scalefactor": "20",
 "Current Timestamp (milliseconds)": 1706678523832,
 "Benchmark Type": "tpcc",
 "isolation": "TRANSACTION_SERIALIZABLE",
 "DBMS Version": "5.7.44",
 "Goodput (requests/second)": 447.34841716946295,
 "terminals": "16",
 "DBMS Type": "MYSQL",
 "Latency Distribution": {
  "95th Percentile Latency (microseconds)": 100079,
  "Maximum Latency (microseconds)": 290367,
  "Median Latency (microseconds)": 25828,
  "Minimum Latency (microseconds)": 560,
  "25th Percentile Latency (microseconds)": 12350,
  "90th Percentile Latency (microseconds)": 80290,
  "99th Percentile Latency (microseconds)": 145099,
  "75th Percentile Latency (microseconds)": 48045,
  "Average Latency (microseconds)": 35595
 },
 "Throughput (requests/second)": 449.1817440160276
}
