{
 "scalefactor": "20",
 "Current Timestamp (milliseconds)": 1706679072426,
 "Benchmark Type": "tpcc",
 "isolation": "TRANSACTION_SERIALIZABLE",
 "DBMS Version": "5.7.44",
 "Goodput (requests/second)": 330.4831723715043,
 "terminals": "16",
 "DBMS Type": "MYSQL",
 "Latency Distribution": {
  "95th Percentile Latency (microseconds)": 127907,
  "Maximum Latency (microseconds)": 460208,
  "Median Latency (microseconds)": 38056,
  "Minimum Latency (microseconds)": 519,
  "25th Percentile Latency (microseconds)": 16825,
  "90th Percentile Latency (microseconds)": 103042,
  "99th Percentile Latency (microseconds)": 184512,
  "75th Percentile Latency (microseconds)": 68086,
  "Average Latency (microseconds)": 48225
 },
 "Throughput (requests/second)": 331.59983849429864
}
