{
 "scalefactor": "20",
 "Current Timestamp (milliseconds)": 1706682384395,
 "Benchmark Type": "tpcc",
 "isolation": "TRANSACTION_SERIALIZABLE",
 "DBMS Version": "5.7.44",
 "Goodput (requests/second)": 412.79962474450116,
 "terminals": "16",
 "DBMS Type": "MYSQL",
 "Latency Distribution": {
  "95th Percentile Latency (microseconds)": 109499,
  "Maximum Latency (microseconds)": 492251,
  "Median Latency (microseconds)": 27500,
  "Minimum Latency (microseconds)": 471,
  "25th Percentile Latency (microseconds)": 14285,
  "90th Percentile Latency (microseconds)": 81198,
  "99th Percentile Latency (microseconds)": 188405,
  "75th Percentile Latency (microseconds)": 49992,
  "Average Latency (microseconds)": 38565
 },
 "Throughput (requests/second)": 414.43295659305414
}
