{
 "scalefactor": "20",
 "Current Timestamp (milliseconds)": 1706682150747,
 "Benchmark Type": "tpcc",
 "isolation": "TRANSACTION_SERIALIZABLE",
 "DBMS Version": "5.7.44",
 "Goodput (requests/second)": 380.83274316952566,
 "terminals": "16",
 "DBMS Type": "MYSQL",
 "Latency Distribution": {
  "95th Percentile Latency (microseconds)": 116566,
  "Maximum Latency (microseconds)": 480182,
  "Median Latency (microseconds)": 31069,
  "Minimum Latency (microseconds)": 542,
  "25th Percentile Latency (microseconds)": 13222,
  "90th Percentile Latency (microseconds)": 91452,
  "99th Percentile Latency (microseconds)": 179366,
  "75th Percentile Latency (microseconds)": 57368,
  "Average Latency (microseconds)": 41777
 },
 "Throughput (requests/second)": 382.74940686600246
}
