{
 "scalefactor": "20",
 "Current Timestamp (milliseconds)": 1706676692262,
 "Benchmark Type": "tpcc",
 "isolation": "TRANSACTION_SERIALIZABLE",
 "DBMS Version": "5.7.44",
 "Goodput (requests/second)": 298.98252865175573,
 "terminals": "16",
 "DBMS Type": "MYSQL",
 "Latency Distribution": {
  "95th Percentile Latency (microseconds)": 163922,
  "Maximum Latency (microseconds)": 876593,
  "Median Latency (microseconds)": 35650,
  "Minimum Latency (microseconds)": 556,
  "25th Percentile Latency (microseconds)": 16058,
  "90th Percentile Latency (microseconds)": 118332,
  "99th Percentile Latency (microseconds)": 284003,
  "75th Percentile Latency (microseconds)": 68370,
  "Average Latency (microseconds)": 53248
 },
 "Throughput (requests/second)": 299.8825262295022
}
