{
 "scalefactor": "20",
 "Current Timestamp (milliseconds)": 1706679922636,
 "Benchmark Type": "tpcc",
 "isolation": "TRANSACTION_SERIALIZABLE",
 "DBMS Version": "5.7.44",
 "Goodput (requests/second)": 225.68308753435994,
 "terminals": "16",
 "DBMS Type": "MYSQL",
 "Latency Distribution": {
  "95th Percentile Latency (microseconds)": 212049,
  "Maximum Latency (microseconds)": 742799,
  "Median Latency (microseconds)": 49122,
  "Minimum Latency (microseconds)": 531,
  "25th Percentile Latency (microseconds)": 19300,
  "90th Percentile Latency (microseconds)": 164248,
  "99th Percentile Latency (microseconds)": 328760,
  "75th Percentile Latency (microseconds)": 96779,
  "Average Latency (microseconds)": 70473
 },
 "Throughput (requests/second)": 226.69975309374223
}
