{
 "scalefactor": "20",
 "Current Timestamp (milliseconds)": 1706679770227,
 "Benchmark Type": "tpcc",
 "isolation": "TRANSACTION_SERIALIZABLE",
 "DBMS Version": "5.7.44",
 "Goodput (requests/second)": 230.93320593518138,
 "terminals": "16",
 "DBMS Type": "MYSQL",
 "Latency Distribution": {
  "95th Percentile Latency (microseconds)": 204253,
  "Maximum Latency (microseconds)": 992398,
  "Median Latency (microseconds)": 49167,
  "Minimum Latency (microseconds)": 527,
  "25th Percentile Latency (microseconds)": 19663,
  "90th Percentile Latency (microseconds)": 154468,
  "99th Percentile Latency (microseconds)": 335431,
  "75th Percentile Latency (microseconds)": 94147,
  "Average Latency (microseconds)": 69024
 },
 "Throughput (requests/second)": 231.61653889154272
}
