{
 "scalefactor": "20",
 "Current Timestamp (milliseconds)": 1706683741503,
 "Benchmark Type": "tpcc",
 "isolation": "TRANSACTION_SERIALIZABLE",
 "DBMS Version": "5.7.44",
 "Goodput (requests/second)": 263.699637606378,
 "terminals": "16",
 "DBMS Type": "MYSQL",
 "Latency Distribution": {
  "95th Percentile Latency (microseconds)": 185142,
  "Maximum Latency (microseconds)": 620269,
  "Median Latency (microseconds)": 41338,
  "Minimum Latency (microseconds)": 592,
  "25th Percentile Latency (microseconds)": 17459,
  "90th Percentile Latency (microseconds)": 138764,
  "99th Percentile Latency (microseconds)": 310229,
  "75th Percentile Latency (microseconds)": 79643,
  "Average Latency (microseconds)": 60437
 },
 "Throughput (requests/second)": 264.54963643825295
}
