{
 "scalefactor": "20",
 "Current Timestamp (milliseconds)": 1706677170214,
 "Benchmark Type": "tpcc",
 "isolation": "TRANSACTION_SERIALIZABLE",
 "DBMS Version": "5.7.44",
 "Goodput (requests/second)": 422.84996883595727,
 "terminals": "16",
 "DBMS Type": "MYSQL",
 "Latency Distribution": {
  "95th Percentile Latency (microseconds)": 109222,
  "Maximum Latency (microseconds)": 320489,
  "Median Latency (microseconds)": 26956,
  "Minimum Latency (microseconds)": 688,
  "25th Percentile Latency (microseconds)": 13335,
  "90th Percentile Latency (microseconds)": 83880,
  "99th Percentile Latency (microseconds)": 157600,
  "75th Percentile Latency (microseconds)": 50457,
  "Average Latency (microseconds)": 37640
 },
 "Throughput (requests/second)": 424.61663537242066
}
