{
 "scalefactor": "20",
 "Current Timestamp (milliseconds)": 1706681373881,
 "Benchmark Type": "tpcc",
 "isolation": "TRANSACTION_SERIALIZABLE",
 "DBMS Version": "5.7.44",
 "Goodput (requests/second)": 472.166616310097,
 "terminals": "16",
 "DBMS Type": "MYSQL",
 "Latency Distribution": {
  "95th Percentile Latency (microseconds)": 88932,
  "Maximum Latency (microseconds)": 307607,
  "Median Latency (microseconds)": 26404,
  "Minimum Latency (microseconds)": 566,
  "25th Percentile Latency (microseconds)": 12739,
  "90th Percentile Latency (microseconds)": 70384,
  "99th Percentile Latency (microseconds)": 138789,
  "75th Percentile Latency (microseconds)": 45604,
  "Average Latency (microseconds)": 33752
 },
 "Throughput (requests/second)": 473.74994947456787
}
