{
 "scalefactor": "20",
 "Current Timestamp (milliseconds)": 1706683820583,
 "Benchmark Type": "tpcc",
 "isolation": "TRANSACTION_SERIALIZABLE",
 "DBMS Version": "5.7.44",
 "Goodput (requests/second)": 203.9999171930336,
 "terminals": "16",
 "DBMS Type": "MYSQL",
 "Latency Distribution": {
  "95th Percentile Latency (microseconds)": 217355,
  "Maximum Latency (microseconds)": 743474,
  "Median Latency (microseconds)": 58478,
  "Minimum Latency (microseconds)": 653,
  "25th Percentile Latency (microseconds)": 25245,
  "90th Percentile Latency (microseconds)": 168502,
  "99th Percentile Latency (microseconds)": 339652,
  "75th Percentile Latency (microseconds)": 107807,
  "Average Latency (microseconds)": 78010
 },
 "Throughput (requests/second)": 204.8165835282018
}
