{
 "scalefactor": "20",
 "Current Timestamp (milliseconds)": 1706678058451,
 "Benchmark Type": "tpcc",
 "isolation": "TRANSACTION_SERIALIZABLE",
 "DBMS Version": "5.7.44",
 "Goodput (requests/second)": 379.2329877067089,
 "terminals": "16",
 "DBMS Type": "MYSQL",
 "Latency Distribution": {
  "95th Percentile Latency (microseconds)": 114001,
  "Maximum Latency (microseconds)": 601443,
  "Median Latency (microseconds)": 30851,
  "Minimum Latency (microseconds)": 513,
  "25th Percentile Latency (microseconds)": 16065,
  "90th Percentile Latency (microseconds)": 87916,
  "99th Percentile Latency (microseconds)": 193654,
  "75th Percentile Latency (microseconds)": 55186,
  "Average Latency (microseconds)": 41975
 },
 "Throughput (requests/second)": 380.8329862484969
}
