{
 "scalefactor": "20",
 "Current Timestamp (milliseconds)": 1706680248663,
 "Benchmark Type": "tpcc",
 "isolation": "TRANSACTION_SERIALIZABLE",
 "DBMS Version": "5.7.44",
 "Goodput (requests/second)": 440.2827098122977,
 "terminals": "16",
 "DBMS Type": "MYSQL",
 "Latency Distribution": {
  "95th Percentile Latency (microseconds)": 96270,
  "Maximum Latency (microseconds)": 675661,
  "Median Latency (microseconds)": 25326,
  "Minimum Latency (microseconds)": 574,
  "25th Percentile Latency (microseconds)": 12316,
  "90th Percentile Latency (microseconds)": 71764,
  "99th Percentile Latency (microseconds)": 221726,
  "75th Percentile Latency (microseconds)": 43688,
  "Average Latency (microseconds)": 36182
 },
 "Throughput (requests/second)": 441.9160408325349
}
