{
 "scalefactor": "20",
 "Current Timestamp (milliseconds)": 1706682303886,
 "Benchmark Type": "tpcc",
 "isolation": "TRANSACTION_SERIALIZABLE",
 "DBMS Version": "5.7.44",
 "Goodput (requests/second)": 384.8829783685918,
 "terminals": "16",
 "DBMS Type": "MYSQL",
 "Latency Distribution": {
  "95th Percentile Latency (microseconds)": 116008,
  "Maximum Latency (microseconds)": 477916,
  "Median Latency (microseconds)": 30574,
  "Minimum Latency (microseconds)": 533,
  "25th Percentile Latency (microseconds)": 13010,
  "90th Percentile Latency (microseconds)": 90270,
  "99th Percentile Latency (microseconds)": 181061,
  "75th Percentile Latency (microseconds)": 57422,
  "Average Latency (microseconds)": 41358
 },
 "Throughput (requests/second)": 386.69964335980893
}
