{
 "scalefactor": "20",
 "Current Timestamp (milliseconds)": 1706676614101,
 "Benchmark Type": "tpcc",
 "isolation": "TRANSACTION_SERIALIZABLE",
 "DBMS Version": "5.7.44",
 "Goodput (requests/second)": 240.56642898302542,
 "terminals": "16",
 "DBMS Type": "MYSQL",
 "Latency Distribution": {
  "95th Percentile Latency (microseconds)": 197549,
  "Maximum Latency (microseconds)": 954506,
  "Median Latency (microseconds)": 45174,
  "Minimum Latency (microseconds)": 587,
  "25th Percentile Latency (microseconds)": 19664,
  "90th Percentile Latency (microseconds)": 145109,
  "99th Percentile Latency (microseconds)": 369503,
  "75th Percentile Latency (microseconds)": 87057,
  "Average Latency (microseconds)": 66277
 },
 "Throughput (requests/second)": 241.28309494161414
}
