{
 "scalefactor": "20",
 "Current Timestamp (milliseconds)": 1706677975370,
 "Benchmark Type": "tpcc",
 "isolation": "TRANSACTION_SERIALIZABLE",
 "DBMS Version": "5.7.44",
 "Goodput (requests/second)": 384.2329161780601,
 "terminals": "16",
 "DBMS Type": "MYSQL",
 "Latency Distribution": {
  "95th Percentile Latency (microseconds)": 116131,
  "Maximum Latency (microseconds)": 583761,
  "Median Latency (microseconds)": 28951,
  "Minimum Latency (microseconds)": 549,
  "25th Percentile Latency (microseconds)": 15517,
  "90th Percentile Latency (microseconds)": 85743,
  "99th Percentile Latency (microseconds)": 211302,
  "75th Percentile Latency (microseconds)": 53230,
  "Average Latency (microseconds)": 41420
 },
 "Throughput (requests/second)": 385.7829144952528
}
