{
 "scalefactor": "20",
 "Current Timestamp (milliseconds)": 1706678681933,
 "Benchmark Type": "tpcc",
 "isolation": "TRANSACTION_SERIALIZABLE",
 "DBMS Version": "5.7.44",
 "Goodput (requests/second)": 394.4160331622078,
 "terminals": "16",
 "DBMS Type": "MYSQL",
 "Latency Distribution": {
  "95th Percentile Latency (microseconds)": 112361,
  "Maximum Latency (microseconds)": 703717,
  "Median Latency (microseconds)": 30041,
  "Minimum Latency (microseconds)": 529,
  "25th Percentile Latency (microseconds)": 13466,
  "90th Percentile Latency (microseconds)": 86685,
  "99th Percentile Latency (microseconds)": 179996,
  "75th Percentile Latency (microseconds)": 54811,
  "Average Latency (microseconds)": 40368
 },
 "Throughput (requests/second)": 396.1326970715975
}
