{
 "scalefactor": "20",
 "Current Timestamp (milliseconds)": 1706681687204,
 "Benchmark Type": "tpcc",
 "isolation": "TRANSACTION_SERIALIZABLE",
 "DBMS Version": "5.7.44",
 "Goodput (requests/second)": 321.9329661902476,
 "terminals": "16",
 "DBMS Type": "MYSQL",
 "Latency Distribution": {
  "95th Percentile Latency (microseconds)": 131557,
  "Maximum Latency (microseconds)": 491640,
  "Median Latency (microseconds)": 38746,
  "Minimum Latency (microseconds)": 510,
  "25th Percentile Latency (microseconds)": 16547,
  "90th Percentile Latency (microseconds)": 105297,
  "99th Percentile Latency (microseconds)": 194864,
  "75th Percentile Latency (microseconds)": 69825,
  "Average Latency (microseconds)": 49501
 },
 "Throughput (requests/second)": 323.0829648787507
}
