{
 "scalefactor": "20",
 "Current Timestamp (milliseconds)": 1706680406950,
 "Benchmark Type": "tpcc",
 "isolation": "TRANSACTION_SERIALIZABLE",
 "DBMS Version": "5.7.44",
 "Goodput (requests/second)": 452.9831523892131,
 "terminals": "16",
 "DBMS Type": "MYSQL",
 "Latency Distribution": {
  "95th Percentile Latency (microseconds)": 98895,
  "Maximum Latency (microseconds)": 317321,
  "Median Latency (microseconds)": 26674,
  "Minimum Latency (microseconds)": 572,
  "25th Percentile Latency (microseconds)": 12858,
  "90th Percentile Latency (microseconds)": 75238,
  "99th Percentile Latency (microseconds)": 152019,
  "75th Percentile Latency (microseconds)": 46317,
  "Average Latency (microseconds)": 35185
 },
 "Throughput (requests/second)": 454.53315177006584
}
