{
 "scalefactor": "20",
 "Current Timestamp (milliseconds)": 1706677645166,
 "Benchmark Type": "tpcc",
 "isolation": "TRANSACTION_SERIALIZABLE",
 "DBMS Version": "5.7.44",
 "Goodput (requests/second)": 308.71629905244305,
 "terminals": "16",
 "DBMS Type": "MYSQL",
 "Latency Distribution": {
  "95th Percentile Latency (microseconds)": 140018,
  "Maximum Latency (microseconds)": 920338,
  "Median Latency (microseconds)": 37504,
  "Minimum Latency (microseconds)": 480,
  "25th Percentile Latency (microseconds)": 17776,
  "90th Percentile Latency (microseconds)": 107682,
  "99th Percentile Latency (microseconds)": 245336,
  "75th Percentile Latency (microseconds)": 68454,
  "Average Latency (microseconds)": 51573
 },
 "Throughput (requests/second)": 310.0329641512468
}
