{
 "scalefactor": "20",
 "Current Timestamp (milliseconds)": 1706677324605,
 "Benchmark Type": "tpcc",
 "isolation": "TRANSACTION_SERIALIZABLE",
 "DBMS Version": "5.7.44",
 "Goodput (requests/second)": 411.9995685746518,
 "terminals": "16",
 "DBMS Type": "MYSQL",
 "Latency Distribution": {
  "95th Percentile Latency (microseconds)": 109984,
  "Maximum Latency (microseconds)": 385995,
  "Median Latency (microseconds)": 27903,
  "Minimum Latency (microseconds)": 582,
  "25th Percentile Latency (microseconds)": 13710,
  "90th Percentile Latency (microseconds)": 84891,
  "99th Percentile Latency (microseconds)": 159493,
  "75th Percentile Latency (microseconds)": 51156,
  "Average Latency (microseconds)": 38623
 },
 "Throughput (requests/second)": 413.732900092927
}
