{
 "scalefactor": "20",
 "Current Timestamp (milliseconds)": 1706681994457,
 "Benchmark Type": "tpcc",
 "isolation": "TRANSACTION_SERIALIZABLE",
 "DBMS Version": "5.7.44",
 "Goodput (requests/second)": 306.8997856969947,
 "terminals": "16",
 "DBMS Type": "MYSQL",
 "Latency Distribution": {
  "95th Percentile Latency (microseconds)": 147842,
  "Maximum Latency (microseconds)": 453343,
  "Median Latency (microseconds)": 38221,
  "Minimum Latency (microseconds)": 519,
  "25th Percentile Latency (microseconds)": 15913,
  "90th Percentile Latency (microseconds)": 115723,
  "99th Percentile Latency (microseconds)": 220751,
  "75th Percentile Latency (microseconds)": 72372,
  "Average Latency (microseconds)": 51932
 },
 "Throughput (requests/second)": 307.8831183436832
}
