{
 "scalefactor": "20",
 "Current Timestamp (milliseconds)": 1706678291809,
 "Benchmark Type": "tpcc",
 "isolation": "TRANSACTION_SERIALIZABLE",
 "DBMS Version": "5.7.44",
 "Goodput (requests/second)": 112.78318176025593,
 "terminals": "16",
 "DBMS Type": "MYSQL",
 "Latency Distribution": {
  "95th Percentile Latency (microseconds)": 380864,
  "Maximum Latency (microseconds)": 1263389,
  "Median Latency (microseconds)": 105773,
  "Minimum Latency (microseconds)": 754,
  "25th Percentile Latency (microseconds)": 46802,
  "90th Percentile Latency (microseconds)": 303889,
  "99th Percentile Latency (microseconds)": 667064,
  "75th Percentile Latency (microseconds)": 193695,
  "Average Latency (microseconds)": 141173
 },
 "Throughput (requests/second)": 113.01651478000524
}
