{
 "scalefactor": "20",
 "Current Timestamp (milliseconds)": 1706677893312,
 "Benchmark Type": "tpcc",
 "isolation": "TRANSACTION_SERIALIZABLE",
 "DBMS Version": "5.7.44",
 "Goodput (requests/second)": 371.4832249964421,
 "terminals": "16",
 "DBMS Type": "MYSQL",
 "Latency Distribution": {
  "95th Percentile Latency (microseconds)": 121300,
  "Maximum Latency (microseconds)": 561335,
  "Median Latency (microseconds)": 29112,
  "Minimum Latency (microseconds)": 544,
  "25th Percentile Latency (microseconds)": 15710,
  "90th Percentile Latency (microseconds)": 87884,
  "99th Percentile Latency (microseconds)": 240902,
  "75th Percentile Latency (microseconds)": 54281,
  "Average Latency (microseconds)": 42847
 },
 "Throughput (requests/second)": 373.03322454441064
}
