{
 "scalefactor": "20",
 "Current Timestamp (milliseconds)": 1706676301785,
 "Benchmark Type": "tpcc",
 "isolation": "TRANSACTION_SERIALIZABLE",
 "DBMS Version": "5.7.44",
 "Goodput (requests/second)": 281.2663190918128,
 "terminals": "16",
 "DBMS Type": "MYSQL",
 "Latency Distribution": {
  "95th Percentile Latency (microseconds)": 152496,
  "Maximum Latency (microseconds)": 537634,
  "Median Latency (microseconds)": 44275,
  "Minimum Latency (microseconds)": 537,
  "25th Percentile Latency (microseconds)": 18109,
  "90th Percentile Latency (microseconds)": 122560,
  "99th Percentile Latency (microseconds)": 227854,
  "75th Percentile Latency (microseconds)": 80202,
  "Average Latency (microseconds)": 56650
 },
 "Throughput (requests/second)": 282.2329845639226
}
