{
 "scalefactor": "20",
 "Current Timestamp (milliseconds)": 1706679614003,
 "Benchmark Type": "tpcc",
 "isolation": "TRANSACTION_SERIALIZABLE",
 "DBMS Version": "5.7.44",
 "Goodput (requests/second)": 322.3165027955847,
 "terminals": "16",
 "DBMS Type": "MYSQL",
 "Latency Distribution": {
  "95th Percentile Latency (microseconds)": 130123,
  "Maximum Latency (microseconds)": 460903,
  "Median Latency (microseconds)": 39370,
  "Minimum Latency (microseconds)": 487,
  "25th Percentile Latency (microseconds)": 17337,
  "90th Percentile Latency (microseconds)": 104508,
  "99th Percentile Latency (microseconds)": 195847,
  "75th Percentile Latency (microseconds)": 69172,
  "Average Latency (microseconds)": 49425
 },
 "Throughput (requests/second)": 323.4498355527127
}
