{
 "scalefactor": "20",
 "Current Timestamp (milliseconds)": 1706680884596,
 "Benchmark Type": "tpcc",
 "isolation": "TRANSACTION_SERIALIZABLE",
 "DBMS Version": "5.7.44",
 "Goodput (requests/second)": 411.84981566288667,
 "terminals": "16",
 "DBMS Type": "MYSQL",
 "Latency Distribution": {
  "95th Percentile Latency (microseconds)": 102865,
  "Maximum Latency (microseconds)": 509724,
  "Median Latency (microseconds)": 29059,
  "Minimum Latency (microseconds)": 529,
  "25th Percentile Latency (microseconds)": 12900,
  "90th Percentile Latency (microseconds)": 80811,
  "99th Percentile Latency (microseconds)": 167326,
  "75th Percentile Latency (microseconds)": 52631,
  "Average Latency (microseconds)": 38660
 },
 "Throughput (requests/second)": 413.4998149243745
}
