{
 "scalefactor": "20",
 "Current Timestamp (milliseconds)": 1706679533903,
 "Benchmark Type": "tpcc",
 "isolation": "TRANSACTION_SERIALIZABLE",
 "DBMS Version": "5.7.44",
 "Goodput (requests/second)": 232.53316171223332,
 "terminals": "16",
 "DBMS Type": "MYSQL",
 "Latency Distribution": {
  "95th Percentile Latency (microseconds)": 209002,
  "Maximum Latency (microseconds)": 1825736,
  "Median Latency (microseconds)": 42039,
  "Minimum Latency (microseconds)": 450,
  "25th Percentile Latency (microseconds)": 17515,
  "90th Percentile Latency (microseconds)": 140035,
  "99th Percentile Latency (microseconds)": 521835,
  "75th Percentile Latency (microseconds)": 80921,
  "Average Latency (microseconds)": 68475
 },
 "Throughput (requests/second)": 233.3831610848913
}
