{
 "scalefactor": "20",
 "Current Timestamp (milliseconds)": 1706676536058,
 "Benchmark Type": "tpcc",
 "isolation": "TRANSACTION_SERIALIZABLE",
 "DBMS Version": "5.7.44",
 "Goodput (requests/second)": 244.1495974502129,
 "terminals": "16",
 "DBMS Type": "MYSQL",
 "Latency Distribution": {
  "95th Percentile Latency (microseconds)": 196847,
  "Maximum Latency (microseconds)": 868000,
  "Median Latency (microseconds)": 44510,
  "Minimum Latency (microseconds)": 569,
  "25th Percentile Latency (microseconds)": 18862,
  "90th Percentile Latency (microseconds)": 146330,
  "99th Percentile Latency (microseconds)": 334996,
  "75th Percentile Latency (microseconds)": 87389,
  "Average Latency (microseconds)": 65224
 },
 "Throughput (requests/second)": 245.01626268793635
}
