{
 "scalefactor": "20",
 "Current Timestamp (milliseconds)": 1706683267943,
 "Benchmark Type": "tpcc",
 "isolation": "TRANSACTION_SERIALIZABLE",
 "DBMS Version": "5.7.44",
 "Goodput (requests/second)": 253.5831940189529,
 "terminals": "16",
 "DBMS Type": "MYSQL",
 "Latency Distribution": {
  "95th Percentile Latency (microseconds)": 191817,
  "Maximum Latency (microseconds)": 784250,
  "Median Latency (microseconds)": 43626,
  "Minimum Latency (microseconds)": 689,
  "25th Percentile Latency (microseconds)": 19283,
  "90th Percentile Latency (microseconds)": 143624,
  "99th Percentile Latency (microseconds)": 300660,
  "75th Percentile Latency (microseconds)": 83303,
  "Average Latency (microseconds)": 62846
 },
 "Throughput (requests/second)": 254.31652694940536
}
