{
 "scalefactor": "20",
 "Current Timestamp (milliseconds)": 1706677401849,
 "Benchmark Type": "tpcc",
 "isolation": "TRANSACTION_SERIALIZABLE",
 "DBMS Version": "5.7.44",
 "Goodput (requests/second)": 231.84982781672537,
 "terminals": "16",
 "DBMS Type": "MYSQL",
 "Latency Distribution": {
  "95th Percentile Latency (microseconds)": 200970,
  "Maximum Latency (microseconds)": 867804,
  "Median Latency (microseconds)": 48535,
  "Minimum Latency (microseconds)": 564,
  "25th Percentile Latency (microseconds)": 17594,
  "90th Percentile Latency (microseconds)": 156694,
  "99th Percentile Latency (microseconds)": 319692,
  "75th Percentile Latency (microseconds)": 97991,
  "Average Latency (microseconds)": 68680
 },
 "Throughput (requests/second)": 232.83316041978676
}
