{
 "scalefactor": "20",
 "Current Timestamp (milliseconds)": 1706676148779,
 "Benchmark Type": "tpcc",
 "isolation": "TRANSACTION_SERIALIZABLE",
 "DBMS Version": "5.7.44",
 "Goodput (requests/second)": 293.6498046837266,
 "terminals": "16",
 "DBMS Type": "MYSQL",
 "Latency Distribution": {
  "95th Percentile Latency (microseconds)": 146904,
  "Maximum Latency (microseconds)": 496441,
  "Median Latency (microseconds)": 42088,
  "Minimum Latency (microseconds)": 448,
  "25th Percentile Latency (microseconds)": 17776,
  "90th Percentile Latency (microseconds)": 116890,
  "99th Percentile Latency (microseconds)": 220817,
  "75th Percentile Latency (microseconds)": 76482,
  "Average Latency (microseconds)": 54216
 },
 "Throughput (requests/second)": 294.8998038523104
}
