{
 "scalefactor": "20",
 "Current Timestamp (milliseconds)": 1706676457990,
 "Benchmark Type": "tpcc",
 "isolation": "TRANSACTION_SERIALIZABLE",
 "DBMS Version": "5.7.44",
 "Goodput (requests/second)": 242.14973537473332,
 "terminals": "16",
 "DBMS Type": "MYSQL",
 "Latency Distribution": {
  "95th Percentile Latency (microseconds)": 204967,
  "Maximum Latency (microseconds)": 989955,
  "Median Latency (microseconds)": 43419,
  "Minimum Latency (microseconds)": 559,
  "25th Percentile Latency (microseconds)": 18496,
  "90th Percentile Latency (microseconds)": 150090,
  "99th Percentile Latency (microseconds)": 347251,
  "75th Percentile Latency (microseconds)": 86201,
  "Average Latency (microseconds)": 65807
 },
 "Throughput (requests/second)": 242.89973455512177
}
