{
 "scalefactor": "20",
 "Current Timestamp (milliseconds)": 1706680645336,
 "Benchmark Type": "tpcc",
 "isolation": "TRANSACTION_SERIALIZABLE",
 "DBMS Version": "5.7.44",
 "Goodput (requests/second)": 431.81616627089625,
 "terminals": "16",
 "DBMS Type": "MYSQL",
 "Latency Distribution": {
  "95th Percentile Latency (microseconds)": 105888,
  "Maximum Latency (microseconds)": 410594,
  "Median Latency (microseconds)": 27291,
  "Minimum Latency (microseconds)": 525,
  "25th Percentile Latency (microseconds)": 13262,
  "90th Percentile Latency (microseconds)": 79125,
  "99th Percentile Latency (microseconds)": 164984,
  "75th Percentile Latency (microseconds)": 48016,
  "Average Latency (microseconds)": 36895
 },
 "Throughput (requests/second)": 433.46616435885096
}
