{
 "scalefactor": "20",
 "Current Timestamp (milliseconds)": 1706677247368,
 "Benchmark Type": "tpcc",
 "isolation": "TRANSACTION_SERIALIZABLE",
 "DBMS Version": "5.7.44",
 "Goodput (requests/second)": 425.8330355057083,
 "terminals": "16",
 "DBMS Type": "MYSQL",
 "Latency Distribution": {
  "95th Percentile Latency (microseconds)": 106957,
  "Maximum Latency (microseconds)": 316049,
  "Median Latency (microseconds)": 27030,
  "Minimum Latency (microseconds)": 527,
  "25th Percentile Latency (microseconds)": 13509,
  "90th Percentile Latency (microseconds)": 84703,
  "99th Percentile Latency (microseconds)": 156194,
  "75th Percentile Latency (microseconds)": 49782,
  "Average Latency (microseconds)": 37425
 },
 "Throughput (requests/second)": 427.349701111619
}
