{
 "scalefactor": "20",
 "Current Timestamp (milliseconds)": 1706680962199,
 "Benchmark Type": "tpcc",
 "isolation": "TRANSACTION_SERIALIZABLE",
 "DBMS Version": "5.7.44",
 "Goodput (requests/second)": 351.76657968651705,
 "terminals": "16",
 "DBMS Type": "MYSQL",
 "Latency Distribution": {
  "95th Percentile Latency (microseconds)": 126197,
  "Maximum Latency (microseconds)": 1490498,
  "Median Latency (microseconds)": 30459,
  "Minimum Latency (microseconds)": 521,
  "25th Percentile Latency (microseconds)": 16718,
  "90th Percentile Latency (microseconds)": 89483,
  "99th Percentile Latency (microseconds)": 249190,
  "75th Percentile Latency (microseconds)": 55865,
  "Average Latency (microseconds)": 45254
 },
 "Throughput (requests/second)": 353.16657934034384
}
