{
 "scalefactor": "20",
 "Current Timestamp (milliseconds)": 1706682226812,
 "Benchmark Type": "tpcc",
 "isolation": "TRANSACTION_SERIALIZABLE",
 "DBMS Version": "5.7.44",
 "Goodput (requests/second)": 381.1163623007878,
 "terminals": "16",
 "DBMS Type": "MYSQL",
 "Latency Distribution": {
  "95th Percentile Latency (microseconds)": 117065,
  "Maximum Latency (microseconds)": 533858,
  "Median Latency (microseconds)": 31416,
  "Minimum Latency (microseconds)": 523,
  "25th Percentile Latency (microseconds)": 13268,
  "90th Percentile Latency (microseconds)": 91201,
  "99th Percentile Latency (microseconds)": 176281,
  "75th Percentile Latency (microseconds)": 57725,
  "Average Latency (microseconds)": 41805
 },
 "Throughput (requests/second)": 382.53302783608177
}
