{
 "scalefactor": "20",
 "Current Timestamp (milliseconds)": 1706682794119,
 "Benchmark Type": "tpcc",
 "isolation": "TRANSACTION_SERIALIZABLE",
 "DBMS Version": "5.7.44",
 "Goodput (requests/second)": 406.06651956906995,
 "terminals": "16",
 "DBMS Type": "MYSQL",
 "Latency Distribution": {
  "95th Percentile Latency (microseconds)": 109813,
  "Maximum Latency (microseconds)": 598138,
  "Median Latency (microseconds)": 28284,
  "Minimum Latency (microseconds)": 562,
  "25th Percentile Latency (microseconds)": 14909,
  "90th Percentile Latency (microseconds)": 82843,
  "99th Percentile Latency (microseconds)": 190517,
  "75th Percentile Latency (microseconds)": 50683,
  "Average Latency (microseconds)": 39255
 },
 "Throughput (requests/second)": 407.2998524556284
}
