{
 "scalefactor": "20",
 "Current Timestamp (milliseconds)": 1706677564109,
 "Benchmark Type": "tpcc",
 "isolation": "TRANSACTION_SERIALIZABLE",
 "DBMS Version": "5.7.44",
 "Goodput (requests/second)": 230.6158182080099,
 "terminals": "16",
 "DBMS Type": "MYSQL",
 "Latency Distribution": {
  "95th Percentile Latency (microseconds)": 197993,
  "Maximum Latency (microseconds)": 1039095,
  "Median Latency (microseconds)": 49416,
  "Minimum Latency (microseconds)": 521,
  "25th Percentile Latency (microseconds)": 19288,
  "90th Percentile Latency (microseconds)": 152977,
  "99th Percentile Latency (microseconds)": 312290,
  "75th Percentile Latency (microseconds)": 95960,
  "Average Latency (microseconds)": 69033
 },
 "Throughput (requests/second)": 231.36581544869506
}
