{
 "scalefactor": "20",
 "Current Timestamp (milliseconds)": 1706680725374,
 "Benchmark Type": "tpcc",
 "isolation": "TRANSACTION_SERIALIZABLE",
 "DBMS Version": "5.7.44",
 "Goodput (requests/second)": 349.3162193090285,
 "terminals": "16",
 "DBMS Type": "MYSQL",
 "Latency Distribution": {
  "95th Percentile Latency (microseconds)": 127566,
  "Maximum Latency (microseconds)": 924328,
  "Median Latency (microseconds)": 31795,
  "Minimum Latency (microseconds)": 579,
  "25th Percentile Latency (microseconds)": 14389,
  "90th Percentile Latency (microseconds)": 95906,
  "99th Percentile Latency (microseconds)": 237534,
  "75th Percentile Latency (microseconds)": 58696,
  "Average Latency (microseconds)": 45596
 },
 "Throughput (requests/second)": 350.71621751609746
}
