{
 "scalefactor": "20",
 "Current Timestamp (milliseconds)": 1706681133455,
 "Benchmark Type": "tpcc",
 "isolation": "TRANSACTION_SERIALIZABLE",
 "DBMS Version": "5.7.44",
 "Goodput (requests/second)": 392.0164372455804,
 "terminals": "16",
 "DBMS Type": "MYSQL",
 "Latency Distribution": {
  "95th Percentile Latency (microseconds)": 109531,
  "Maximum Latency (microseconds)": 528883,
  "Median Latency (microseconds)": 29979,
  "Minimum Latency (microseconds)": 477,
  "25th Percentile Latency (microseconds)": 15379,
  "90th Percentile Latency (microseconds)": 83797,
  "99th Percentile Latency (microseconds)": 189209,
  "75th Percentile Latency (microseconds)": 53750,
  "Average Latency (microseconds)": 40635
 },
 "Throughput (requests/second)": 393.31643648477746
}
