{
 "scalefactor": "20",
 "Current Timestamp (milliseconds)": 1706677012918,
 "Benchmark Type": "tpcc",
 "isolation": "TRANSACTION_SERIALIZABLE",
 "DBMS Version": "5.7.44",
 "Goodput (requests/second)": 250.98321980107386,
 "terminals": "16",
 "DBMS Type": "MYSQL",
 "Latency Distribution": {
  "95th Percentile Latency (microseconds)": 174940,
  "Maximum Latency (microseconds)": 737224,
  "Median Latency (microseconds)": 47607,
  "Minimum Latency (microseconds)": 528,
  "25th Percentile Latency (microseconds)": 21387,
  "90th Percentile Latency (microseconds)": 135676,
  "99th Percentile Latency (microseconds)": 282953,
  "75th Percentile Latency (microseconds)": 86875,
  "Average Latency (microseconds)": 63410
 },
 "Throughput (requests/second)": 251.88321939395902
}
