{
 "scalefactor": "20",
 "Current Timestamp (milliseconds)": 1706678446699,
 "Benchmark Type": "tpcc",
 "isolation": "TRANSACTION_SERIALIZABLE",
 "DBMS Version": "5.7.44",
 "Goodput (requests/second)": 443.98277151013457,
 "terminals": "16",
 "DBMS Type": "MYSQL",
 "Latency Distribution": {
  "95th Percentile Latency (microseconds)": 104554,
  "Maximum Latency (microseconds)": 361986,
  "Median Latency (microseconds)": 25263,
  "Minimum Latency (microseconds)": 586,
  "25th Percentile Latency (microseconds)": 12186,
  "90th Percentile Latency (microseconds)": 78127,
  "99th Percentile Latency (microseconds)": 168791,
  "75th Percentile Latency (microseconds)": 47530,
  "Average Latency (microseconds)": 35880
 },
 "Throughput (requests/second)": 445.5327695487412
}
