{
 "scalefactor": "20",
 "Current Timestamp (milliseconds)": 1706683505234,
 "Benchmark Type": "tpcc",
 "isolation": "TRANSACTION_SERIALIZABLE",
 "DBMS Version": "5.7.44",
 "Goodput (requests/second)": 261.9162799603751,
 "terminals": "16",
 "DBMS Type": "MYSQL",
 "Latency Distribution": {
  "95th Percentile Latency (microseconds)": 185059,
  "Maximum Latency (microseconds)": 890839,
  "Median Latency (microseconds)": 42035,
  "Minimum Latency (microseconds)": 619,
  "25th Percentile Latency (microseconds)": 18022,
  "90th Percentile Latency (microseconds)": 138095,
  "99th Percentile Latency (microseconds)": 308843,
  "75th Percentile Latency (microseconds)": 80284,
  "Average Latency (microseconds)": 60858
 },
 "Throughput (requests/second)": 262.7829453474537
}
