{
 "scalefactor": "20",
 "Current Timestamp (milliseconds)": 1706681915423,
 "Benchmark Type": "tpcc",
 "isolation": "TRANSACTION_SERIALIZABLE",
 "DBMS Version": "5.7.44",
 "Goodput (requests/second)": 281.76645792468247,
 "terminals": "16",
 "DBMS Type": "MYSQL",
 "Latency Distribution": {
  "95th Percentile Latency (microseconds)": 157940,
  "Maximum Latency (microseconds)": 692436,
  "Median Latency (microseconds)": 41834,
  "Minimum Latency (microseconds)": 567,
  "25th Percentile Latency (microseconds)": 16873,
  "90th Percentile Latency (microseconds)": 124319,
  "99th Percentile Latency (microseconds)": 258865,
  "75th Percentile Latency (microseconds)": 78288,
  "Average Latency (microseconds)": 56574
 },
 "Throughput (requests/second)": 282.633123949294
}
