{
 "scalefactor": "20",
 "Current Timestamp (milliseconds)": 1706680327806,
 "Benchmark Type": "tpcc",
 "isolation": "TRANSACTION_SERIALIZABLE",
 "DBMS Version": "5.7.44",
 "Goodput (requests/second)": 466.28294772510696,
 "terminals": "16",
 "DBMS Type": "MYSQL",
 "Latency Distribution": {
  "95th Percentile Latency (microseconds)": 93676,
  "Maximum Latency (microseconds)": 781257,
  "Median Latency (microseconds)": 25442,
  "Minimum Latency (microseconds)": 612,
  "25th Percentile Latency (microseconds)": 12623,
  "90th Percentile Latency (microseconds)": 71234,
  "99th Percentile Latency (microseconds)": 147645,
  "75th Percentile Latency (microseconds)": 44033,
  "Average Latency (microseconds)": 34159
 },
 "Throughput (requests/second)": 468.13294619518905
}
