{
 "scalefactor": "20",
 "Current Timestamp (milliseconds)": 1706678600943,
 "Benchmark Type": "tpcc",
 "isolation": "TRANSACTION_SERIALIZABLE",
 "DBMS Version": "5.7.44",
 "Goodput (requests/second)": 397.70386115912277,
 "terminals": "16",
 "DBMS Type": "MYSQL",
 "Latency Distribution": {
  "95th Percentile Latency (microseconds)": 111307,
  "Maximum Latency (microseconds)": 649111,
  "Median Latency (microseconds)": 29176,
  "Minimum Latency (microseconds)": 492,
  "25th Percentile Latency (microseconds)": 13444,
  "90th Percentile Latency (microseconds)": 86722,
  "99th Percentile Latency (microseconds)": 184102,
  "75th Percentile Latency (microseconds)": 54184,
  "Average Latency (microseconds)": 40049
 },
 "Throughput (requests/second)": 399.27047738294027
}
