{
 "scalefactor": "20",
 "Current Timestamp (milliseconds)": 1706678843049,
 "Benchmark Type": "tpcc",
 "isolation": "TRANSACTION_SERIALIZABLE",
 "DBMS Version": "5.7.44",
 "Goodput (requests/second)": 380.1160451896033,
 "terminals": "16",
 "DBMS Type": "MYSQL",
 "Latency Distribution": {
  "95th Percentile Latency (microseconds)": 112988,
  "Maximum Latency (microseconds)": 489766,
  "Median Latency (microseconds)": 31798,
  "Minimum Latency (microseconds)": 529,
  "25th Percentile Latency (microseconds)": 14120,
  "90th Percentile Latency (microseconds)": 89036,
  "99th Percentile Latency (microseconds)": 185693,
  "75th Percentile Latency (microseconds)": 57095,
  "Average Latency (microseconds)": 41922
 },
 "Throughput (requests/second)": 381.31604322764656
}
