{
 "scalefactor": "20",
 "Current Timestamp (milliseconds)": 1706681450954,
 "Benchmark Type": "tpcc",
 "isolation": "TRANSACTION_SERIALIZABLE",
 "DBMS Version": "5.7.44",
 "Goodput (requests/second)": 381.59953274409213,
 "terminals": "16",
 "DBMS Type": "MYSQL",
 "Latency Distribution": {
  "95th Percentile Latency (microseconds)": 115997,
  "Maximum Latency (microseconds)": 602300,
  "Median Latency (microseconds)": 30023,
  "Minimum Latency (microseconds)": 486,
  "25th Percentile Latency (microseconds)": 14278,
  "90th Percentile Latency (microseconds)": 86540,
  "99th Percentile Latency (microseconds)": 221602,
  "75th Percentile Latency (microseconds)": 54078,
  "Average Latency (microseconds)": 41753
 },
 "Throughput (requests/second)": 382.9661977373231
}
