{
 "scalefactor": "20",
 "Current Timestamp (milliseconds)": 1706681763294,
 "Benchmark Type": "tpcc",
 "isolation": "TRANSACTION_SERIALIZABLE",
 "DBMS Version": "5.7.44",
 "Goodput (requests/second)": 341.7165254978747,
 "terminals": "16",
 "DBMS Type": "MYSQL",
 "Latency Distribution": {
  "95th Percentile Latency (microseconds)": 125958,
  "Maximum Latency (microseconds)": 622779,
  "Median Latency (microseconds)": 36220,
  "Minimum Latency (microseconds)": 540,
  "25th Percentile Latency (microseconds)": 15682,
  "90th Percentile Latency (microseconds)": 100675,
  "99th Percentile Latency (microseconds)": 185578,
  "75th Percentile Latency (microseconds)": 65563,
  "Average Latency (microseconds)": 46639
 },
 "Throughput (requests/second)": 342.88319168257215
}
