{
 "scalefactor": "20",
 "Current Timestamp (milliseconds)": 1706682877406,
 "Benchmark Type": "tpcc",
 "isolation": "TRANSACTION_SERIALIZABLE",
 "DBMS Version": "5.7.44",
 "Goodput (requests/second)": 268.6998938142803,
 "terminals": "16",
 "DBMS Type": "MYSQL",
 "Latency Distribution": {
  "95th Percentile Latency (microseconds)": 136817,
  "Maximum Latency (microseconds)": 4146452,
  "Median Latency (microseconds)": 31910,
  "Minimum Latency (microseconds)": 610,
  "25th Percentile Latency (microseconds)": 14303,
  "90th Percentile Latency (microseconds)": 99884,
  "99th Percentile Latency (microseconds)": 746525,
  "75th Percentile Latency (microseconds)": 60398,
  "Average Latency (microseconds)": 59270
 },
 "Throughput (requests/second)": 269.7832267194985
}
