{
 "scalefactor": "20",
 "Current Timestamp (milliseconds)": 1706680487091,
 "Benchmark Type": "tpcc",
 "isolation": "TRANSACTION_SERIALIZABLE",
 "DBMS Version": "5.7.44",
 "Goodput (requests/second)": 436.58248524275024,
 "terminals": "16",
 "DBMS Type": "MYSQL",
 "Latency Distribution": {
  "95th Percentile Latency (microseconds)": 102181,
  "Maximum Latency (microseconds)": 397735,
  "Median Latency (microseconds)": 27667,
  "Minimum Latency (microseconds)": 632,
  "25th Percentile Latency (microseconds)": 13309,
  "90th Percentile Latency (microseconds)": 77488,
  "99th Percentile Latency (microseconds)": 161363,
  "75th Percentile Latency (microseconds)": 47776,
  "Average Latency (microseconds)": 36464
 },
 "Throughput (requests/second)": 438.5324814547526
}
