{
 "scalefactor": "20",
 "Current Timestamp (milliseconds)": 1706679456862,
 "Benchmark Type": "tpcc",
 "isolation": "TRANSACTION_SERIALIZABLE",
 "DBMS Version": "5.7.44",
 "Goodput (requests/second)": 329.64998538002317,
 "terminals": "16",
 "DBMS Type": "MYSQL",
 "Latency Distribution": {
  "95th Percentile Latency (microseconds)": 142677,
  "Maximum Latency (microseconds)": 1093206,
  "Median Latency (microseconds)": 34082,
  "Minimum Latency (microseconds)": 556,
  "25th Percentile Latency (microseconds)": 14479,
  "90th Percentile Latency (microseconds)": 104837,
  "99th Percentile Latency (microseconds)": 229918,
  "75th Percentile Latency (microseconds)": 64486,
  "Average Latency (microseconds)": 48296
 },
 "Throughput (requests/second)": 330.83331866087565
}
