{
 "scalefactor": "20",
 "Current Timestamp (milliseconds)": 1706676773364,
 "Benchmark Type": "tpcc",
 "isolation": "TRANSACTION_SERIALIZABLE",
 "DBMS Version": "5.7.44",
 "Goodput (requests/second)": 298.4497110210931,
 "terminals": "16",
 "DBMS Type": "MYSQL",
 "Latency Distribution": {
  "95th Percentile Latency (microseconds)": 162943,
  "Maximum Latency (microseconds)": 971875,
  "Median Latency (microseconds)": 35710,
  "Minimum Latency (microseconds)": 484,
  "25th Percentile Latency (microseconds)": 15713,
  "90th Percentile Latency (microseconds)": 118553,
  "99th Percentile Latency (microseconds)": 274498,
  "75th Percentile Latency (microseconds)": 69842,
  "Average Latency (microseconds)": 53299
 },
 "Throughput (requests/second)": 299.7663764128766
}
