{
 "scalefactor": "20",
 "Current Timestamp (milliseconds)": 1706676377813,
 "Benchmark Type": "tpcc",
 "isolation": "TRANSACTION_SERIALIZABLE",
 "DBMS Version": "5.7.44",
 "Goodput (requests/second)": 232.24994172848963,
 "terminals": "16",
 "DBMS Type": "MYSQL",
 "Latency Distribution": {
  "95th Percentile Latency (microseconds)": 205061,
  "Maximum Latency (microseconds)": 1535463,
  "Median Latency (microseconds)": 44669,
  "Minimum Latency (microseconds)": 505,
  "25th Percentile Latency (microseconds)": 18720,
  "90th Percentile Latency (microseconds)": 145409,
  "99th Percentile Latency (microseconds)": 445757,
  "75th Percentile Latency (microseconds)": 86096,
  "Average Latency (microseconds)": 68559
 },
 "Throughput (requests/second)": 233.19994149013468
}
