{
 "scalefactor": "20",
 "Current Timestamp (milliseconds)": 1706683032537,
 "Benchmark Type": "tpcc",
 "isolation": "TRANSACTION_SERIALIZABLE",
 "DBMS Version": "5.7.44",
 "Goodput (requests/second)": 403.34936479197535,
 "terminals": "16",
 "DBMS Type": "MYSQL",
 "Latency Distribution": {
  "95th Percentile Latency (microseconds)": 109367,
  "Maximum Latency (microseconds)": 376918,
  "Median Latency (microseconds)": 29669,
  "Minimum Latency (microseconds)": 565,
  "25th Percentile Latency (microseconds)": 12965,
  "90th Percentile Latency (microseconds)": 85204,
  "99th Percentile Latency (microseconds)": 171520,
  "75th Percentile Latency (microseconds)": 54862,
  "Average Latency (microseconds)": 39475
 },
 "Throughput (requests/second)": 405.0660287551824
}
