{
 "scalefactor": "20",
 "Current Timestamp (milliseconds)": 1706682712000,
 "Benchmark Type": "tpcc",
 "isolation": "TRANSACTION_SERIALIZABLE",
 "DBMS Version": "5.7.44",
 "Goodput (requests/second)": 408.6661725960751,
 "terminals": "16",
 "DBMS Type": "MYSQL",
 "Latency Distribution": {
  "95th Percentile Latency (microseconds)": 108113,
  "Maximum Latency (microseconds)": 457608,
  "Median Latency (microseconds)": 28083,
  "Minimum Latency (microseconds)": 573,
  "25th Percentile Latency (microseconds)": 14713,
  "90th Percentile Latency (microseconds)": 81491,
  "99th Percentile Latency (microseconds)": 193013,
  "75th Percentile Latency (microseconds)": 50648,
  "Average Latency (microseconds)": 38973
 },
 "Throughput (requests/second)": 410.39950383383984
}
