{
 "scalefactor": "20",
 "Current Timestamp (milliseconds)": 1706682547701,
 "Benchmark Type": "tpcc",
 "isolation": "TRANSACTION_SERIALIZABLE",
 "DBMS Version": "5.7.44",
 "Goodput (requests/second)": 402.21602997209845,
 "terminals": "16",
 "DBMS Type": "MYSQL",
 "Latency Distribution": {
  "95th Percentile Latency (microseconds)": 113127,
  "Maximum Latency (microseconds)": 478425,
  "Median Latency (microseconds)": 28288,
  "Minimum Latency (microseconds)": 524,
  "25th Percentile Latency (microseconds)": 14482,
  "90th Percentile Latency (microseconds)": 83605,
  "99th Percentile Latency (microseconds)": 196662,
  "75th Percentile Latency (microseconds)": 50526,
  "Average Latency (microseconds)": 39590
 },
 "Throughput (requests/second)": 403.6826943170843
}
