{
 "scalefactor": "20",
 "Current Timestamp (milliseconds)": 1706681529035,
 "Benchmark Type": "tpcc",
 "isolation": "TRANSACTION_SERIALIZABLE",
 "DBMS Version": "5.7.44",
 "Goodput (requests/second)": 428.6666162911948,
 "terminals": "16",
 "DBMS Type": "MYSQL",
 "Latency Distribution": {
  "95th Percentile Latency (microseconds)": 100247,
  "Maximum Latency (microseconds)": 381961,
  "Median Latency (microseconds)": 28548,
  "Minimum Latency (microseconds)": 463,
  "25th Percentile Latency (microseconds)": 13021,
  "90th Percentile Latency (microseconds)": 78372,
  "99th Percentile Latency (microseconds)": 161942,
  "75th Percentile Latency (microseconds)": 50200,
  "Average Latency (microseconds)": 37129
 },
 "Throughput (requests/second)": 430.2499494384601
}
