{
 "scalefactor": "20",
 "Current Timestamp (milliseconds)": 1706682629834,
 "Benchmark Type": "tpcc",
 "isolation": "TRANSACTION_SERIALIZABLE",
 "DBMS Version": "5.7.44",
 "Goodput (requests/second)": 407.28272752742834,
 "terminals": "16",
 "DBMS Type": "MYSQL",
 "Latency Distribution": {
  "95th Percentile Latency (microseconds)": 110413,
  "Maximum Latency (microseconds)": 540946,
  "Median Latency (microseconds)": 27985,
  "Minimum Latency (microseconds)": 563,
  "25th Percentile Latency (microseconds)": 14551,
  "90th Percentile Latency (microseconds)": 83548,
  "99th Percentile Latency (microseconds)": 183623,
  "75th Percentile Latency (microseconds)": 51115,
  "Average Latency (microseconds)": 39090
 },
 "Throughput (requests/second)": 408.7993919381578
}
