{
 "scalefactor": "20",
 "Current Timestamp (milliseconds)": 1706681608119,
 "Benchmark Type": "tpcc",
 "isolation": "TRANSACTION_SERIALIZABLE",
 "DBMS Version": "5.7.44",
 "Goodput (requests/second)": 413.8162549401838,
 "terminals": "16",
 "DBMS Type": "MYSQL",
 "Latency Distribution": {
  "95th Percentile Latency (microseconds)": 103047,
  "Maximum Latency (microseconds)": 379728,
  "Median Latency (microseconds)": 29680,
  "Minimum Latency (microseconds)": 512,
  "25th Percentile Latency (microseconds)": 13709,
  "90th Percentile Latency (microseconds)": 81587,
  "99th Percentile Latency (microseconds)": 155663,
  "75th Percentile Latency (microseconds)": 53183,
  "Average Latency (microseconds)": 38480
 },
 "Throughput (requests/second)": 415.58291984910727
}
