{
 "scalefactor": "20",
 "Current Timestamp (milliseconds)": 1706676225787,
 "Benchmark Type": "tpcc",
 "isolation": "TRANSACTION_SERIALIZABLE",
 "DBMS Version": "5.7.44",
 "Goodput (requests/second)": 288.7331081311334,
 "terminals": "16",
 "DBMS Type": "MYSQL",
 "Latency Distribution": {
  "95th Percentile Latency (microseconds)": 146989,
  "Maximum Latency (microseconds)": 455368,
  "Median Latency (microseconds)": 43321,
  "Minimum Latency (microseconds)": 547,
  "25th Percentile Latency (microseconds)": 18409,
  "90th Percentile Latency (microseconds)": 119442,
  "99th Percentile Latency (microseconds)": 212957,
  "75th Percentile Latency (microseconds)": 78811,
  "Average Latency (microseconds)": 55164
 },
 "Throughput (requests/second)": 289.7497740048346
}
