{
 "scalefactor": "20",
 "Current Timestamp (milliseconds)": 1706682072521,
 "Benchmark Type": "tpcc",
 "isolation": "TRANSACTION_SERIALIZABLE",
 "DBMS Version": "5.7.44",
 "Goodput (requests/second)": 307.29996862467317,
 "terminals": "16",
 "DBMS Type": "MYSQL",
 "Latency Distribution": {
  "95th Percentile Latency (microseconds)": 143444,
  "Maximum Latency (microseconds)": 452338,
  "Median Latency (microseconds)": 39138,
  "Minimum Latency (microseconds)": 535,
  "25th Percentile Latency (microseconds)": 16876,
  "90th Percentile Latency (microseconds)": 110941,
  "99th Percentile Latency (microseconds)": 215837,
  "75th Percentile Latency (microseconds)": 72381,
  "Average Latency (microseconds)": 51844
 },
 "Throughput (requests/second)": 308.3333018525032
}
