{
 "scalefactor": "20",
 "Current Timestamp (milliseconds)": 1706678216737,
 "Benchmark Type": "tpcc",
 "isolation": "TRANSACTION_SERIALIZABLE",
 "DBMS Version": "5.7.44",
 "Goodput (requests/second)": 113.08315815432832,
 "terminals": "16",
 "DBMS Type": "MYSQL",
 "Latency Distribution": {
  "95th Percentile Latency (microseconds)": 383090,
  "Maximum Latency (microseconds)": 1507969,
  "Median Latency (microseconds)": 105051,
  "Minimum Latency (microseconds)": 727,
  "25th Percentile Latency (microseconds)": 45953,
  "90th Percentile Latency (microseconds)": 307923,
  "99th Percentile Latency (microseconds)": 610917,
  "75th Percentile Latency (microseconds)": 195936,
  "Average Latency (microseconds)": 140736
 },
 "Throughput (requests/second)": 113.24982456280928
}
