{
 "scalefactor": "20",
 "Current Timestamp (milliseconds)": 1706682954462,
 "Benchmark Type": "tpcc",
 "isolation": "TRANSACTION_SERIALIZABLE",
 "DBMS Version": "5.7.44",
 "Goodput (requests/second)": 401.9998657253449,
 "terminals": "16",
 "DBMS Type": "MYSQL",
 "Latency Distribution": {
  "95th Percentile Latency (microseconds)": 109345,
  "Maximum Latency (microseconds)": 623187,
  "Median Latency (microseconds)": 29777,
  "Minimum Latency (microseconds)": 580,
  "25th Percentile Latency (microseconds)": 12976,
  "90th Percentile Latency (microseconds)": 85737,
  "99th Percentile Latency (microseconds)": 169772,
  "75th Percentile Latency (microseconds)": 54188,
  "Average Latency (microseconds)": 39630
 },
 "Throughput (requests/second)": 403.5665318687189
}
